Watching for file changes with StatReloader
[14/May/2026 11:09:46] "GET /players/552/?awards_page=2 HTTP/1.1" 200 196090
[14/May/2026 11:09:46] "GET /static/game/images/icons/injury.png HTTP/1.1" 304 0
[14/May/2026 11:09:46] "GET /static/game/images/trophies/player-of-the-season-original.png HTTP/1.1" 304 0
[14/May/2026 11:10:11] "GET /players/552/?awards_page=1 HTTP/1.1" 200 196116
[14/May/2026 11:10:11] "GET /static/game/images/trophies/1301397.png HTTP/1.1" 200 72537
[14/May/2026 11:10:11] "GET /static/game/images/trophies/22.png HTTP/1.1" 200 157699
[14/May/2026 11:10:11] "GET /static/game/images/trophies/1301394.png HTTP/1.1" 200 88300
[14/May/2026 11:10:11] "GET /static/game/images/trophies/1301410.png HTTP/1.1" 200 78266
[14/May/2026 11:10:13] "GET /players/552/?awards_page=2 HTTP/1.1" 200 196090
[14/May/2026 11:10:15] "GET /players/552/?awards_page=1 HTTP/1.1" 200 196116
[14/May/2026 11:10:41] "GET /players/552/?awards_page=1 HTTP/1.1" 200 196116
[14/May/2026 11:11:10] "GET /players/552/?awards_page=2 HTTP/1.1" 200 196090
[14/May/2026 11:11:10,315] - Broken pipe from ('127.0.0.1', 56325)
[14/May/2026 11:12:33] "GET /players/552/?awards_page=2 HTTP/1.1" 200 196090
[14/May/2026 11:12:34] "GET /static/game/images/icons/stat-goals.svg HTTP/1.1" 304 0
[14/May/2026 11:12:34] "GET /static/game/images/icons/stat-assists.svg HTTP/1.1" 304 0
[14/May/2026 11:12:34] "GET /static/game/images/icons/trophy-heading.png HTTP/1.1" 304 0
[14/May/2026 11:12:34] "GET /static/game/images/icons/trophy-total.png HTTP/1.1" 304 0
[14/May/2026 11:12:34] "GET /static/game/images/trophies/torjagerkanone-original.png HTTP/1.1" 304 0
[14/May/2026 11:12:34] "GET /static/game/images/icons/injury.png HTTP/1.1" 200 1325171
[14/May/2026 11:12:34] "GET /static/game/images/icons/player-ui-icons.svg HTTP/1.1" 304 0
[14/May/2026 11:12:34] "GET /static/game/images/backgrounds/spielfeld.png HTTP/1.1" 304 0
[14/May/2026 11:12:34] "GET /static/game/images/backgrounds/trophy-stage.png HTTP/1.1" 304 0
[14/May/2026 11:18:21] "GET /players/552/?awards_page=2 HTTP/1.1" 200 196203
[14/May/2026 11:18:21] "GET /static/game/images/icons/injury.png HTTP/1.1" 304 0
[14/May/2026 11:21:22] "GET /players/552/?awards_page=2 HTTP/1.1" 200 196504
[14/May/2026 11:21:23] "GET /static/game/images/trophies/player-of-the-season-original.png HTTP/1.1" 200 1266013
[14/May/2026 11:28:32] "GET /players/552/?awards_page=2 HTTP/1.1" 200 196504
[14/May/2026 11:28:32] "GET /static/game/images/icons/injury.png HTTP/1.1" 304 0
[14/May/2026 11:28:32] "GET /static/game/images/trophies/podium-trophy.png HTTP/1.1" 304 0
[14/May/2026 11:28:32] "GET /static/game/images/trophies/player-of-the-season-original.png HTTP/1.1" 200 1162108
[14/May/2026 11:28:32] "GET /static/game/images/backgrounds/player-profile-stadium-atmosphere.svg HTTP/1.1" 304 0
[14/May/2026 11:45:32] "GET /players/552/?awards_page=2 HTTP/1.1" 200 197246
[14/May/2026 11:45:32,352] - Broken pipe from ('127.0.0.1', 60116)
[14/May/2026 11:48:13] "GET /players/552/?awards_page=2&v=suspension-icon HTTP/1.1" 200 197246
[14/May/2026 11:48:13] "GET /static/game/images/icons/suspension-cards.svg HTTP/1.1" 200 1334
[14/May/2026 11:48:13] "GET /static/game/images/icons/injury.png HTTP/1.1" 304 0
[14/May/2026 11:48:13] "GET /static/game/images/trophies/player-of-the-season-original.png HTTP/1.1" 304 0
[14/May/2026 16:07:15] "GET /players/552/?awards_page=1 HTTP/1.1" 200 197272
[14/May/2026 16:07:15] "GET /static/game/images/players/28049320.png HTTP/1.1" 304 0
[14/May/2026 16:07:15] "GET /static/game/images/icons/stat-goals.svg HTTP/1.1" 304 0
[14/May/2026 16:07:15] "GET /static/game/images/icons/stat-assists.svg HTTP/1.1" 304 0
[14/May/2026 16:07:15] "GET /static/game/images/backgrounds/player-profile-stadium-atmosphere.svg HTTP/1.1" 304 0
[14/May/2026 16:07:15] "GET /static/game/images/backgrounds/spielfeld.png HTTP/1.1" 304 0
[14/May/2026 16:07:15] "GET /static/game/images/icons/trophy-heading.png HTTP/1.1" 304 0
[14/May/2026 16:07:15] "GET /static/game/images/backgrounds/trophy-stage.png HTTP/1.1" 304 0
[14/May/2026 16:07:15] "GET /static/game/images/icons/suspension-cards.svg HTTP/1.1" 200 1334
[14/May/2026 16:07:15] "GET /static/game/images/icons/trophy-total.png HTTP/1.1" 304 0
[14/May/2026 16:07:15] "GET /static/game/images/icons/injury.png HTTP/1.1" 304 0
[14/May/2026 16:07:15] "GET /static/game/images/trophies/podium-trophy.png HTTP/1.1" 304 0
[14/May/2026 16:07:15] "GET /static/game/images/icons/player-ui-icons.svg HTTP/1.1" 304 0
[14/May/2026 16:48:33] "GET /players/552/?awards_page=1 HTTP/1.1" 200 197272
[14/May/2026 16:48:33] "GET /static/game/images/brand/matchengine-logo-128.png HTTP/1.1" 304 0
[14/May/2026 16:48:33] "GET /static/game/images/icons/sidebar/uebersicht.svg HTTP/1.1" 304 0
[14/May/2026 16:48:33] "GET /static/game/images/icons/sidebar/kader.svg HTTP/1.1" 304 0
[14/May/2026 16:48:33] "GET /static/game/images/icons/sidebar/training.svg HTTP/1.1" 304 0
[14/May/2026 16:48:33] "GET /static/game/images/icons/sidebar/taktik.svg HTTP/1.1" 304 0
[14/May/2026 16:48:33] "GET /static/game/images/icons/sidebar/scouting.svg HTTP/1.1" 304 0
[14/May/2026 16:48:33] "GET /static/game/images/icons/sidebar/verein.svg HTTP/1.1" 304 0
[14/May/2026 16:48:33] "GET /static/game/images/icons/sidebar/finanzen.svg HTTP/1.1" 304 0
[14/May/2026 16:48:33] "GET /static/game/images/icons/sidebar/mitarbeiter.svg HTTP/1.1" 304 0
[14/May/2026 16:48:33] "GET /static/game/images/icons/sidebar/transfers.svg HTTP/1.1" 304 0
[14/May/2026 16:48:33] "GET /static/game/images/icons/suspension-cards.svg HTTP/1.1" 304 0
[14/May/2026 16:48:33] "GET /static/game/images/icons/injury.png HTTP/1.1" 304 0
[14/May/2026 16:48:33] "GET /static/game/images/icons/sidebar/jugend.svg HTTP/1.1" 304 0
[14/May/2026 16:48:33] "GET /static/game/images/icons/sidebar/posteingang.svg HTTP/1.1" 304 0
[14/May/2026 16:48:33] "GET /static/game/images/icons/sidebar/wettbewerbe.svg HTTP/1.1" 304 0
[14/May/2026 16:48:33] "GET /static/game/images/icons/sidebar/einstellungen.svg HTTP/1.1" 304 0
[14/May/2026 16:48:33] "GET /static/game/images/brand/favicon-32.png HTTP/1.1" 304 0
[14/May/2026 16:48:36] "GET /players/552/?awards_page=2 HTTP/1.1" 200 197246
[14/May/2026 16:48:36] "GET /static/game/images/trophies/100.png HTTP/1.1" 200 74206
[14/May/2026 16:48:36] "GET /static/game/images/trophies/player-of-the-season-original.png HTTP/1.1" 200 1162108
[14/May/2026 16:48:36] "GET /static/game/images/trophies/torjagerkanone-original.png HTTP/1.1" 200 2685554
[14/May/2026 16:54:17] "GET / HTTP/1.1" 200 173506
[14/May/2026 17:07:12] "GET / HTTP/1.1" 200 173506
[14/May/2026 17:07:13] "GET / HTTP/1.1" 200 173506
[14/May/2026 17:07:13] "GET /players/552?awards_page=1 HTTP/1.1" 301 0
[14/May/2026 17:07:13] "GET /players/552?awards_page=2 HTTP/1.1" 301 0
[14/May/2026 17:07:13] "GET /players/552 HTTP/1.1" 301 0
[14/May/2026 17:07:13,741] - Broken pipe from ('127.0.0.1', 55764)
[14/May/2026 17:07:13] "GET /players/552/?awards_page=2 HTTP/1.1" 200 197246
[14/May/2026 17:07:13] "GET /players/552/ HTTP/1.1" 200 197272
[14/May/2026 17:07:13] "GET /players/552/?awards_page=1 HTTP/1.1" 200 197272
[14/May/2026 17:07:16] "GET / HTTP/1.1" 200 173506
[14/May/2026 17:07:16] "GET /static/game/images/brand/matchengine-logo-128.png HTTP/1.1" 304 0
[14/May/2026 17:07:16] "GET /static/game/images/icons/sidebar/uebersicht.svg HTTP/1.1" 304 0
[14/May/2026 17:07:17] "GET /static/game/images/icons/sidebar/taktik.svg HTTP/1.1" 304 0
[14/May/2026 17:07:17] "GET /static/game/images/icons/sidebar/kader.svg HTTP/1.1" 304 0
[14/May/2026 17:07:17] "GET /static/game/images/icons/sidebar/training.svg HTTP/1.1" 304 0
[14/May/2026 17:07:17] "GET /static/game/images/icons/sidebar/scouting.svg HTTP/1.1" 304 0
[14/May/2026 17:07:17] "GET /static/game/images/icons/sidebar/transfers.svg HTTP/1.1" 304 0
[14/May/2026 17:07:17] "GET /static/game/images/icons/sidebar/jugend.svg HTTP/1.1" 304 0
[14/May/2026 17:07:17] "GET /static/game/images/icons/sidebar/finanzen.svg HTTP/1.1" 304 0
[14/May/2026 17:07:17] "GET /static/game/images/icons/sidebar/verein.svg HTTP/1.1" 304 0
[14/May/2026 17:07:17] "GET /static/game/images/icons/sidebar/mitarbeiter.svg HTTP/1.1" 304 0
[14/May/2026 17:07:17] "GET /static/game/images/icons/sidebar/wettbewerbe.svg HTTP/1.1" 304 0
[14/May/2026 17:07:17] "GET /static/game/images/icons/sidebar/posteingang.svg HTTP/1.1" 304 0
[14/May/2026 17:07:17] "GET /static/game/images/players/29221846.svg HTTP/1.1" 304 0
[14/May/2026 17:07:17] "GET /static/game/images/icons/sidebar/einstellungen.svg HTTP/1.1" 304 0
[14/May/2026 17:07:17] "GET /static/game/images/players/28124579.svg HTTP/1.1" 304 0
[14/May/2026 17:07:17] "GET /static/game/images/players/2000171034.svg HTTP/1.1" 304 0
[14/May/2026 17:07:17] "GET /static/game/images/players/76049803.svg HTTP/1.1" 304 0
[14/May/2026 17:07:20] "GET /clubs/3/ HTTP/1.1" 200 241911
[14/May/2026 17:07:20] "GET /static/game/images/players/92039023.svg HTTP/1.1" 304 0
[14/May/2026 17:07:20] "GET /static/game/images/players/28049320.png HTTP/1.1" 304 0
[14/May/2026 17:07:20] "GET /static/game/images/players/16182894.svg HTTP/1.1" 304 0
[14/May/2026 17:07:20] "GET /static/game/images/players/91119700.svg HTTP/1.1" 304 0
[14/May/2026 17:07:20] "GET /static/game/images/players/20041862.svg HTTP/1.1" 304 0
[14/May/2026 17:07:20] "GET /static/game/images/players/92088306.svg HTTP/1.1" 304 0
[14/May/2026 17:07:20] "GET /static/game/images/players/16279486.svg HTTP/1.1" 304 0
[14/May/2026 17:07:20] "GET /static/game/images/players/28113827.svg HTTP/1.1" 304 0
[14/May/2026 17:07:20] "GET /static/game/images/kits/915_home.svg HTTP/1.1" 304 0
[14/May/2026 17:07:20] "GET /static/game/images/kits/915_away.svg HTTP/1.1" 304 0
[14/May/2026 17:07:20] "GET /static/game/images/flags/771.svg HTTP/1.1" 304 0
[14/May/2026 17:07:20] "GET /static/game/images/flags/802.svg HTTP/1.1" 304 0
[14/May/2026 17:07:20] "GET /static/game/images/kits/915_third.svg HTTP/1.1" 304 0
[14/May/2026 17:07:20] "GET /static/game/images/flags/788.svg HTTP/1.1" 304 0
[14/May/2026 17:07:20] "GET /static/game/images/players/45109024.svg HTTP/1.1" 304 0
[14/May/2026 17:07:20] "GET /static/game/images/players/2000262633.svg HTTP/1.1" 304 0
[14/May/2026 17:07:20] "GET /static/game/images/flags/135.svg HTTP/1.1" 304 0
[14/May/2026 17:07:20] "GET /static/game/images/flags/116.svg HTTP/1.1" 304 0
[14/May/2026 17:07:20] "GET /static/game/images/players/89063073.svg HTTP/1.1" 304 0
[14/May/2026 17:07:20] "GET /static/game/images/flags/24.svg HTTP/1.1" 304 0
[14/May/2026 17:07:20] "GET /static/game/images/flags/1653.svg HTTP/1.1" 304 0
[14/May/2026 17:07:20] "GET /static/game/images/flags/23.svg HTTP/1.1" 304 0
[14/May/2026 17:07:20] "GET /static/game/images/flags/769.svg HTTP/1.1" 304 0
[14/May/2026 17:07:20] "GET /static/game/images/players/85045409.svg HTTP/1.1" 304 0
[14/May/2026 17:07:20] "GET /static/game/images/flags/364.svg HTTP/1.1" 304 0
[14/May/2026 17:07:20] "GET /static/game/images/flags/27.svg HTTP/1.1" 304 0
[14/May/2026 17:07:20] "GET /static/game/images/players/2000375662.svg HTTP/1.1" 304 0
[14/May/2026 17:07:20] "GET /static/game/images/players/16147659.svg HTTP/1.1" 304 0
[14/May/2026 17:07:20] "GET /static/game/images/flags/761.svg HTTP/1.1" 304 0
[14/May/2026 17:07:20] "GET /static/game/images/flags/755.svg HTTP/1.1" 304 0
[14/May/2026 17:07:20] "GET /static/game/images/players/91190673.svg HTTP/1.1" 304 0
[14/May/2026 17:07:20] "GET /static/game/images/players/28066083.svg HTTP/1.1" 304 0
[14/May/2026 17:07:20] "GET /static/game/images/players/12087972.svg HTTP/1.1" 304 0
[14/May/2026 17:07:20] "GET /static/game/images/flags/41.svg HTTP/1.1" 304 0
[14/May/2026 17:07:20] "GET /static/game/images/flags/20.svg HTTP/1.1" 304 0
[14/May/2026 17:07:20] "GET /static/game/images/players/8718372.svg HTTP/1.1" 304 0
[14/May/2026 17:07:20] "GET /static/game/images/players/2000259380.svg HTTP/1.1" 304 0
[14/May/2026 17:07:20] "GET /static/game/images/players/35008097.svg HTTP/1.1" 304 0
[14/May/2026 17:07:20] "GET /static/game/images/players/2000147056.svg HTTP/1.1" 304 0
[14/May/2026 17:07:20] "GET /static/game/images/players/91207698.svg HTTP/1.1" 304 0
[14/May/2026 17:07:20] "GET /static/game/images/players/91104807.svg HTTP/1.1" 304 0
[14/May/2026 17:07:20] "GET /static/game/images/default_player.svg HTTP/1.1" 304 0
[14/May/2026 17:07:29] "GET /players/552/ HTTP/1.1" 200 197272
[14/May/2026 17:07:30] "GET /static/game/images/icons/stat-goals.svg HTTP/1.1" 304 0
[14/May/2026 17:07:30] "GET /static/game/images/icons/stat-assists.svg HTTP/1.1" 304 0
[14/May/2026 17:07:30] "GET /static/game/images/icons/suspension-cards.svg HTTP/1.1" 304 0
[14/May/2026 17:07:30] "GET /static/game/images/icons/trophy-heading.png HTTP/1.1" 304 0
[14/May/2026 17:07:30] "GET /static/game/images/icons/injury.png HTTP/1.1" 304 0
[14/May/2026 17:07:30] "GET /static/game/images/icons/trophy-total.png HTTP/1.1" 304 0
[14/May/2026 17:07:30] "GET /static/game/images/trophies/podium-trophy.png HTTP/1.1" 304 0
[14/May/2026 17:07:30] "GET /static/game/images/icons/player-ui-icons.svg HTTP/1.1" 304 0
[14/May/2026 17:07:30] "GET /static/game/images/backgrounds/player-profile-stadium-atmosphere.svg HTTP/1.1" 304 0
[14/May/2026 17:07:30] "GET /static/game/images/backgrounds/spielfeld.png HTTP/1.1" 304 0
[14/May/2026 17:07:30] "GET /static/game/images/backgrounds/trophy-stage.png HTTP/1.1" 304 0
[14/May/2026 17:12:21] "GET /players/552/?awards_page=2 HTTP/1.1" 200 197246
[14/May/2026 17:12:21] "GET /static/game/images/trophies/player-of-the-season-original.png HTTP/1.1" 304 0
[14/May/2026 17:12:21] "GET /static/game/images/trophies/torjagerkanone-original.png HTTP/1.1" 304 0
[14/May/2026 17:14:58] "GET /players/552/?awards_page=2 HTTP/1.1" 200 197246
[14/May/2026 17:19:23] "GET /players/552/?awards_page=2 HTTP/1.1" 200 197246
[14/May/2026 17:19:23] "GET /static/game/images/flags/765.svg HTTP/1.1" 304 0
[14/May/2026 17:19:23] "GET /static/game/images/flags/789.svg HTTP/1.1" 304 0
[14/May/2026 17:23:55] "GET /players/552/?awards_page=2 HTTP/1.1" 200 197246
[14/May/2026 17:23:55] "GET /static/game/images/flags/765.svg HTTP/1.1" 304 0
[14/May/2026 17:23:55] "GET /static/game/images/icons/suspension-cards.svg HTTP/1.1" 304 0
[14/May/2026 17:23:55] "GET /static/game/images/flags/789.svg HTTP/1.1" 304 0
[14/May/2026 17:23:55] "GET /static/game/images/trophies/player-of-the-season-original.png HTTP/1.1" 200 1322631
C:\Users\mashu\Documents\Codex\Websoccer\Websoccer\game\views.py changed, reloading.
Watching for file changes with StatReloader
[14/May/2026 17:30:22] "GET /players/552/?awards_page=2 HTTP/1.1" 200 197285
[14/May/2026 17:30:22] "GET /static/game/images/trophies/torjagerkanone-original.png?v=1778712133 HTTP/1.1" 200 2685554
[14/May/2026 17:30:22] "GET /static/game/images/trophies/player-of-the-season-original.png?v=1778771694 HTTP/1.1" 200 1322631
[14/May/2026 17:30:22] "GET /static/game/images/trophies/100.png?v=1767377826 HTTP/1.1" 200 74206
[14/May/2026 17:32:18] "GET /players/552/?awards_page=2 HTTP/1.1" 200 197285
[14/May/2026 17:32:18,445] - Broken pipe from ('127.0.0.1', 58724)
[14/May/2026 17:35:31] "GET /players/552/?awards_page=2&asset_reload=1778771694 HTTP/1.1" 200 197285
[14/May/2026 17:35:31] "GET /static/game/images/trophies/player-of-the-season-original.png?v=1778771694 HTTP/1.1" 304 0
[14/May/2026 17:39:26] "GET /players/552/?awards_page=2 HTTP/1.1" 200 197285
[14/May/2026 17:39:26,160] - Broken pipe from ('127.0.0.1', 54615)
[14/May/2026 17:41:04] "GET /players/552/?awards_page=2 HTTP/1.1" 200 197285
[14/May/2026 17:41:04] "GET /static/game/images/icons/stat-goals.svg HTTP/1.1" 304 0
[14/May/2026 17:41:04] "GET /static/game/images/icons/stat-assists.svg HTTP/1.1" 304 0
[14/May/2026 17:41:04] "GET /static/game/images/icons/injury.png HTTP/1.1" 304 0
[14/May/2026 17:41:04] "GET /static/game/images/trophies/podium-trophy.png HTTP/1.1" 304 0
[14/May/2026 17:41:04] "GET /static/game/images/trophies/100.png?v=1767377826 HTTP/1.1" 200 74206
[14/May/2026 17:41:04] "GET /static/game/images/trophies/player-of-the-season-original.png?v=1778773076 HTTP/1.1" 200 626291
[14/May/2026 17:41:04] "GET /static/game/images/trophies/torjagerkanone-original.png?v=1778712133 HTTP/1.1" 200 2685554
[14/May/2026 17:41:20] "GET /players/552/?awards_page=2&asset_reload=1778773076 HTTP/1.1" 200 197285
[14/May/2026 17:41:20] "GET /static/game/images/trophies/player-of-the-season-original.png?v=1778773076 HTTP/1.1" 200 626291
[14/May/2026 17:41:20] "GET /static/game/images/icons/suspension-cards.svg HTTP/1.1" 304 0
[14/May/2026 17:42:29] "GET /players/552/?awards_page=2 HTTP/1.1" 200 197285
[14/May/2026 17:42:29] "GET /static/game/images/trophies/player-of-the-season-original.png?v=1778773076 HTTP/1.1" 304 0
[14/May/2026 17:42:29] "GET /static/game/images/icons/player-ui-icons.svg HTTP/1.1" 304 0
[14/May/2026 17:43:00] "GET /players/552/?awards_page=2 HTTP/1.1" 200 197285
[14/May/2026 17:43:00] "GET /static/game/images/trophies/player-of-the-season-original.png?v=1778773076 HTTP/1.1" 304 0
[14/May/2026 17:57:52] "GET /players/552/?awards_page=2 HTTP/1.1" 200 197285
[14/May/2026 17:57:53,066] - Broken pipe from ('127.0.0.1', 58273)
[14/May/2026 17:57:55] "GET /players/552/?awards_page=2 HTTP/1.1" 200 197285
[14/May/2026 17:57:55] "GET /static/game/images/icons/trophy-heading.png HTTP/1.1" 304 0
[14/May/2026 17:57:55] "GET /static/game/images/icons/trophy-total.png HTTP/1.1" 304 0
[14/May/2026 17:57:55] "GET /static/game/images/trophies/player-of-the-season-original.png?v=1778773860 HTTP/1.1" 200 1120267
[14/May/2026 17:58:31] "GET /players/552/?awards_page=1 HTTP/1.1" 200 197324
[14/May/2026 17:58:31] "GET /static/game/images/trophies/1301397.png?v=1767377822 HTTP/1.1" 200 72537
[14/May/2026 17:58:31] "GET /static/game/images/trophies/1301410.png?v=1767377822 HTTP/1.1" 200 78266
[14/May/2026 17:58:31] "GET /static/game/images/trophies/1301394.png?v=1767377828 HTTP/1.1" 200 88300
[14/May/2026 17:58:31] "GET /static/game/images/trophies/22.png?v=1767377822 HTTP/1.1" 200 157699
[14/May/2026 17:58:35] "GET /players/552/?awards_page=2 HTTP/1.1" 200 197285
[14/May/2026 17:58:35] "GET /static/game/images/icons/suspension-cards.svg HTTP/1.1" 304 0
[14/May/2026 17:59:54] "GET /players/552/?awards_page=2&asset_reload=1778773860 HTTP/1.1" 200 197285
[14/May/2026 17:59:54] "GET /static/game/images/trophies/player-of-the-season-original.png?v=1778773860 HTTP/1.1" 200 1120267
[14/May/2026 17:59:54] "GET /static/game/images/icons/injury.png HTTP/1.1" 304 0
[14/May/2026 18:01:40] "GET /players/552/?awards_page=2 HTTP/1.1" 200 197285
[14/May/2026 18:01:40] "GET /static/game/images/trophies/player-of-the-season-original.png?v=1778773860 HTTP/1.1" 304 0
[14/May/2026 18:01:40] "GET /static/game/images/backgrounds/spielfeld.png HTTP/1.1" 304 0
[14/May/2026 18:01:40] "GET /static/game/images/backgrounds/trophy-stage.png HTTP/1.1" 304 0
[14/May/2026 18:12:34] "GET /players/552/?awards_page=2 HTTP/1.1" 200 197285
[14/May/2026 18:12:34,902] - Broken pipe from ('127.0.0.1', 55094)
[14/May/2026 18:21:51] "GET /players/552/?awards_page=2 HTTP/1.1" 200 197285
[14/May/2026 18:21:51] "GET /static/game/images/backgrounds/player-profile-stadium-atmosphere.svg HTTP/1.1" 304 0
[14/May/2026 18:21:51] "GET /static/game/images/trophies/player-of-the-season-original.png?v=1778775429 HTTP/1.1" 200 1227407
[14/May/2026 18:21:55] "GET /players/552/?awards_page=2&asset_reload=1778773860 HTTP/1.1" 200 197285
[14/May/2026 18:34:08] "GET /players/552/?awards_page=2 HTTP/1.1" 200 197562
[14/May/2026 18:34:08] "GET /static/game/images/trophies/player-of-the-season-original.png?v=1778775429 HTTP/1.1" 304 0
[14/May/2026 18:34:08] "GET /static/game/images/icons/injury.png HTTP/1.1" 304 0
[14/May/2026 18:38:17] "GET /players/552/?awards_page=2&asset_reload=1778773860 HTTP/1.1" 200 197562
[14/May/2026 18:38:17] "GET /static/game/images/icons/suspension-cards.svg HTTP/1.1" 304 0
[14/May/2026 18:38:17] "GET /static/game/images/trophies/player-of-the-season-original.png?v=1778775429 HTTP/1.1" 200 1227407
[14/May/2026 18:38:17] "GET /static/game/images/trophies/podium-trophy.png HTTP/1.1" 304 0
[14/May/2026 18:39:00] "GET /players/552/?awards_page=2 HTTP/1.1" 200 197562
[14/May/2026 18:39:00] "GET /static/game/images/icons/suspension-cards.svg HTTP/1.1" 304 0
[14/May/2026 18:39:00] "GET /static/game/images/trophies/player-of-the-season-original.png?v=1778775429 HTTP/1.1" 304 0
[14/May/2026 18:39:55] "GET /players/552/?awards_page=2&asset_reload=1778773860 HTTP/1.1" 200 197562
[14/May/2026 18:41:03] "GET /players/552/?awards_page=2 HTTP/1.1" 200 197562
[14/May/2026 18:59:12] "GET /players/552/?awards_page=2 HTTP/1.1" 200 197562
[14/May/2026 18:59:12] "GET /static/game/images/trophies/player-of-the-season-original.png?v=1778775429 HTTP/1.1" 304 0
[14/May/2026 19:11:16] "GET /players/552/?awards_page=2 HTTP/1.1" 200 185826
[14/May/2026 19:11:16] "GET /static/game/css/trophy-cabinet.css HTTP/1.1" 200 9304
[14/May/2026 19:11:16] "GET /static/game/images/trophies/podium-trophy.png HTTP/1.1" 304 0
[14/May/2026 19:11:16] "GET /static/game/images/trophies/player-of-the-season-original.png?v=1778775429 HTTP/1.1" 304 0
[14/May/2026 19:15:20] "GET /players/552/?awards_page=2&css_split=1 HTTP/1.1" 200 185826
[14/May/2026 19:15:20] "GET /static/game/css/trophy-cabinet.css HTTP/1.1" 200 9304
[14/May/2026 19:15:20] "GET /static/game/images/icons/trophy-total.png HTTP/1.1" 304 0
[14/May/2026 19:15:20] "GET /static/game/images/icons/stat-goals.svg HTTP/1.1" 304 0
[14/May/2026 19:15:20] "GET /static/game/images/icons/stat-assists.svg HTTP/1.1" 304 0
[14/May/2026 19:15:20] "GET /static/game/images/icons/injury.png HTTP/1.1" 304 0
[14/May/2026 19:15:20] "GET /static/game/images/backgrounds/spielfeld.png HTTP/1.1" 304 0
[14/May/2026 19:15:20] "GET /static/game/images/icons/trophy-heading.png HTTP/1.1" 304 0
[14/May/2026 19:15:20] "GET /static/game/images/trophies/player-of-the-season-original.png?v=1778775429 HTTP/1.1" 304 0
[14/May/2026 19:15:20] "GET /static/game/images/backgrounds/trophy-stage.png HTTP/1.1" 304 0
[14/May/2026 19:15:20] "GET /static/game/images/trophies/torjagerkanone-original.png?v=1778712133 HTTP/1.1" 304 0
[14/May/2026 19:15:20] "GET /static/game/images/icons/player-ui-icons.svg HTTP/1.1" 304 0
[14/May/2026 19:22:46] "GET /players/552/?awards_page=2 HTTP/1.1" 200 185826
[14/May/2026 19:22:46] "GET /static/game/images/players/28049320.png HTTP/1.1" 304 0
[14/May/2026 19:22:46] "GET /static/game/css/trophy-cabinet.css HTTP/1.1" 304 0
[14/May/2026 19:22:46] "GET /static/game/images/icons/injury.png HTTP/1.1" 304 0
[14/May/2026 19:22:46] "GET /static/game/images/icons/suspension-cards.svg HTTP/1.1" 304 0
[14/May/2026 19:22:46] "GET /static/game/images/trophies/player-of-the-season-original.png?v=1778775429 HTTP/1.1" 304 0
[14/May/2026 19:27:17] "GET /players/552/?awards_page=2 HTTP/1.1" 200 185826
[14/May/2026 19:27:17] "GET /static/game/images/icons/player-ui-icons.svg HTTP/1.1" 304 0
[14/May/2026 19:27:17] "GET /static/game/css/trophy-cabinet.css HTTP/1.1" 304 0
[14/May/2026 19:27:17] "GET /static/game/images/icons/stat-goals.svg HTTP/1.1" 304 0
[14/May/2026 19:27:17] "GET /static/game/images/trophies/torjagerkanone-original.png?v=1778712133 HTTP/1.1" 304 0
[14/May/2026 19:27:17] "GET /static/game/images/icons/stat-assists.svg HTTP/1.1" 304 0
[14/May/2026 19:50:28] "GET /players/552/?awards_page=2&css_split=2 HTTP/1.1" 200 95820
[14/May/2026 19:50:28] "GET /static/game/css/player-profile.css HTTP/1.1" 200 36757
[14/May/2026 19:50:28] "GET /static/game/css/trophy-cabinet.css HTTP/1.1" 304 0
[14/May/2026 19:50:28] "GET /static/game/images/trophies/player-of-the-season-original.png?v=1778775429 HTTP/1.1" 304 0
[14/May/2026 19:50:28] "GET /static/game/images/backgrounds/player-profile-stadium-atmosphere.svg HTTP/1.1" 304 0
[14/May/2026 19:50:28] "GET /static/game/images/icons/suspension-cards.svg HTTP/1.1" 304 0
[14/May/2026 19:52:02] "GET /players/552/?css_split=2 HTTP/1.1" 200 95859
[14/May/2026 19:52:02] "GET /static/game/css/player-profile.css HTTP/1.1" 304 0
[14/May/2026 19:52:02] "GET /static/game/images/trophies/1301394.png?v=1767377828 HTTP/1.1" 200 88300
[14/May/2026 19:52:02] "GET /static/game/images/trophies/22.png?v=1767377822 HTTP/1.1" 200 157699
[14/May/2026 19:52:02] "GET /static/game/images/trophies/1301410.png?v=1767377822 HTTP/1.1" 200 78266
[14/May/2026 19:52:02] "GET /static/game/images/trophies/1301397.png?v=1767377822 HTTP/1.1" 200 72537
[14/May/2026 20:04:29] "GET /players/552/?awards_page=2&css_split=3 HTTP/1.1" 200 82450
[14/May/2026 20:04:29] "GET /static/game/css/player-profile.css HTTP/1.1" 304 0
[14/May/2026 20:04:29] "GET /static/game/css/trophy-cabinet.css HTTP/1.1" 304 0
[14/May/2026 20:04:29] "GET /static/game/images/trophies/player-of-the-season-original.png?v=1778775429 HTTP/1.1" 304 0
[14/May/2026 20:08:59] "GET /players/552/?awards_page=2 HTTP/1.1" 200 82450
[14/May/2026 20:08:59] "GET /static/game/images/icons/trophy-heading.png HTTP/1.1" 304 0
[14/May/2026 20:08:59] "GET /static/game/css/trophy-cabinet.css HTTP/1.1" 304 0
[14/May/2026 20:08:59] "GET /static/game/images/icons/trophy-total.png HTTP/1.1" 304 0
[14/May/2026 20:08:59] "GET /static/game/images/trophies/player-of-the-season-original.png?v=1778775429 HTTP/1.1" 304 0
[14/May/2026 20:08:59] "GET /static/game/css/player-profile.css HTTP/1.1" 200 36757
[14/May/2026 20:08:59] "GET /static/game/images/backgrounds/spielfeld.png HTTP/1.1" 304 0
[14/May/2026 20:08:59] "GET /static/game/images/backgrounds/trophy-stage.png HTTP/1.1" 304 0
[14/May/2026 20:14:19] "GET /players/552/?awards_page=2&css_split=3 HTTP/1.1" 200 82450
[14/May/2026 20:14:19] "GET /static/game/css/player-profile.css HTTP/1.1" 304 0
[14/May/2026 20:14:19] "GET /static/game/css/trophy-cabinet.css HTTP/1.1" 304 0
[14/May/2026 20:14:19] "GET /static/game/images/icons/injury.png HTTP/1.1" 304 0
[14/May/2026 20:14:19] "GET /static/game/images/trophies/podium-trophy.png HTTP/1.1" 304 0
[14/May/2026 20:40:07] "GET /?css_split=global HTTP/1.1" 200 16663
[14/May/2026 20:40:07] "GET /static/game/css/global-dashboard.css HTTP/1.1" 200 42806
[14/May/2026 20:41:28] "GET /players/552/?css_split=global HTTP/1.1" 200 40619
[14/May/2026 20:41:28] "GET /static/game/css/global-dashboard.css HTTP/1.1" 304 0
[14/May/2026 20:41:28] "GET /static/game/css/player-profile.css HTTP/1.1" 304 0
[14/May/2026 20:41:28] "GET /static/game/css/trophy-cabinet.css HTTP/1.1" 304 0
[14/May/2026 20:41:28] "GET /static/game/images/players/28049320.png HTTP/1.1" 304 0
[14/May/2026 20:41:28] "GET /static/game/images/icons/suspension-cards.svg HTTP/1.1" 304 0
[14/May/2026 20:43:16] "GET /players/552/?awards_page=2 HTTP/1.1" 200 40580
[14/May/2026 20:43:16] "GET /static/game/css/player-profile.css HTTP/1.1" 304 0
[14/May/2026 20:43:16] "GET /static/game/css/trophy-cabinet.css HTTP/1.1" 304 0
[14/May/2026 20:43:16] "GET /static/game/css/global-dashboard.css HTTP/1.1" 200 42806
[14/May/2026 20:43:16] "GET /static/game/images/icons/injury.png HTTP/1.1" 304 0
[14/May/2026 20:43:16] "GET /static/game/images/icons/suspension-cards.svg HTTP/1.1" 304 0
[14/May/2026 20:43:16] "GET /static/game/images/trophies/player-of-the-season-original.png?v=1778775429 HTTP/1.1" 304 0
[14/May/2026 20:49:12] "GET /players/552/?awards_page=2 HTTP/1.1" 200 40580
[14/May/2026 20:49:12] "GET /static/game/css/global-dashboard.css HTTP/1.1" 304 0
[14/May/2026 20:49:12] "GET /static/game/css/player-profile.css HTTP/1.1" 304 0
[14/May/2026 20:49:12] "GET /static/game/images/backgrounds/player-profile-stadium-atmosphere.svg HTTP/1.1" 304 0
[14/May/2026 21:06:27] "GET /?css_modules=1 HTTP/1.1" 200 16663
[14/May/2026 21:06:27] "GET /static/game/css/global-dashboard.css HTTP/1.1" 200 211
[14/May/2026 21:06:27] "GET /static/game/css/global-dashboard/layout-nav.css HTTP/1.1" 200 14834
[14/May/2026 21:06:27] "GET /static/game/css/global-dashboard/dashboard-cards.css HTTP/1.1" 200 12891
[14/May/2026 21:06:27] "GET /static/game/css/global-dashboard/tables-lists.css HTTP/1.1" 200 9923
[14/May/2026 21:06:27] "GET /static/game/css/global-dashboard/responsive.css HTTP/1.1" 200 5122
[14/May/2026 21:07:56] "GET /players/552/?css_modules=1 HTTP/1.1" 200 40619
[14/May/2026 21:07:56] "GET /static/game/css/global-dashboard.css HTTP/1.1" 304 0
[14/May/2026 21:07:56] "GET /static/game/css/player-profile.css HTTP/1.1" 304 0
[14/May/2026 21:07:56] "GET /static/game/css/trophy-cabinet.css HTTP/1.1" 304 0
[14/May/2026 21:07:56] "GET /static/game/css/global-dashboard/layout-nav.css HTTP/1.1" 304 0
[14/May/2026 21:07:56] "GET /static/game/css/global-dashboard/dashboard-cards.css HTTP/1.1" 304 0
[14/May/2026 21:07:56] "GET /static/game/css/global-dashboard/tables-lists.css HTTP/1.1" 304 0
[14/May/2026 21:07:56] "GET /static/game/css/global-dashboard/responsive.css HTTP/1.1" 304 0
[14/May/2026 21:07:56] "GET /static/game/images/icons/stat-goals.svg HTTP/1.1" 304 0
[14/May/2026 21:07:56] "GET /static/game/images/icons/stat-assists.svg HTTP/1.1" 304 0
[14/May/2026 21:21:00] "GET /players/552/?awards_page=2 HTTP/1.1" 200 40580
[14/May/2026 21:21:00] "GET /static/game/css/global-dashboard.css HTTP/1.1" 200 211
[14/May/2026 21:21:00] "GET /static/game/css/player-profile.css HTTP/1.1" 304 0
[14/May/2026 21:21:00] "GET /static/game/css/trophy-cabinet.css HTTP/1.1" 304 0
[14/May/2026 21:21:00] "GET /static/game/images/trophies/podium-trophy.png HTTP/1.1" 304 0
[14/May/2026 21:21:00] "GET /static/game/images/trophies/torjagerkanone-original.png?v=1778712133 HTTP/1.1" 304 0
[14/May/2026 21:21:00] "GET /static/game/images/trophies/player-of-the-season-original.png?v=1778775429 HTTP/1.1" 304 0
[14/May/2026 21:21:00] "GET /static/game/css/global-dashboard/dashboard-cards.css HTTP/1.1" 200 12891
[14/May/2026 21:21:00] "GET /static/game/css/global-dashboard/tables-lists.css HTTP/1.1" 200 9923
[14/May/2026 21:21:00] "GET /static/game/css/global-dashboard/responsive.css HTTP/1.1" 200 5122
[14/May/2026 21:21:00] "GET /static/game/css/global-dashboard/layout-nav.css HTTP/1.1" 200 14834
[14/May/2026 21:24:16,757] - Broken pipe from ('127.0.0.1', 53169)
[14/May/2026 21:24:16,757] - Broken pipe from ('127.0.0.1', 60126)
[14/May/2026 21:24:16,757] - Broken pipe from ('127.0.0.1', 58567)
[14/May/2026 21:24:16,757] - Broken pipe from ('127.0.0.1', 61139)
[14/May/2026 21:24:16,757] - Broken pipe from ('127.0.0.1', 58951)
[14/May/2026 21:24:16,757] - Broken pipe from ('127.0.0.1', 62452)
[14/May/2026 21:28:53] "GET / HTTP/1.1" 200 16663
[14/May/2026 21:28:53] "GET /static/game/css/global-dashboard.css HTTP/1.1" 200 211
[14/May/2026 21:28:57] "GET /players/552 HTTP/1.1" 301 0
[14/May/2026 21:28:57] "GET /players/552?awards_page=2 HTTP/1.1" 301 0
[14/May/2026 21:28:57] "GET /players/552?awards_page=1 HTTP/1.1" 301 0
[14/May/2026 21:28:57] "GET /players/552/?awards_page=1 HTTP/1.1" 200 40619
[14/May/2026 21:28:57] "GET /players/552/?awards_page=2 HTTP/1.1" 200 40580
[14/May/2026 21:28:57] "GET /players/552/ HTTP/1.1" 200 40619
[14/May/2026 21:28:57] "GET / HTTP/1.1" 200 16663
[14/May/2026 21:28:57] "GET /static/game/css/global-dashboard.css HTTP/1.1" 200 211
[14/May/2026 21:28:57] "GET /players/552 HTTP/1.1" 301 0
[14/May/2026 21:28:57] "GET /players/552?awards_page=1 HTTP/1.1" 301 0
[14/May/2026 21:28:57] "GET /players/552?awards_page=2&asset_reload=1778773076 HTTP/1.1" 301 0
[14/May/2026 21:28:57] "GET /players/552?awards_page=2 HTTP/1.1" 301 0
[14/May/2026 21:28:57] "GET /players/552?awards_page=2&asset_reload=1778773860 HTTP/1.1" 301 0
[14/May/2026 21:28:57] "GET /players/552/?awards_page=2 HTTP/1.1" 200 40580
[14/May/2026 21:28:57] "GET /players/552/?awards_page=2&asset_reload=1778773076 HTTP/1.1" 200 40580
[14/May/2026 21:28:57] "GET /players/552/?awards_page=1 HTTP/1.1" 200 40619
[14/May/2026 21:28:57] "GET /players/552/?awards_page=2&asset_reload=1778773860 HTTP/1.1" 200 40580
[14/May/2026 21:28:57] "GET /players/552/ HTTP/1.1" 200 40619
[14/May/2026 21:28:59] "GET / HTTP/1.1" 200 16663
[14/May/2026 21:28:59] "GET /static/game/css/global-dashboard.css HTTP/1.1" 304 0
[14/May/2026 21:28:59] "GET /static/game/css/global-dashboard/layout-nav.css HTTP/1.1" 304 0
[14/May/2026 21:28:59] "GET /static/game/css/global-dashboard/dashboard-cards.css HTTP/1.1" 304 0
[14/May/2026 21:28:59] "GET /static/game/css/global-dashboard/tables-lists.css HTTP/1.1" 304 0
[14/May/2026 21:28:59] "GET /static/game/css/global-dashboard/responsive.css HTTP/1.1" 304 0
[14/May/2026 21:29:03] "GET /clubs/3/ HTTP/1.1" 200 85068
[14/May/2026 21:29:08] "GET /players/552/ HTTP/1.1" 200 40619
[14/May/2026 21:29:08] "GET /static/game/css/trophy-cabinet.css HTTP/1.1" 304 0
[14/May/2026 21:29:08] "GET /static/game/css/player-profile.css HTTP/1.1" 304 0
[14/May/2026 21:29:08] "GET /static/game/images/icons/injury.png HTTP/1.1" 304 0
[14/May/2026 21:29:08] "GET /static/game/images/icons/trophy-heading.png HTTP/1.1" 304 0
[14/May/2026 21:29:08] "GET /static/game/images/icons/trophy-total.png HTTP/1.1" 304 0
[14/May/2026 21:29:08] "GET /static/game/images/icons/player-ui-icons.svg HTTP/1.1" 304 0
[14/May/2026 21:29:08] "GET /static/game/images/backgrounds/spielfeld.png HTTP/1.1" 304 0
[14/May/2026 21:29:08] "GET /static/game/images/backgrounds/trophy-stage.png HTTP/1.1" 304 0
[14/May/2026 22:00:14] "GET /players/552/?awards_page=2 HTTP/1.1" 200 40580
[14/May/2026 22:00:14] "GET /static/game/css/global-dashboard.css HTTP/1.1" 304 0
[14/May/2026 22:00:14] "GET /static/game/css/player-profile.css HTTP/1.1" 304 0
[14/May/2026 22:00:14] "GET /static/game/css/trophy-cabinet.css HTTP/1.1" 304 0
[14/May/2026 22:00:14] "GET /static/game/images/icons/suspension-cards.svg HTTP/1.1" 304 0
[14/May/2026 22:00:14] "GET /static/game/images/trophies/podium-trophy.png HTTP/1.1" 304 0
[14/May/2026 22:00:14] "GET /static/game/css/global-dashboard/responsive.css HTTP/1.1" 304 0
[14/May/2026 22:00:14] "GET /static/game/css/global-dashboard/layout-nav.css HTTP/1.1" 304 0
[14/May/2026 22:00:14] "GET /static/game/css/global-dashboard/dashboard-cards.css HTTP/1.1" 304 0
[14/May/2026 22:00:14] "GET /static/game/css/global-dashboard/tables-lists.css HTTP/1.1" 304 0
[14/May/2026 22:00:14] "GET /static/game/images/trophies/player-of-the-season-original.png?v=1778775429 HTTP/1.1" 304 0
[14/May/2026 22:00:14] "GET /static/game/images/trophies/torjagerkanone-original.png?v=1778712133 HTTP/1.1" 304 0
[14/May/2026 22:00:17] "GET /players/552/?awards_page=1 HTTP/1.1" 200 40619
[14/May/2026 22:00:19] "GET /players/552/?awards_page=2 HTTP/1.1" 200 40580
[14/May/2026 22:00:20] "GET /players/552/?awards_page=1 HTTP/1.1" 200 40619
[14/May/2026 22:13:08] "GET /players/552/?awards_page=2 HTTP/1.1" 200 40580
[14/May/2026 22:13:08] "GET /static/game/css/global-dashboard.css HTTP/1.1" 304 0
[14/May/2026 22:13:08] "GET /static/game/css/player-profile.css HTTP/1.1" 304 0
[14/May/2026 22:13:08] "GET /static/game/images/icons/stat-goals.svg HTTP/1.1" 304 0
[14/May/2026 22:13:08] "GET /static/game/images/icons/stat-assists.svg HTTP/1.1" 304 0
[14/May/2026 22:13:08] "GET /static/game/css/trophy-cabinet.css HTTP/1.1" 304 0
[14/May/2026 22:13:08] "GET /static/game/css/global-dashboard/tables-lists.css HTTP/1.1" 304 0
[14/May/2026 22:13:08] "GET /static/game/css/global-dashboard/dashboard-cards.css HTTP/1.1" 304 0
[14/May/2026 22:13:08] "GET /static/game/images/icons/suspension-cards.svg HTTP/1.1" 304 0
[14/May/2026 22:13:08] "GET /static/game/images/icons/injury.png HTTP/1.1" 304 0
[14/May/2026 22:13:08] "GET /static/game/css/global-dashboard/layout-nav.css HTTP/1.1" 304 0
[14/May/2026 22:13:08] "GET /static/game/css/global-dashboard/responsive.css HTTP/1.1" 304 0
[14/May/2026 22:13:08] "GET /static/game/images/icons/trophy-heading.png HTTP/1.1" 304 0
[14/May/2026 22:13:08] "GET /static/game/images/icons/trophy-total.png HTTP/1.1" 304 0
[14/May/2026 22:13:08] "GET /static/game/images/trophies/player-of-the-season-original.png?v=1778775429 HTTP/1.1" 304 0
[14/May/2026 22:13:08] "GET /static/game/images/icons/player-ui-icons.svg HTTP/1.1" 304 0
C:\Users\mashu\Documents\Codex\Websoccer\Websoccer\game\views.py changed, reloading.
Watching for file changes with StatReloader
[14/May/2026 22:27:31] "GET /players/552/?awards_page=2 HTTP/1.1" 200 43885
[14/May/2026 22:27:31] "GET /static/game/css/global-dashboard.css HTTP/1.1" 304 0
[14/May/2026 22:27:31] "GET /static/game/css/global-dashboard/layout-nav.css HTTP/1.1" 304 0
[14/May/2026 22:27:31] "GET /static/game/css/global-dashboard/dashboard-cards.css HTTP/1.1" 304 0
[14/May/2026 22:27:31] "GET /static/game/css/global-dashboard/tables-lists.css HTTP/1.1" 304 0
[14/May/2026 22:27:31] "GET /static/game/css/global-dashboard/responsive.css HTTP/1.1" 304 0
[14/May/2026 22:27:31] "GET /static/game/images/backgrounds/spielfeld.png HTTP/1.1" 304 0
[14/May/2026 22:27:31] "GET /static/game/images/backgrounds/trophy-stage.png HTTP/1.1" 304 0
[14/May/2026 22:27:42] "GET /players/552/?awards_page=1 HTTP/1.1" 200 43924
[14/May/2026 22:27:42] "GET /static/game/images/trophies/1301397.png?v=1767377822 HTTP/1.1" 200 72537
[14/May/2026 22:27:42] "GET /static/game/images/trophies/1301410.png?v=1767377822 HTTP/1.1" 200 78266
[14/May/2026 22:27:42] "GET /static/game/images/trophies/1301394.png?v=1767377828 HTTP/1.1" 200 88300
[14/May/2026 22:27:42] "GET /static/game/images/trophies/22.png?v=1767377822 HTTP/1.1" 200 157699
[14/May/2026 22:27:43] "GET /players/552/?awards_page=2 HTTP/1.1" 200 43885
[14/May/2026 22:27:46] "GET /players/552/?awards_page=1 HTTP/1.1" 200 43924
[14/May/2026 22:27:48] "GET /players/552/?awards_page=2 HTTP/1.1" 200 43885
[14/May/2026 22:27:49] "GET /players/552/?awards_page=1 HTTP/1.1" 200 43924
[14/May/2026 22:27:50] "GET /players/552/?awards_page=2 HTTP/1.1" 200 43885
[14/May/2026 22:27:50] "GET /players/552/?awards_page=1 HTTP/1.1" 200 43924
[14/May/2026 22:27:50] "GET /static/game/css/player-profile.css HTTP/1.1" 304 0
C:\Users\mashu\Documents\Codex\Websoccer\Websoccer\game\views.py changed, reloading.
Watching for file changes with StatReloader
[14/May/2026 22:42:48] "GET /players/552/?awards_page=1 HTTP/1.1" 200 57914
[14/May/2026 22:42:48,250] - Broken pipe from ('127.0.0.1', 61359)
[14/May/2026 22:53:05] "GET /players/552/?awards_page=1 HTTP/1.1" 200 57914
[14/May/2026 22:53:05] "GET /static/game/css/global-dashboard.css HTTP/1.1" 304 0
[14/May/2026 22:53:05] "GET /static/game/css/trophy-cabinet.css HTTP/1.1" 304 0
[14/May/2026 22:53:05] "GET /static/game/css/global-dashboard/layout-nav.css HTTP/1.1" 304 0
[14/May/2026 22:53:05] "GET /static/game/css/global-dashboard/dashboard-cards.css HTTP/1.1" 304 0
[14/May/2026 22:53:05] "GET /static/game/css/global-dashboard/tables-lists.css HTTP/1.1" 304 0
[14/May/2026 22:53:05] "GET /static/game/css/global-dashboard/responsive.css HTTP/1.1" 304 0
[14/May/2026 22:53:05] "GET /static/game/css/player-profile.css HTTP/1.1" 200 39413
[14/May/2026 22:58:40] "GET /players/552/?awards_page=1 HTTP/1.1" 200 57914
[14/May/2026 22:58:40] "GET /static/game/css/global-dashboard.css HTTP/1.1" 200 211
[14/May/2026 22:58:40] "GET /static/game/css/player-profile.css HTTP/1.1" 200 39413
[14/May/2026 22:58:40] "GET /static/game/css/trophy-cabinet.css HTTP/1.1" 200 9304
[14/May/2026 22:58:40] "GET /static/game/images/brand/matchengine-logo-128.png HTTP/1.1" 200 15483
[14/May/2026 22:58:40] "GET /static/game/images/icons/sidebar/uebersicht.svg HTTP/1.1" 200 360
[14/May/2026 22:58:40] "GET /static/game/images/icons/sidebar/kader.svg HTTP/1.1" 200 615
[14/May/2026 22:58:40] "GET /static/game/css/global-dashboard/layout-nav.css HTTP/1.1" 200 14834
[14/May/2026 22:58:40] "GET /static/game/css/global-dashboard/dashboard-cards.css HTTP/1.1" 200 12891
[14/May/2026 22:58:40] "GET /static/game/css/global-dashboard/tables-lists.css HTTP/1.1" 200 9923
[14/May/2026 22:58:40] "GET /static/game/css/global-dashboard/responsive.css HTTP/1.1" 200 5122
[14/May/2026 22:58:40] "GET /static/game/images/icons/sidebar/taktik.svg HTTP/1.1" 200 530
[14/May/2026 22:58:40] "GET /static/game/images/icons/sidebar/training.svg HTTP/1.1" 200 582
[14/May/2026 22:58:40] "GET /static/game/images/icons/sidebar/transfers.svg HTTP/1.1" 200 497
[14/May/2026 22:58:40] "GET /static/game/images/icons/sidebar/scouting.svg HTTP/1.1" 200 423
[14/May/2026 22:58:40] "GET /static/game/images/icons/sidebar/jugend.svg HTTP/1.1" 200 392
[14/May/2026 22:58:40] "GET /static/game/images/icons/sidebar/finanzen.svg HTTP/1.1" 200 403
[14/May/2026 22:58:40] "GET /static/game/images/icons/sidebar/verein.svg HTTP/1.1" 200 386
[14/May/2026 22:58:40] "GET /static/game/images/icons/sidebar/mitarbeiter.svg HTTP/1.1" 200 522
[14/May/2026 22:58:40] "GET /static/game/images/icons/sidebar/wettbewerbe.svg HTTP/1.1" 200 432
[14/May/2026 22:58:40] "GET /static/game/images/icons/sidebar/posteingang.svg HTTP/1.1" 200 325
[14/May/2026 22:58:40] "GET /static/game/images/icons/sidebar/einstellungen.svg HTTP/1.1" 200 581
[14/May/2026 22:58:40] "GET /static/game/images/crests/915.png HTTP/1.1" 200 148470
[14/May/2026 22:58:40] "GET /static/game/images/nations/federations/765.png HTTP/1.1" 200 95781
[14/May/2026 22:58:40] "GET /static/game/images/players/28049320.png HTTP/1.1" 200 79774
[14/May/2026 22:58:40] "GET /static/game/images/flags/765.svg HTTP/1.1" 200 1803
[14/May/2026 22:58:40] "GET /static/game/images/flags/789.svg HTTP/1.1" 200 1647
[14/May/2026 22:58:40] "GET /static/game/images/competitions/bundesliga.png HTTP/1.1" 200 22675
[14/May/2026 22:58:40] "GET /static/game/images/icons/stat-goals.svg HTTP/1.1" 200 1058
[14/May/2026 22:58:40] "GET /static/game/images/icons/stat-assists.svg HTTP/1.1" 200 1179
[14/May/2026 22:58:40] "GET /static/game/images/competitions/champions-league.png HTTP/1.1" 200 93326
[14/May/2026 22:58:40] "GET /static/game/images/competitions/dfb-pokal.png HTTP/1.1" 200 26479
[14/May/2026 22:58:40] "GET /static/game/images/competitions/supercup.png HTTP/1.1" 200 27978
[14/May/2026 22:58:40] "GET /static/game/images/icons/injury.png HTTP/1.1" 200 1325171
[14/May/2026 22:58:40] "GET /static/game/images/icons/suspension-cards.svg HTTP/1.1" 200 1334
[14/May/2026 22:58:40] "GET /static/game/images/crests/907.png HTTP/1.1" 200 34735
[14/May/2026 22:58:40] "GET /static/game/images/icons/trophy-heading.png HTTP/1.1" 200 9060
[14/May/2026 22:58:40] "GET /static/game/images/icons/trophy-total.png HTTP/1.1" 200 5402
[14/May/2026 22:58:40] "GET /static/game/images/trophies/podium-trophy.png HTTP/1.1" 200 748570
[14/May/2026 22:58:40] "GET /static/game/images/trophies/1301397.png?v=1767377822 HTTP/1.1" 200 72537
[14/May/2026 22:58:40] "GET /static/game/images/trophies/1301394.png?v=1767377828 HTTP/1.1" 200 88300
[14/May/2026 22:58:40] "GET /static/game/images/trophies/1301410.png?v=1767377822 HTTP/1.1" 200 78266
[14/May/2026 22:58:40] "GET /static/game/images/trophies/22.png?v=1767377822 HTTP/1.1" 200 157699
[14/May/2026 22:58:40] "GET /static/game/images/icons/player-ui-icons.svg HTTP/1.1" 200 4970
[14/May/2026 22:58:40] "GET /static/game/images/backgrounds/player-profile-stadium-atmosphere.svg HTTP/1.1" 200 5840
[14/May/2026 22:58:40] "GET /static/game/images/backgrounds/spielfeld.png HTTP/1.1" 200 2479542
[14/May/2026 22:58:40] "GET /static/game/images/backgrounds/trophy-stage.png HTTP/1.1" 200 1946438
[14/May/2026 22:58:40] "GET /static/game/images/brand/favicon-32.png HTTP/1.1" 200 1969
[14/May/2026 22:59:20] "GET /players/552/?awards_page=1 HTTP/1.1" 200 57914
[14/May/2026 22:59:20] "GET /static/game/images/players/28049320.png HTTP/1.1" 304 0
[14/May/2026 22:59:20] "GET /static/game/css/player-profile.css HTTP/1.1" 304 0
[14/May/2026 23:03:22] "GET /players/552/?awards_page=1 HTTP/1.1" 200 57914
[14/May/2026 23:03:22] "GET /static/game/css/player-profile.css HTTP/1.1" 304 0
C:\Users\mashu\Documents\Codex\Websoccer\Websoccer\game\views.py changed, reloading.
Watching for file changes with StatReloader
[14/May/2026 23:07:04] "GET /players/552/?awards_page=1 HTTP/1.1" 200 58086
[14/May/2026 23:07:04] "GET /static/game/css/global-dashboard.css HTTP/1.1" 200 211
[14/May/2026 23:07:04] "GET /static/game/css/player-profile.css HTTP/1.1" 200 39413
[14/May/2026 23:07:04] "GET /static/game/css/trophy-cabinet.css HTTP/1.1" 200 9304
[14/May/2026 23:07:04] "GET /static/game/css/global-dashboard/layout-nav.css HTTP/1.1" 200 14834
[14/May/2026 23:07:04] "GET /static/game/css/global-dashboard/dashboard-cards.css HTTP/1.1" 200 12891
[14/May/2026 23:07:04] "GET /static/game/css/global-dashboard/tables-lists.css HTTP/1.1" 200 9923
[14/May/2026 23:07:04] "GET /static/game/css/global-dashboard/responsive.css HTTP/1.1" 200 5122
[14/May/2026 23:07:04] "GET /static/game/images/brand/matchengine-logo-128.png HTTP/1.1" 200 15483
[14/May/2026 23:07:04] "GET /static/game/images/icons/sidebar/uebersicht.svg HTTP/1.1" 200 360
[14/May/2026 23:07:04] "GET /static/game/images/icons/sidebar/kader.svg HTTP/1.1" 200 615
[14/May/2026 23:07:04] "GET /static/game/images/icons/sidebar/taktik.svg HTTP/1.1" 200 530
[14/May/2026 23:07:04] "GET /static/game/images/icons/sidebar/training.svg HTTP/1.1" 200 582
[14/May/2026 23:07:04] "GET /static/game/images/icons/sidebar/transfers.svg HTTP/1.1" 200 497
[14/May/2026 23:07:04] "GET /static/game/images/icons/sidebar/scouting.svg HTTP/1.1" 200 423
[14/May/2026 23:07:04] "GET /static/game/images/icons/sidebar/jugend.svg HTTP/1.1" 200 392
[14/May/2026 23:07:04] "GET /static/game/images/icons/sidebar/finanzen.svg HTTP/1.1" 200 403
[14/May/2026 23:07:05] "GET /static/game/images/icons/sidebar/verein.svg HTTP/1.1" 200 386
[14/May/2026 23:07:05] "GET /static/game/images/icons/sidebar/mitarbeiter.svg HTTP/1.1" 200 522
[14/May/2026 23:07:05] "GET /static/game/images/icons/sidebar/wettbewerbe.svg HTTP/1.1" 200 432
[14/May/2026 23:07:05] "GET /static/game/images/icons/sidebar/posteingang.svg HTTP/1.1" 200 325
[14/May/2026 23:07:05] "GET /static/game/images/icons/sidebar/einstellungen.svg HTTP/1.1" 200 581
[14/May/2026 23:07:05] "GET /static/game/images/crests/915.png HTTP/1.1" 200 148470
[14/May/2026 23:07:05] "GET /static/game/images/nations/federations/765.png HTTP/1.1" 200 95781
[14/May/2026 23:07:05] "GET /static/game/images/players/28049320.png HTTP/1.1" 200 79774
[14/May/2026 23:07:05] "GET /static/game/images/flags/765.svg HTTP/1.1" 200 1803
[14/May/2026 23:07:05] "GET /static/game/images/flags/789.svg HTTP/1.1" 200 1647
[14/May/2026 23:07:05] "GET /static/game/images/competitions/bundesliga.png HTTP/1.1" 200 22675
[14/May/2026 23:07:05] "GET /static/game/images/icons/stat-goals.svg HTTP/1.1" 200 1058
[14/May/2026 23:07:05] "GET /static/game/images/icons/stat-assists.svg HTTP/1.1" 200 1179
[14/May/2026 23:07:05] "GET /static/game/images/competitions/champions-league.png HTTP/1.1" 200 93326
[14/May/2026 23:07:05] "GET /static/game/images/competitions/dfb-pokal.png HTTP/1.1" 200 26479
[14/May/2026 23:07:05] "GET /static/game/images/competitions/supercup.png HTTP/1.1" 200 27978
[14/May/2026 23:07:05] "GET /static/game/images/icons/injury.png HTTP/1.1" 200 1325171
[14/May/2026 23:07:05] "GET /static/game/images/icons/suspension-cards.svg HTTP/1.1" 200 1334
[14/May/2026 23:07:05] "GET /static/game/images/crests/907.png HTTP/1.1" 200 34735
[14/May/2026 23:07:05] "GET /static/game/images/icons/trophy-heading.png HTTP/1.1" 200 9060
[14/May/2026 23:07:05] "GET /static/game/images/icons/trophy-total.png HTTP/1.1" 200 5402
[14/May/2026 23:07:05] "GET /static/game/images/trophies/podium-trophy.png HTTP/1.1" 200 748570
[14/May/2026 23:07:05] "GET /static/game/images/trophies/1301397.png?v=1767377822 HTTP/1.1" 200 72537
[14/May/2026 23:07:05] "GET /static/game/images/trophies/1301394.png?v=1767377828 HTTP/1.1" 200 88300
[14/May/2026 23:07:05] "GET /static/game/images/trophies/1301410.png?v=1767377822 HTTP/1.1" 200 78266
[14/May/2026 23:07:05] "GET /static/game/images/trophies/22.png?v=1767377822 HTTP/1.1" 200 157699
[14/May/2026 23:07:05] "GET /static/game/images/icons/player-ui-icons.svg HTTP/1.1" 200 4970
[14/May/2026 23:07:05] "GET /static/game/images/backgrounds/player-profile-stadium-atmosphere.svg HTTP/1.1" 200 5840
[14/May/2026 23:07:05] "GET /static/game/images/backgrounds/trophy-stage.png HTTP/1.1" 200 1946438
[14/May/2026 23:07:05] "GET /static/game/images/backgrounds/spielfeld.png HTTP/1.1" 200 2479542
[14/May/2026 23:07:05] "GET /static/game/images/brand/favicon-32.png HTTP/1.1" 200 1969
[14/May/2026 23:08:26] "GET /players/552/ HTTP/1.1" 200 58086
[14/May/2026 23:08:26] "GET /static/game/css/global-dashboard.css HTTP/1.1" 200 211
[14/May/2026 23:08:26] "GET /static/game/css/player-profile.css HTTP/1.1" 200 39413
[14/May/2026 23:08:26] "GET /static/game/css/trophy-cabinet.css HTTP/1.1" 200 9304
[14/May/2026 23:08:26] "GET /static/game/images/brand/matchengine-logo-128.png HTTP/1.1" 200 15483
[14/May/2026 23:08:26] "GET /static/game/images/icons/sidebar/uebersicht.svg HTTP/1.1" 200 360
[14/May/2026 23:08:26] "GET /static/game/images/icons/sidebar/kader.svg HTTP/1.1" 200 615
[14/May/2026 23:08:26] "GET /static/game/images/icons/sidebar/taktik.svg HTTP/1.1" 200 530
[14/May/2026 23:08:26] "GET /static/game/images/icons/sidebar/training.svg HTTP/1.1" 200 582
[14/May/2026 23:08:26] "GET /static/game/css/global-dashboard/layout-nav.css HTTP/1.1" 200 14834
[14/May/2026 23:08:26] "GET /static/game/css/global-dashboard/dashboard-cards.css HTTP/1.1" 200 12891
[14/May/2026 23:08:26] "GET /static/game/css/global-dashboard/tables-lists.css HTTP/1.1" 200 9923
[14/May/2026 23:08:26] "GET /static/game/css/global-dashboard/responsive.css HTTP/1.1" 200 5122
[14/May/2026 23:08:26] "GET /static/game/images/icons/sidebar/transfers.svg HTTP/1.1" 200 497
[14/May/2026 23:08:26] "GET /static/game/images/icons/sidebar/scouting.svg HTTP/1.1" 200 423
[14/May/2026 23:08:26] "GET /static/game/images/icons/sidebar/jugend.svg HTTP/1.1" 200 392
[14/May/2026 23:08:26] "GET /static/game/images/icons/sidebar/finanzen.svg HTTP/1.1" 200 403
[14/May/2026 23:08:26] "GET /static/game/images/icons/sidebar/verein.svg HTTP/1.1" 200 386
[14/May/2026 23:08:26] "GET /static/game/images/icons/sidebar/mitarbeiter.svg HTTP/1.1" 200 522
[14/May/2026 23:08:26] "GET /static/game/images/icons/sidebar/wettbewerbe.svg HTTP/1.1" 200 432
[14/May/2026 23:08:26] "GET /static/game/images/icons/sidebar/posteingang.svg HTTP/1.1" 200 325
[14/May/2026 23:08:26] "GET /static/game/images/icons/sidebar/einstellungen.svg HTTP/1.1" 200 581
[14/May/2026 23:08:26] "GET /static/game/images/crests/915.png HTTP/1.1" 200 148470
[14/May/2026 23:08:26] "GET /static/game/images/nations/federations/765.png HTTP/1.1" 200 95781
[14/May/2026 23:08:26] "GET /static/game/images/players/28049320.png HTTP/1.1" 200 79774
[14/May/2026 23:08:26] "GET /static/game/images/flags/765.svg HTTP/1.1" 200 1803
[14/May/2026 23:08:26] "GET /static/game/images/flags/789.svg HTTP/1.1" 200 1647
[14/May/2026 23:08:26] "GET /static/game/images/competitions/bundesliga.png HTTP/1.1" 200 22675
[14/May/2026 23:08:26] "GET /static/game/images/icons/stat-goals.svg HTTP/1.1" 200 1058
[14/May/2026 23:08:26] "GET /static/game/images/icons/stat-assists.svg HTTP/1.1" 200 1179
[14/May/2026 23:08:26] "GET /static/game/images/competitions/champions-league.png HTTP/1.1" 200 93326
[14/May/2026 23:08:26] "GET /static/game/images/competitions/dfb-pokal.png HTTP/1.1" 200 26479
[14/May/2026 23:08:26] "GET /static/game/images/competitions/supercup.png HTTP/1.1" 200 27978
[14/May/2026 23:08:26] "GET /static/game/images/icons/injury.png HTTP/1.1" 200 1325171
[14/May/2026 23:08:26] "GET /static/game/images/icons/suspension-cards.svg HTTP/1.1" 200 1334
[14/May/2026 23:08:26] "GET /static/game/images/crests/907.png HTTP/1.1" 200 34735
[14/May/2026 23:08:26] "GET /static/game/images/icons/trophy-heading.png HTTP/1.1" 200 9060
[14/May/2026 23:08:26] "GET /static/game/images/icons/trophy-total.png HTTP/1.1" 200 5402
[14/May/2026 23:08:26] "GET /static/game/images/trophies/podium-trophy.png HTTP/1.1" 200 748570
[14/May/2026 23:08:26] "GET /static/game/images/trophies/1301397.png?v=1767377822 HTTP/1.1" 200 72537
[14/May/2026 23:08:26] "GET /static/game/images/trophies/1301394.png?v=1767377828 HTTP/1.1" 200 88300
[14/May/2026 23:08:26] "GET /static/game/images/trophies/1301410.png?v=1767377822 HTTP/1.1" 200 78266
[14/May/2026 23:08:26] "GET /static/game/images/trophies/22.png?v=1767377822 HTTP/1.1" 200 157699
[14/May/2026 23:08:26] "GET /static/game/images/icons/player-ui-icons.svg HTTP/1.1" 200 4970
[14/May/2026 23:08:26] "GET /static/game/images/backgrounds/player-profile-stadium-atmosphere.svg HTTP/1.1" 200 5840
[14/May/2026 23:08:26] "GET /static/game/images/backgrounds/spielfeld.png HTTP/1.1" 200 2479542
[14/May/2026 23:08:26] "GET /static/game/images/backgrounds/trophy-stage.png HTTP/1.1" 200 1946438
[14/May/2026 23:08:26] "GET /static/game/images/brand/favicon-32.png HTTP/1.1" 200 1969
[14/May/2026 23:11:37] "GET /players/552/?awards_page=1 HTTP/1.1" 200 58086
[14/May/2026 23:11:37] "GET /static/game/css/global-dashboard.css HTTP/1.1" 304 0
[14/May/2026 23:11:37] "GET /static/game/css/player-profile.css HTTP/1.1" 304 0
[14/May/2026 23:11:37] "GET /static/game/css/global-dashboard/layout-nav.css HTTP/1.1" 304 0
[14/May/2026 23:11:37] "GET /static/game/css/global-dashboard/dashboard-cards.css HTTP/1.1" 304 0
[14/May/2026 23:11:37] "GET /static/game/css/global-dashboard/tables-lists.css HTTP/1.1" 304 0
[14/May/2026 23:11:37] "GET /static/game/css/global-dashboard/responsive.css HTTP/1.1" 304 0
[14/May/2026 23:12:32] "GET /players/552/?awards_page=1 HTTP/1.1" 200 58086
[14/May/2026 23:12:33] "GET /players/552/?awards_page=1 HTTP/1.1" 200 58086
[14/May/2026 23:12:46] "GET /players/552/?awards_page=1 HTTP/1.1" 200 58086
[14/May/2026 23:12:46] "GET /static/game/css/global-dashboard.css HTTP/1.1" 304 0
[14/May/2026 23:12:46] "GET /static/game/css/player-profile.css HTTP/1.1" 200 39413
[14/May/2026 23:12:46] "GET /static/game/css/trophy-cabinet.css HTTP/1.1" 304 0
[14/May/2026 23:12:46] "GET /static/game/images/icons/stat-assists.svg HTTP/1.1" 304 0
[14/May/2026 23:12:46] "GET /static/game/images/icons/stat-goals.svg HTTP/1.1" 304 0
[14/May/2026 23:12:46] "GET /static/game/css/global-dashboard/layout-nav.css HTTP/1.1" 304 0
[14/May/2026 23:12:46] "GET /static/game/css/global-dashboard/dashboard-cards.css HTTP/1.1" 304 0
[14/May/2026 23:12:46] "GET /static/game/css/global-dashboard/responsive.css HTTP/1.1" 304 0
[14/May/2026 23:12:46] "GET /static/game/css/global-dashboard/tables-lists.css HTTP/1.1" 304 0
[14/May/2026 23:12:46] "GET /static/game/images/icons/injury.png HTTP/1.1" 304 0
[14/May/2026 23:12:46] "GET /static/game/images/icons/suspension-cards.svg HTTP/1.1" 304 0
[14/May/2026 23:12:46] "GET /static/game/images/backgrounds/player-profile-stadium-atmosphere.svg HTTP/1.1" 304 0
[14/May/2026 23:25:52] "GET /players/552/?awards_page=1 HTTP/1.1" 200 58015
[14/May/2026 23:25:52] "GET /static/game/css/global-dashboard.css HTTP/1.1" 304 0
[14/May/2026 23:25:52] "GET /static/game/images/icons/suspension-cards.svg HTTP/1.1" 304 0
[14/May/2026 23:25:52] "GET /static/game/css/trophy-cabinet.css HTTP/1.1" 304 0
[14/May/2026 23:25:52] "GET /static/game/images/icons/injury.png HTTP/1.1" 304 0
[14/May/2026 23:25:52] "GET /static/game/css/player-profile.css HTTP/1.1" 200 39415
[14/May/2026 23:25:52] "GET /static/game/images/trophies/podium-trophy.png HTTP/1.1" 304 0
[14/May/2026 23:25:52] "GET /static/game/css/global-dashboard/layout-nav.css HTTP/1.1" 304 0
[14/May/2026 23:25:52] "GET /static/game/css/global-dashboard/tables-lists.css HTTP/1.1" 304 0
[14/May/2026 23:25:52] "GET /static/game/css/global-dashboard/responsive.css HTTP/1.1" 304 0
[14/May/2026 23:25:52] "GET /static/game/css/global-dashboard/dashboard-cards.css HTTP/1.1" 304 0
[14/May/2026 23:26:40] "GET /players/552/?awards_page=1 HTTP/1.1" 200 58015
[14/May/2026 23:26:40] "GET /static/game/css/player-profile.css HTTP/1.1" 304 0
[14/May/2026 23:26:41] "GET /players/552/?awards_page=1 HTTP/1.1" 200 58015
[14/May/2026 23:26:48] "GET /players/552/?awards_page=1 HTTP/1.1" 200 58015
[14/May/2026 23:26:48] "GET /static/game/css/global-dashboard.css HTTP/1.1" 200 211
[14/May/2026 23:26:48] "GET /static/game/css/player-profile.css HTTP/1.1" 200 39415
[14/May/2026 23:26:48] "GET /static/game/css/trophy-cabinet.css HTTP/1.1" 200 9304
[14/May/2026 23:26:48] "GET /static/game/images/brand/matchengine-logo-128.png HTTP/1.1" 200 15483
[14/May/2026 23:26:48] "GET /static/game/images/icons/sidebar/uebersicht.svg HTTP/1.1" 200 360
[14/May/2026 23:26:48] "GET /static/game/images/icons/sidebar/kader.svg HTTP/1.1" 200 615
[14/May/2026 23:26:48] "GET /static/game/css/global-dashboard/layout-nav.css HTTP/1.1" 200 14834
[14/May/2026 23:26:48] "GET /static/game/css/global-dashboard/dashboard-cards.css HTTP/1.1" 200 12891
[14/May/2026 23:26:48] "GET /static/game/css/global-dashboard/tables-lists.css HTTP/1.1" 200 9923
[14/May/2026 23:26:48] "GET /static/game/css/global-dashboard/responsive.css HTTP/1.1" 200 5122
[14/May/2026 23:26:48] "GET /static/game/images/icons/sidebar/taktik.svg HTTP/1.1" 200 530
[14/May/2026 23:26:48] "GET /static/game/images/icons/sidebar/training.svg HTTP/1.1" 200 582
[14/May/2026 23:26:48] "GET /static/game/images/icons/sidebar/transfers.svg HTTP/1.1" 200 497
[14/May/2026 23:26:48] "GET /static/game/images/icons/sidebar/scouting.svg HTTP/1.1" 200 423
[14/May/2026 23:26:48] "GET /static/game/images/icons/sidebar/jugend.svg HTTP/1.1" 200 392
[14/May/2026 23:26:48] "GET /static/game/images/icons/sidebar/finanzen.svg HTTP/1.1" 200 403
[14/May/2026 23:26:48] "GET /static/game/images/icons/sidebar/verein.svg HTTP/1.1" 200 386
[14/May/2026 23:26:48] "GET /static/game/images/icons/sidebar/mitarbeiter.svg HTTP/1.1" 200 522
[14/May/2026 23:26:48] "GET /static/game/images/icons/sidebar/wettbewerbe.svg HTTP/1.1" 200 432
[14/May/2026 23:26:48] "GET /static/game/images/icons/sidebar/posteingang.svg HTTP/1.1" 200 325
[14/May/2026 23:26:48] "GET /static/game/images/icons/sidebar/einstellungen.svg HTTP/1.1" 200 581
[14/May/2026 23:26:48] "GET /static/game/images/crests/915.png HTTP/1.1" 200 148470
[14/May/2026 23:26:48] "GET /static/game/images/nations/federations/765.png HTTP/1.1" 200 95781
[14/May/2026 23:26:48] "GET /static/game/images/players/28049320.png HTTP/1.1" 200 79774
[14/May/2026 23:26:48] "GET /static/game/images/flags/765.svg HTTP/1.1" 200 1803
[14/May/2026 23:26:48] "GET /static/game/images/flags/789.svg HTTP/1.1" 200 1647
[14/May/2026 23:26:48] "GET /static/game/images/competitions/bundesliga.png HTTP/1.1" 200 22675
[14/May/2026 23:26:48] "GET /static/game/images/icons/stat-goals.svg HTTP/1.1" 200 1058
[14/May/2026 23:26:48] "GET /static/game/images/icons/stat-assists.svg HTTP/1.1" 200 1179
[14/May/2026 23:26:48] "GET /static/game/images/competitions/champions-league.png HTTP/1.1" 200 93326
[14/May/2026 23:26:48] "GET /static/game/images/competitions/dfb-pokal.png HTTP/1.1" 200 26479
[14/May/2026 23:26:48] "GET /static/game/images/competitions/supercup.png HTTP/1.1" 200 27978
[14/May/2026 23:26:48] "GET /static/game/images/icons/injury.png HTTP/1.1" 200 1325171
[14/May/2026 23:26:48] "GET /static/game/images/icons/suspension-cards.svg HTTP/1.1" 200 1334
[14/May/2026 23:26:48] "GET /static/game/images/crests/907.png HTTP/1.1" 200 34735
[14/May/2026 23:26:48] "GET /static/game/images/icons/trophy-heading.png HTTP/1.1" 200 9060
[14/May/2026 23:26:48] "GET /static/game/images/icons/trophy-total.png HTTP/1.1" 200 5402
[14/May/2026 23:26:48] "GET /static/game/images/trophies/podium-trophy.png HTTP/1.1" 200 748570
[14/May/2026 23:26:48] "GET /static/game/images/trophies/1301397.png?v=1767377822 HTTP/1.1" 200 72537
[14/May/2026 23:26:48] "GET /static/game/images/trophies/1301394.png?v=1767377828 HTTP/1.1" 200 88300
[14/May/2026 23:26:48] "GET /static/game/images/trophies/1301410.png?v=1767377822 HTTP/1.1" 200 78266
[14/May/2026 23:26:48] "GET /static/game/images/trophies/22.png?v=1767377822 HTTP/1.1" 200 157699
[14/May/2026 23:26:48] "GET /static/game/images/icons/player-ui-icons.svg HTTP/1.1" 200 4970
[14/May/2026 23:26:48] "GET /static/game/images/backgrounds/player-profile-stadium-atmosphere.svg HTTP/1.1" 200 5840
[14/May/2026 23:26:48] "GET /static/game/images/backgrounds/spielfeld.png HTTP/1.1" 200 2479542
[14/May/2026 23:26:48] "GET /static/game/images/backgrounds/trophy-stage.png HTTP/1.1" 200 1946438
[14/May/2026 23:26:48] "GET /static/game/images/brand/favicon-32.png HTTP/1.1" 200 1969
[14/May/2026 23:31:20] "GET /players/552/?awards_page=1 HTTP/1.1" 200 58015
[14/May/2026 23:31:20] "GET /static/game/css/player-profile.css HTTP/1.1" 200 39455
[14/May/2026 23:31:20] "GET /static/game/images/backgrounds/player-profile-stadium-atmosphere.svg HTTP/1.1" 304 0
[14/May/2026 23:31:48] "GET /players/552/?awards_page=1 HTTP/1.1" 200 58015
[14/May/2026 23:31:48] "GET /static/game/css/global-dashboard.css HTTP/1.1" 200 211
[14/May/2026 23:31:48] "GET /static/game/css/player-profile.css HTTP/1.1" 200 39455
[14/May/2026 23:31:48] "GET /static/game/css/trophy-cabinet.css HTTP/1.1" 200 9304
[14/May/2026 23:31:48] "GET /static/game/images/brand/matchengine-logo-128.png HTTP/1.1" 200 15483
[14/May/2026 23:31:48] "GET /static/game/images/icons/sidebar/uebersicht.svg HTTP/1.1" 200 360
[14/May/2026 23:31:48] "GET /static/game/images/icons/sidebar/kader.svg HTTP/1.1" 200 615
[14/May/2026 23:31:48] "GET /static/game/images/icons/sidebar/taktik.svg HTTP/1.1" 200 530
[14/May/2026 23:31:48] "GET /static/game/images/icons/sidebar/training.svg HTTP/1.1" 200 582
[14/May/2026 23:31:48] "GET /static/game/images/icons/sidebar/transfers.svg HTTP/1.1" 200 497
[14/May/2026 23:31:48] "GET /static/game/css/global-dashboard/layout-nav.css HTTP/1.1" 200 14834
[14/May/2026 23:31:48] "GET /static/game/css/global-dashboard/dashboard-cards.css HTTP/1.1" 200 12891
[14/May/2026 23:31:48] "GET /static/game/css/global-dashboard/tables-lists.css HTTP/1.1" 200 9923
[14/May/2026 23:31:48] "GET /static/game/css/global-dashboard/responsive.css HTTP/1.1" 200 5122
[14/May/2026 23:31:48] "GET /static/game/images/icons/sidebar/scouting.svg HTTP/1.1" 200 423
[14/May/2026 23:31:48] "GET /static/game/images/icons/sidebar/jugend.svg HTTP/1.1" 200 392
[14/May/2026 23:31:48] "GET /static/game/images/icons/sidebar/finanzen.svg HTTP/1.1" 200 403
[14/May/2026 23:31:48] "GET /static/game/images/icons/sidebar/verein.svg HTTP/1.1" 200 386
[14/May/2026 23:31:48] "GET /static/game/images/icons/sidebar/mitarbeiter.svg HTTP/1.1" 200 522
[14/May/2026 23:31:48] "GET /static/game/images/icons/sidebar/wettbewerbe.svg HTTP/1.1" 200 432
[14/May/2026 23:31:48] "GET /static/game/images/icons/sidebar/posteingang.svg HTTP/1.1" 200 325
[14/May/2026 23:31:48] "GET /static/game/images/icons/sidebar/einstellungen.svg HTTP/1.1" 200 581
[14/May/2026 23:31:48] "GET /static/game/images/crests/915.png HTTP/1.1" 200 148470
[14/May/2026 23:31:48] "GET /static/game/images/nations/federations/765.png HTTP/1.1" 200 95781
[14/May/2026 23:31:48] "GET /static/game/images/players/28049320.png HTTP/1.1" 200 79774
[14/May/2026 23:31:48] "GET /static/game/images/flags/765.svg HTTP/1.1" 200 1803
[14/May/2026 23:31:48] "GET /static/game/images/flags/789.svg HTTP/1.1" 200 1647
[14/May/2026 23:31:48] "GET /static/game/images/competitions/bundesliga.png HTTP/1.1" 200 22675
[14/May/2026 23:31:48] "GET /static/game/images/icons/stat-goals.svg HTTP/1.1" 200 1058
[14/May/2026 23:31:48] "GET /static/game/images/icons/stat-assists.svg HTTP/1.1" 200 1179
[14/May/2026 23:31:48] "GET /static/game/images/competitions/champions-league.png HTTP/1.1" 200 93326
[14/May/2026 23:31:48] "GET /static/game/images/competitions/dfb-pokal.png HTTP/1.1" 200 26479
[14/May/2026 23:31:48] "GET /static/game/images/competitions/supercup.png HTTP/1.1" 200 27978
[14/May/2026 23:31:48] "GET /static/game/images/icons/injury.png HTTP/1.1" 200 1325171
[14/May/2026 23:31:48] "GET /static/game/images/icons/suspension-cards.svg HTTP/1.1" 200 1334
[14/May/2026 23:31:48] "GET /static/game/images/crests/907.png HTTP/1.1" 200 34735
[14/May/2026 23:31:48] "GET /static/game/images/icons/trophy-heading.png HTTP/1.1" 200 9060
[14/May/2026 23:31:48] "GET /static/game/images/icons/trophy-total.png HTTP/1.1" 200 5402
[14/May/2026 23:31:48] "GET /static/game/images/trophies/podium-trophy.png HTTP/1.1" 200 748570
[14/May/2026 23:31:48] "GET /static/game/images/trophies/1301397.png?v=1767377822 HTTP/1.1" 200 72537
[14/May/2026 23:31:48] "GET /static/game/images/trophies/1301394.png?v=1767377828 HTTP/1.1" 200 88300
[14/May/2026 23:31:48] "GET /static/game/images/trophies/1301410.png?v=1767377822 HTTP/1.1" 200 78266
[14/May/2026 23:31:48] "GET /static/game/images/trophies/22.png?v=1767377822 HTTP/1.1" 200 157699
[14/May/2026 23:31:48] "GET /static/game/images/icons/player-ui-icons.svg HTTP/1.1" 200 4970
[14/May/2026 23:31:48] "GET /static/game/images/backgrounds/player-profile-stadium-atmosphere.svg HTTP/1.1" 200 5840
[14/May/2026 23:31:48] "GET /static/game/images/backgrounds/spielfeld.png HTTP/1.1" 200 2479542
[14/May/2026 23:31:48] "GET /static/game/images/backgrounds/trophy-stage.png HTTP/1.1" 200 1946438
[14/May/2026 23:31:48] "GET /static/game/images/brand/favicon-32.png HTTP/1.1" 200 1969
[14/May/2026 23:33:39] "GET /players/552/?awards_page=1 HTTP/1.1" 200 58015
[14/May/2026 23:33:39] "GET /static/game/css/global-dashboard.css HTTP/1.1" 200 211
[14/May/2026 23:33:39] "GET /static/game/css/player-profile.css HTTP/1.1" 200 39455
[14/May/2026 23:33:39] "GET /static/game/css/trophy-cabinet.css HTTP/1.1" 200 9304
[14/May/2026 23:33:39] "GET /static/game/images/brand/matchengine-logo-128.png HTTP/1.1" 200 15483
[14/May/2026 23:33:39] "GET /static/game/images/icons/sidebar/uebersicht.svg HTTP/1.1" 200 360
[14/May/2026 23:33:39] "GET /static/game/images/icons/sidebar/kader.svg HTTP/1.1" 200 615
[14/May/2026 23:33:39] "GET /static/game/css/global-dashboard/layout-nav.css HTTP/1.1" 200 14834
[14/May/2026 23:33:39] "GET /static/game/css/global-dashboard/dashboard-cards.css HTTP/1.1" 200 12891
[14/May/2026 23:33:39] "GET /static/game/css/global-dashboard/tables-lists.css HTTP/1.1" 200 9923
[14/May/2026 23:33:39] "GET /static/game/css/global-dashboard/responsive.css HTTP/1.1" 200 5122
[14/May/2026 23:33:39] "GET /static/game/images/icons/sidebar/taktik.svg HTTP/1.1" 200 530
[14/May/2026 23:33:39] "GET /static/game/images/icons/sidebar/training.svg HTTP/1.1" 200 582
[14/May/2026 23:33:39] "GET /static/game/images/icons/sidebar/transfers.svg HTTP/1.1" 200 497
[14/May/2026 23:33:39] "GET /static/game/images/icons/sidebar/scouting.svg HTTP/1.1" 200 423
[14/May/2026 23:33:39] "GET /static/game/images/icons/sidebar/jugend.svg HTTP/1.1" 200 392
[14/May/2026 23:33:39] "GET /static/game/images/icons/sidebar/finanzen.svg HTTP/1.1" 200 403
[14/May/2026 23:33:39] "GET /static/game/images/icons/sidebar/verein.svg HTTP/1.1" 200 386
[14/May/2026 23:33:39] "GET /static/game/images/icons/sidebar/mitarbeiter.svg HTTP/1.1" 200 522
[14/May/2026 23:33:39] "GET /static/game/images/icons/sidebar/wettbewerbe.svg HTTP/1.1" 200 432
[14/May/2026 23:33:39] "GET /static/game/images/icons/sidebar/posteingang.svg HTTP/1.1" 200 325
[14/May/2026 23:33:39] "GET /static/game/images/icons/sidebar/einstellungen.svg HTTP/1.1" 200 581
[14/May/2026 23:33:39] "GET /static/game/images/crests/915.png HTTP/1.1" 200 148470
[14/May/2026 23:33:39] "GET /static/game/images/nations/federations/765.png HTTP/1.1" 200 95781
[14/May/2026 23:33:39] "GET /static/game/images/players/28049320.png HTTP/1.1" 200 79774
[14/May/2026 23:33:39] "GET /static/game/images/flags/765.svg HTTP/1.1" 200 1803
[14/May/2026 23:33:39] "GET /static/game/images/flags/789.svg HTTP/1.1" 200 1647
[14/May/2026 23:33:39] "GET /static/game/images/competitions/bundesliga.png HTTP/1.1" 200 22675
[14/May/2026 23:33:39] "GET /static/game/images/icons/stat-goals.svg HTTP/1.1" 200 1058
[14/May/2026 23:33:39] "GET /static/game/images/icons/stat-assists.svg HTTP/1.1" 200 1179
[14/May/2026 23:33:39] "GET /static/game/images/competitions/champions-league.png HTTP/1.1" 200 93326
[14/May/2026 23:33:39] "GET /static/game/images/competitions/dfb-pokal.png HTTP/1.1" 200 26479
[14/May/2026 23:33:39] "GET /static/game/images/competitions/supercup.png HTTP/1.1" 200 27978
[14/May/2026 23:33:39] "GET /static/game/images/icons/injury.png HTTP/1.1" 200 1325171
[14/May/2026 23:33:39] "GET /static/game/images/icons/suspension-cards.svg HTTP/1.1" 200 1334
[14/May/2026 23:33:39] "GET /static/game/images/crests/907.png HTTP/1.1" 200 34735
[14/May/2026 23:33:39] "GET /static/game/images/icons/trophy-heading.png HTTP/1.1" 200 9060
[14/May/2026 23:33:39] "GET /static/game/images/icons/trophy-total.png HTTP/1.1" 200 5402
[14/May/2026 23:33:39] "GET /static/game/images/trophies/podium-trophy.png HTTP/1.1" 200 748570
[14/May/2026 23:33:39] "GET /static/game/images/trophies/1301397.png?v=1767377822 HTTP/1.1" 200 72537
[14/May/2026 23:33:39] "GET /static/game/images/trophies/1301394.png?v=1767377828 HTTP/1.1" 200 88300
[14/May/2026 23:33:39] "GET /static/game/images/trophies/1301410.png?v=1767377822 HTTP/1.1" 200 78266
[14/May/2026 23:33:39] "GET /static/game/images/trophies/22.png?v=1767377822 HTTP/1.1" 200 157699
[14/May/2026 23:33:39] "GET /static/game/images/icons/player-ui-icons.svg HTTP/1.1" 200 4970
[14/May/2026 23:33:39] "GET /static/game/images/backgrounds/player-profile-stadium-atmosphere.svg HTTP/1.1" 200 5840
[14/May/2026 23:33:39] "GET /static/game/images/backgrounds/spielfeld.png HTTP/1.1" 200 2479542
[14/May/2026 23:33:39] "GET /static/game/images/backgrounds/trophy-stage.png HTTP/1.1" 200 1946438
[14/May/2026 23:33:39] "GET /static/game/images/brand/favicon-32.png HTTP/1.1" 200 1969
[14/May/2026 23:36:55] "GET /players/552/?awards_page=1 HTTP/1.1" 200 58015
[14/May/2026 23:36:55] "GET /static/game/css/player-profile.css HTTP/1.1" 304 0
[14/May/2026 23:36:56] "GET /players/552/?awards_page=1 HTTP/1.1" 200 58015
[14/May/2026 23:37:10] "GET /players/552/?awards_page=1 HTTP/1.1" 200 58015
[14/May/2026 23:38:19] "GET /players/552/?awards_page=1 HTTP/1.1" 200 58015
[14/May/2026 23:38:19] "GET /static/game/css/global-dashboard.css HTTP/1.1" 304 0
[14/May/2026 23:38:19] "GET /static/game/css/player-profile.css HTTP/1.1" 200 39455
[14/May/2026 23:38:19] "GET /static/game/css/trophy-cabinet.css HTTP/1.1" 304 0
[14/May/2026 23:38:20] "GET /static/game/images/icons/trophy-heading.png HTTP/1.1" 304 0
[14/May/2026 23:38:20] "GET /static/game/images/icons/trophy-total.png HTTP/1.1" 304 0
[14/May/2026 23:38:20] "GET /static/game/css/global-dashboard/layout-nav.css HTTP/1.1" 304 0
[14/May/2026 23:38:20] "GET /static/game/css/global-dashboard/dashboard-cards.css HTTP/1.1" 304 0
[14/May/2026 23:38:20] "GET /static/game/images/icons/player-ui-icons.svg HTTP/1.1" 304 0
[14/May/2026 23:38:20] "GET /static/game/css/global-dashboard/responsive.css HTTP/1.1" 304 0
[14/May/2026 23:38:20] "GET /static/game/css/global-dashboard/tables-lists.css HTTP/1.1" 304 0
C:\Users\mashu\Documents\Codex\Websoccer\Websoccer\game\views.py changed, reloading.
Watching for file changes with StatReloader
[15/May/2026 00:00:41] "GET /players/552/?awards_page=1 HTTP/1.1" 200 63953
[15/May/2026 00:00:41] "GET /static/game/css/global-dashboard.css HTTP/1.1" 304 0
[15/May/2026 00:00:41] "GET /static/game/css/global-dashboard/layout-nav.css HTTP/1.1" 304 0
[15/May/2026 00:00:41] "GET /static/game/css/global-dashboard/dashboard-cards.css HTTP/1.1" 304 0
[15/May/2026 00:00:41] "GET /static/game/css/global-dashboard/responsive.css HTTP/1.1" 304 0
[15/May/2026 00:00:41] "GET /static/game/css/global-dashboard/tables-lists.css HTTP/1.1" 304 0
[15/May/2026 00:00:41] "GET /static/game/css/player-profile.css HTTP/1.1" 200 40290
[15/May/2026 00:00:41] "GET /static/game/css/trophy-cabinet.css HTTP/1.1" 200 9481
[15/May/2026 00:00:46] "GET /players/552/?awards_page=2 HTTP/1.1" 200 63914
[15/May/2026 00:00:46] "GET /static/game/images/trophies/torjagerkanone-original.png?v=1778712133 HTTP/1.1" 304 0
[15/May/2026 00:00:46] "GET /static/game/images/trophies/player-of-the-season-original.png?v=1778775429 HTTP/1.1" 304 0
[15/May/2026 00:00:51] "GET /players/552/?awards_page=1 HTTP/1.1" 200 63953
[15/May/2026 00:01:14] "GET /players/552/?awards_page=1 HTTP/1.1" 200 63953
[15/May/2026 00:01:14] "GET /static/game/css/global-dashboard.css HTTP/1.1" 200 211
[15/May/2026 00:01:14] "GET /static/game/css/player-profile.css HTTP/1.1" 200 40290
[15/May/2026 00:01:14] "GET /static/game/css/trophy-cabinet.css HTTP/1.1" 200 9481
[15/May/2026 00:01:14] "GET /static/game/images/brand/matchengine-logo-128.png HTTP/1.1" 200 15483
[15/May/2026 00:01:14] "GET /static/game/images/icons/sidebar/uebersicht.svg HTTP/1.1" 200 360
[15/May/2026 00:01:14] "GET /static/game/css/global-dashboard/layout-nav.css HTTP/1.1" 200 14834
[15/May/2026 00:01:14] "GET /static/game/css/global-dashboard/dashboard-cards.css HTTP/1.1" 200 12891
[15/May/2026 00:01:14] "GET /static/game/css/global-dashboard/tables-lists.css HTTP/1.1" 200 9923
[15/May/2026 00:01:14] "GET /static/game/css/global-dashboard/responsive.css HTTP/1.1" 200 5122
[15/May/2026 00:01:14] "GET /static/game/images/icons/sidebar/kader.svg HTTP/1.1" 200 615
[15/May/2026 00:01:14] "GET /static/game/images/icons/sidebar/taktik.svg HTTP/1.1" 200 530
[15/May/2026 00:01:14] "GET /static/game/images/icons/sidebar/training.svg HTTP/1.1" 200 582
[15/May/2026 00:01:14] "GET /static/game/images/icons/sidebar/transfers.svg HTTP/1.1" 200 497
[15/May/2026 00:01:14] "GET /static/game/images/icons/sidebar/scouting.svg HTTP/1.1" 200 423
[15/May/2026 00:01:14] "GET /static/game/images/icons/sidebar/jugend.svg HTTP/1.1" 200 392
[15/May/2026 00:01:14] "GET /static/game/images/icons/sidebar/finanzen.svg HTTP/1.1" 200 403
[15/May/2026 00:01:14] "GET /static/game/images/icons/sidebar/verein.svg HTTP/1.1" 200 386
[15/May/2026 00:01:14] "GET /static/game/images/icons/sidebar/mitarbeiter.svg HTTP/1.1" 200 522
[15/May/2026 00:01:14] "GET /static/game/images/icons/sidebar/wettbewerbe.svg HTTP/1.1" 200 432
[15/May/2026 00:01:14] "GET /static/game/images/icons/sidebar/posteingang.svg HTTP/1.1" 200 325
[15/May/2026 00:01:14] "GET /static/game/images/icons/sidebar/einstellungen.svg HTTP/1.1" 200 581
[15/May/2026 00:01:14] "GET /static/game/images/crests/915.png HTTP/1.1" 200 148470
[15/May/2026 00:01:14] "GET /static/game/images/nations/federations/765.png HTTP/1.1" 200 95781
[15/May/2026 00:01:14] "GET /static/game/images/players/28049320.png HTTP/1.1" 200 79774
[15/May/2026 00:01:14] "GET /static/game/images/flags/765.svg HTTP/1.1" 200 1803
[15/May/2026 00:01:14] "GET /static/game/images/flags/789.svg HTTP/1.1" 200 1647
[15/May/2026 00:01:14] "GET /static/game/images/competitions/bundesliga.png HTTP/1.1" 200 22675
[15/May/2026 00:01:14] "GET /static/game/images/icons/stat-goals.svg HTTP/1.1" 200 1058
[15/May/2026 00:01:14] "GET /static/game/images/icons/stat-assists.svg HTTP/1.1" 200 1179
[15/May/2026 00:01:14] "GET /static/game/images/competitions/champions-league.png HTTP/1.1" 200 93326
[15/May/2026 00:01:14] "GET /static/game/images/competitions/dfb-pokal.png HTTP/1.1" 200 26479
[15/May/2026 00:01:14] "GET /static/game/images/competitions/supercup.png HTTP/1.1" 200 27978
[15/May/2026 00:01:14] "GET /static/game/images/icons/injury.png HTTP/1.1" 200 1325171
[15/May/2026 00:01:14] "GET /static/game/images/icons/suspension-cards.svg HTTP/1.1" 200 1334
[15/May/2026 00:01:14] "GET /static/game/images/crests/907.png HTTP/1.1" 200 34735
[15/May/2026 00:01:14] "GET /static/game/images/icons/trophy-heading.png HTTP/1.1" 200 9060
[15/May/2026 00:01:14] "GET /static/game/images/icons/trophy-total.png HTTP/1.1" 200 5402
[15/May/2026 00:01:14] "GET /static/game/images/trophies/podium-trophy.png HTTP/1.1" 200 748570
[15/May/2026 00:01:14] "GET /static/game/images/trophies/1301397.png?v=1767377822 HTTP/1.1" 200 72537
[15/May/2026 00:01:14] "GET /static/game/images/trophies/1301394.png?v=1767377828 HTTP/1.1" 200 88300
[15/May/2026 00:01:14] "GET /static/game/images/trophies/1301410.png?v=1767377822 HTTP/1.1" 200 78266
[15/May/2026 00:01:14] "GET /static/game/images/trophies/22.png?v=1767377822 HTTP/1.1" 200 157699
[15/May/2026 00:01:14] "GET /static/game/images/icons/player-ui-icons.svg HTTP/1.1" 200 4970
[15/May/2026 00:01:14] "GET /static/game/images/backgrounds/player-profile-stadium-atmosphere.svg HTTP/1.1" 200 5840
[15/May/2026 00:01:14] "GET /static/game/images/backgrounds/spielfeld.png HTTP/1.1" 200 2479542
[15/May/2026 00:01:14] "GET /static/game/images/backgrounds/trophy-stage.png HTTP/1.1" 200 1946438
[15/May/2026 00:01:14] "GET /static/game/images/brand/favicon-32.png HTTP/1.1" 200 1969
[15/May/2026 00:06:25] "GET /players/552/?awards_page=1 HTTP/1.1" 200 63953
[15/May/2026 00:06:25] "GET /static/game/css/global-dashboard.css HTTP/1.1" 200 211
[15/May/2026 00:06:25] "GET /static/game/css/player-profile.css HTTP/1.1" 200 40372
[15/May/2026 00:06:25] "GET /static/game/css/trophy-cabinet.css HTTP/1.1" 200 9481
[15/May/2026 00:06:25] "GET /static/game/images/brand/matchengine-logo-128.png HTTP/1.1" 200 15483
[15/May/2026 00:06:25] "GET /static/game/images/icons/sidebar/uebersicht.svg HTTP/1.1" 200 360
[15/May/2026 00:06:25] "GET /static/game/images/icons/sidebar/kader.svg HTTP/1.1" 200 615
[15/May/2026 00:06:25] "GET /static/game/css/global-dashboard/layout-nav.css HTTP/1.1" 200 14834
[15/May/2026 00:06:25] "GET /static/game/css/global-dashboard/dashboard-cards.css HTTP/1.1" 200 12891
[15/May/2026 00:06:25] "GET /static/game/css/global-dashboard/tables-lists.css HTTP/1.1" 200 9923
[15/May/2026 00:06:25] "GET /static/game/css/global-dashboard/responsive.css HTTP/1.1" 200 5122
[15/May/2026 00:06:25] "GET /static/game/images/icons/sidebar/taktik.svg HTTP/1.1" 200 530
[15/May/2026 00:06:25] "GET /static/game/images/icons/sidebar/training.svg HTTP/1.1" 200 582
[15/May/2026 00:06:25] "GET /static/game/images/icons/sidebar/transfers.svg HTTP/1.1" 200 497
[15/May/2026 00:06:25] "GET /static/game/images/icons/sidebar/scouting.svg HTTP/1.1" 200 423
[15/May/2026 00:06:25] "GET /static/game/images/icons/sidebar/jugend.svg HTTP/1.1" 200 392
[15/May/2026 00:06:25] "GET /static/game/images/icons/sidebar/finanzen.svg HTTP/1.1" 200 403
[15/May/2026 00:06:25] "GET /static/game/images/icons/sidebar/verein.svg HTTP/1.1" 200 386
[15/May/2026 00:06:25] "GET /static/game/images/icons/sidebar/mitarbeiter.svg HTTP/1.1" 200 522
[15/May/2026 00:06:25] "GET /static/game/images/icons/sidebar/wettbewerbe.svg HTTP/1.1" 200 432
[15/May/2026 00:06:25] "GET /static/game/images/icons/sidebar/posteingang.svg HTTP/1.1" 200 325
[15/May/2026 00:06:25] "GET /static/game/images/icons/sidebar/einstellungen.svg HTTP/1.1" 200 581
[15/May/2026 00:06:25] "GET /static/game/images/crests/915.png HTTP/1.1" 200 148470
[15/May/2026 00:06:25] "GET /static/game/images/nations/federations/765.png HTTP/1.1" 200 95781
[15/May/2026 00:06:25] "GET /static/game/images/backgrounds/player-profile-stadium-atmosphere.svg HTTP/1.1" 200 5840
[15/May/2026 00:06:25] "GET /static/game/images/icons/trophy-heading.png HTTP/1.1" 200 9060
[15/May/2026 00:06:25] "GET /static/game/images/icons/suspension-cards.svg HTTP/1.1" 200 1334
[15/May/2026 00:06:25] "GET /static/game/images/crests/907.png HTTP/1.1" 200 34735
[15/May/2026 00:06:25] "GET /static/game/images/icons/trophy-total.png HTTP/1.1" 200 5402
[15/May/2026 00:06:25] "GET /static/game/images/competitions/supercup.png HTTP/1.1" 200 27978
[15/May/2026 00:06:25] "GET /static/game/images/trophies/1301410.png?v=1767377822 HTTP/1.1" 200 78266
[15/May/2026 00:06:25] "GET /static/game/images/trophies/1301394.png?v=1767377828 HTTP/1.1" 200 88300
[15/May/2026 00:06:25] "GET /static/game/images/icons/stat-assists.svg HTTP/1.1" 200 1179
[15/May/2026 00:06:25] "GET /static/game/images/trophies/22.png?v=1767377822 HTTP/1.1" 200 157699
[15/May/2026 00:06:25] "GET /static/game/images/competitions/dfb-pokal.png HTTP/1.1" 200 26479
[15/May/2026 00:06:25] "GET /static/game/images/competitions/champions-league.png HTTP/1.1" 200 93326
[15/May/2026 00:06:25] "GET /static/game/images/trophies/1301397.png?v=1767377822 HTTP/1.1" 200 72537
[15/May/2026 00:06:25] "GET /static/game/images/flags/765.svg HTTP/1.1" 200 1803
[15/May/2026 00:06:25] "GET /static/game/images/flags/789.svg HTTP/1.1" 200 1647
[15/May/2026 00:06:25] "GET /static/game/images/players/28049320.png HTTP/1.1" 200 79774
[15/May/2026 00:06:25] "GET /static/game/images/competitions/bundesliga.png HTTP/1.1" 200 22675
[15/May/2026 00:06:25] "GET /static/game/images/icons/stat-goals.svg HTTP/1.1" 200 1058
[15/May/2026 00:06:25] "GET /static/game/images/backgrounds/spielfeld.png HTTP/1.1" 200 2479542
[15/May/2026 00:06:25] "GET /static/game/images/icons/player-ui-icons.svg HTTP/1.1" 200 4970
[15/May/2026 00:06:25] "GET /static/game/images/icons/injury.png HTTP/1.1" 200 1325171
[15/May/2026 00:06:25] "GET /static/game/images/trophies/podium-trophy.png HTTP/1.1" 200 748570
[15/May/2026 00:06:25] "GET /static/game/images/backgrounds/trophy-stage.png HTTP/1.1" 200 1946438
[15/May/2026 00:06:25] "GET /static/game/images/brand/favicon-32.png HTTP/1.1" 200 1969
[15/May/2026 00:07:56] "GET /players/552/?awards_page=1 HTTP/1.1" 200 63953
[15/May/2026 00:07:56] "GET /static/game/css/global-dashboard.css HTTP/1.1" 200 211
[15/May/2026 00:07:56] "GET /static/game/css/player-profile.css HTTP/1.1" 200 40372
[15/May/2026 00:07:56] "GET /static/game/css/trophy-cabinet.css HTTP/1.1" 200 9481
[15/May/2026 00:07:56] "GET /static/game/images/brand/matchengine-logo-128.png HTTP/1.1" 200 15483
[15/May/2026 00:07:56] "GET /static/game/images/icons/sidebar/uebersicht.svg HTTP/1.1" 200 360
[15/May/2026 00:07:56] "GET /static/game/images/icons/sidebar/kader.svg HTTP/1.1" 200 615
[15/May/2026 00:07:56] "GET /static/game/css/global-dashboard/layout-nav.css HTTP/1.1" 200 14834
[15/May/2026 00:07:56] "GET /static/game/css/global-dashboard/dashboard-cards.css HTTP/1.1" 200 12891
[15/May/2026 00:07:56] "GET /static/game/css/global-dashboard/tables-lists.css HTTP/1.1" 200 9923
[15/May/2026 00:07:56] "GET /static/game/css/global-dashboard/responsive.css HTTP/1.1" 200 5122
[15/May/2026 00:07:56] "GET /static/game/images/icons/sidebar/taktik.svg HTTP/1.1" 200 530
[15/May/2026 00:07:56] "GET /static/game/images/icons/sidebar/training.svg HTTP/1.1" 200 582
[15/May/2026 00:07:56] "GET /static/game/images/icons/sidebar/transfers.svg HTTP/1.1" 200 497
[15/May/2026 00:07:56] "GET /static/game/images/icons/sidebar/scouting.svg HTTP/1.1" 200 423
[15/May/2026 00:07:56] "GET /static/game/images/icons/sidebar/jugend.svg HTTP/1.1" 200 392
[15/May/2026 00:07:56] "GET /static/game/images/icons/sidebar/finanzen.svg HTTP/1.1" 200 403
[15/May/2026 00:07:56] "GET /static/game/images/icons/sidebar/verein.svg HTTP/1.1" 200 386
[15/May/2026 00:07:56] "GET /static/game/images/icons/sidebar/mitarbeiter.svg HTTP/1.1" 200 522
[15/May/2026 00:07:56] "GET /static/game/images/icons/sidebar/wettbewerbe.svg HTTP/1.1" 200 432
[15/May/2026 00:07:56] "GET /static/game/images/icons/sidebar/posteingang.svg HTTP/1.1" 200 325
[15/May/2026 00:07:56] "GET /static/game/images/icons/sidebar/einstellungen.svg HTTP/1.1" 200 581
[15/May/2026 00:07:56] "GET /static/game/images/crests/915.png HTTP/1.1" 200 148470
[15/May/2026 00:07:56] "GET /static/game/images/nations/federations/765.png HTTP/1.1" 200 95781
[15/May/2026 00:07:56] "GET /static/game/images/players/28049320.png HTTP/1.1" 200 79774
[15/May/2026 00:07:56] "GET /static/game/images/flags/765.svg HTTP/1.1" 200 1803
[15/May/2026 00:07:56] "GET /static/game/images/flags/789.svg HTTP/1.1" 200 1647
[15/May/2026 00:07:56] "GET /static/game/images/competitions/bundesliga.png HTTP/1.1" 200 22675
[15/May/2026 00:07:56] "GET /static/game/images/icons/stat-goals.svg HTTP/1.1" 200 1058
[15/May/2026 00:07:56] "GET /static/game/images/icons/stat-assists.svg HTTP/1.1" 200 1179
[15/May/2026 00:07:56] "GET /static/game/images/competitions/champions-league.png HTTP/1.1" 200 93326
[15/May/2026 00:07:56] "GET /static/game/images/competitions/dfb-pokal.png HTTP/1.1" 200 26479
[15/May/2026 00:07:56] "GET /static/game/images/competitions/supercup.png HTTP/1.1" 200 27978
[15/May/2026 00:07:56] "GET /static/game/images/icons/injury.png HTTP/1.1" 200 1325171
[15/May/2026 00:07:56] "GET /static/game/images/icons/suspension-cards.svg HTTP/1.1" 200 1334
[15/May/2026 00:07:56] "GET /static/game/images/crests/907.png HTTP/1.1" 200 34735
[15/May/2026 00:07:56] "GET /static/game/images/icons/trophy-heading.png HTTP/1.1" 200 9060
[15/May/2026 00:07:56] "GET /static/game/images/icons/trophy-total.png HTTP/1.1" 200 5402
[15/May/2026 00:07:56] "GET /static/game/images/trophies/podium-trophy.png HTTP/1.1" 200 748570
[15/May/2026 00:07:56] "GET /static/game/images/trophies/1301397.png?v=1767377822 HTTP/1.1" 200 72537
[15/May/2026 00:07:56] "GET /static/game/images/trophies/1301394.png?v=1767377828 HTTP/1.1" 200 88300
[15/May/2026 00:07:56] "GET /static/game/images/trophies/1301410.png?v=1767377822 HTTP/1.1" 200 78266
[15/May/2026 00:07:56] "GET /static/game/images/trophies/22.png?v=1767377822 HTTP/1.1" 200 157699
[15/May/2026 00:07:56] "GET /static/game/images/icons/player-ui-icons.svg HTTP/1.1" 200 4970
[15/May/2026 00:07:56] "GET /static/game/images/backgrounds/player-profile-stadium-atmosphere.svg HTTP/1.1" 200 5840
[15/May/2026 00:07:56] "GET /static/game/images/backgrounds/spielfeld.png HTTP/1.1" 200 2479542
[15/May/2026 00:07:56] "GET /static/game/images/backgrounds/trophy-stage.png HTTP/1.1" 200 1946438
[15/May/2026 00:07:56] "GET /static/game/images/brand/favicon-32.png HTTP/1.1" 200 1969
[15/May/2026 00:11:58] "GET /players/552/?awards_page=1 HTTP/1.1" 200 63953
[15/May/2026 00:11:58] "GET /static/game/images/brand/matchengine-logo-128.png HTTP/1.1" 304 0
[15/May/2026 00:11:58] "GET /static/game/css/trophy-cabinet.css HTTP/1.1" 304 0
[15/May/2026 00:11:58] "GET /static/game/css/player-profile.css HTTP/1.1" 200 40404
[15/May/2026 00:11:58] "GET /static/game/images/brand/favicon-32.png HTTP/1.1" 304 0
[15/May/2026 00:12:02] "GET /players/552/?awards_page=1 HTTP/1.1" 200 63953
[15/May/2026 00:12:51] "GET /players/552/?awards_page=1 HTTP/1.1" 200 63953
[15/May/2026 00:12:51] "GET /static/game/css/global-dashboard.css HTTP/1.1" 200 211
[15/May/2026 00:12:51] "GET /static/game/css/player-profile.css HTTP/1.1" 200 40404
[15/May/2026 00:12:51] "GET /static/game/css/trophy-cabinet.css HTTP/1.1" 200 9481
[15/May/2026 00:12:51] "GET /static/game/images/brand/matchengine-logo-128.png HTTP/1.1" 200 15483
[15/May/2026 00:12:51] "GET /static/game/images/icons/sidebar/uebersicht.svg HTTP/1.1" 200 360
[15/May/2026 00:12:51] "GET /static/game/images/icons/sidebar/kader.svg HTTP/1.1" 200 615
[15/May/2026 00:12:51] "GET /static/game/css/global-dashboard/layout-nav.css HTTP/1.1" 200 14834
[15/May/2026 00:12:51] "GET /static/game/css/global-dashboard/dashboard-cards.css HTTP/1.1" 200 12891
[15/May/2026 00:12:51] "GET /static/game/css/global-dashboard/tables-lists.css HTTP/1.1" 200 9923
[15/May/2026 00:12:51] "GET /static/game/css/global-dashboard/responsive.css HTTP/1.1" 200 5122
[15/May/2026 00:12:51] "GET /static/game/images/icons/sidebar/taktik.svg HTTP/1.1" 200 530
[15/May/2026 00:12:51] "GET /static/game/images/icons/sidebar/training.svg HTTP/1.1" 200 582
[15/May/2026 00:12:51] "GET /static/game/images/icons/sidebar/transfers.svg HTTP/1.1" 200 497
[15/May/2026 00:12:51] "GET /static/game/images/icons/sidebar/scouting.svg HTTP/1.1" 200 423
[15/May/2026 00:12:51] "GET /static/game/images/icons/sidebar/jugend.svg HTTP/1.1" 200 392
[15/May/2026 00:12:51] "GET /static/game/images/icons/sidebar/finanzen.svg HTTP/1.1" 200 403
[15/May/2026 00:12:51] "GET /static/game/images/icons/sidebar/verein.svg HTTP/1.1" 200 386
[15/May/2026 00:12:51] "GET /static/game/images/icons/sidebar/mitarbeiter.svg HTTP/1.1" 200 522
[15/May/2026 00:12:51] "GET /static/game/images/icons/sidebar/wettbewerbe.svg HTTP/1.1" 200 432
[15/May/2026 00:12:51] "GET /static/game/images/icons/sidebar/posteingang.svg HTTP/1.1" 200 325
[15/May/2026 00:12:51] "GET /static/game/images/icons/sidebar/einstellungen.svg HTTP/1.1" 200 581
[15/May/2026 00:12:51] "GET /static/game/images/crests/915.png HTTP/1.1" 200 148470
[15/May/2026 00:12:51] "GET /static/game/images/nations/federations/765.png HTTP/1.1" 200 95781
[15/May/2026 00:12:51] "GET /static/game/images/players/28049320.png HTTP/1.1" 200 79774
[15/May/2026 00:12:51] "GET /static/game/images/flags/765.svg HTTP/1.1" 200 1803
[15/May/2026 00:12:51] "GET /static/game/images/flags/789.svg HTTP/1.1" 200 1647
[15/May/2026 00:12:51] "GET /static/game/images/competitions/bundesliga.png HTTP/1.1" 200 22675
[15/May/2026 00:12:51] "GET /static/game/images/icons/stat-goals.svg HTTP/1.1" 200 1058
[15/May/2026 00:12:51] "GET /static/game/images/icons/stat-assists.svg HTTP/1.1" 200 1179
[15/May/2026 00:12:51] "GET /static/game/images/competitions/champions-league.png HTTP/1.1" 200 93326
[15/May/2026 00:12:51] "GET /static/game/images/competitions/dfb-pokal.png HTTP/1.1" 200 26479
[15/May/2026 00:12:51] "GET /static/game/images/competitions/supercup.png HTTP/1.1" 200 27978
[15/May/2026 00:12:51] "GET /static/game/images/icons/injury.png HTTP/1.1" 200 1325171
[15/May/2026 00:12:51] "GET /static/game/images/icons/suspension-cards.svg HTTP/1.1" 200 1334
[15/May/2026 00:12:51] "GET /static/game/images/crests/907.png HTTP/1.1" 200 34735
[15/May/2026 00:12:51] "GET /static/game/images/icons/trophy-heading.png HTTP/1.1" 200 9060
[15/May/2026 00:12:51] "GET /static/game/images/icons/trophy-total.png HTTP/1.1" 200 5402
[15/May/2026 00:12:51] "GET /static/game/images/trophies/podium-trophy.png HTTP/1.1" 200 748570
[15/May/2026 00:12:51] "GET /static/game/images/trophies/1301397.png?v=1767377822 HTTP/1.1" 200 72537
[15/May/2026 00:12:51] "GET /static/game/images/trophies/1301394.png?v=1767377828 HTTP/1.1" 200 88300
[15/May/2026 00:12:51] "GET /static/game/images/trophies/1301410.png?v=1767377822 HTTP/1.1" 200 78266
[15/May/2026 00:12:51] "GET /static/game/images/trophies/22.png?v=1767377822 HTTP/1.1" 200 157699
[15/May/2026 00:12:51] "GET /static/game/images/icons/player-ui-icons.svg HTTP/1.1" 200 4970
[15/May/2026 00:12:51] "GET /static/game/images/backgrounds/player-profile-stadium-atmosphere.svg HTTP/1.1" 200 5840
[15/May/2026 00:12:51] "GET /static/game/images/backgrounds/spielfeld.png HTTP/1.1" 200 2479542
[15/May/2026 00:12:51] "GET /static/game/images/backgrounds/trophy-stage.png HTTP/1.1" 200 1946438
[15/May/2026 00:12:51] "GET /static/game/images/brand/favicon-32.png HTTP/1.1" 200 1969
[15/May/2026 00:13:12] "GET /players/552/?awards_page=2 HTTP/1.1" 200 63914
[15/May/2026 00:13:12] "GET /static/game/css/player-profile.css HTTP/1.1" 304 0
[15/May/2026 00:13:13] "GET /players/552/?awards_page=1 HTTP/1.1" 200 63953
[15/May/2026 00:16:24] "GET /players/552/?awards_page=1 HTTP/1.1" 200 63953
[15/May/2026 00:16:24] "GET /static/game/css/trophy-cabinet.css HTTP/1.1" 304 0
[15/May/2026 00:16:24] "GET /static/game/images/icons/sidebar/uebersicht.svg HTTP/1.1" 304 0
[15/May/2026 00:16:24] "GET /static/game/images/icons/sidebar/kader.svg HTTP/1.1" 304 0
[15/May/2026 00:16:24] "GET /static/game/images/icons/sidebar/scouting.svg HTTP/1.1" 304 0
[15/May/2026 00:16:24] "GET /static/game/images/icons/sidebar/training.svg HTTP/1.1" 304 0
[15/May/2026 00:16:24] "GET /static/game/images/icons/sidebar/taktik.svg HTTP/1.1" 304 0
[15/May/2026 00:16:24] "GET /static/game/images/icons/sidebar/transfers.svg HTTP/1.1" 304 0
[15/May/2026 00:16:24] "GET /static/game/images/icons/sidebar/jugend.svg HTTP/1.1" 304 0
[15/May/2026 00:16:24] "GET /static/game/css/player-profile.css HTTP/1.1" 200 40418
[15/May/2026 00:16:24] "GET /static/game/images/icons/sidebar/finanzen.svg HTTP/1.1" 304 0
[15/May/2026 00:16:24] "GET /static/game/images/icons/sidebar/wettbewerbe.svg HTTP/1.1" 304 0
[15/May/2026 00:16:24] "GET /static/game/images/icons/sidebar/mitarbeiter.svg HTTP/1.1" 304 0
[15/May/2026 00:16:24] "GET /static/game/images/icons/sidebar/verein.svg HTTP/1.1" 304 0
[15/May/2026 00:16:24] "GET /static/game/images/icons/sidebar/posteingang.svg HTTP/1.1" 304 0
[15/May/2026 00:16:24] "GET /static/game/images/icons/sidebar/einstellungen.svg HTTP/1.1" 304 0
[15/May/2026 00:17:05] "GET /players/552/?awards_page=1 HTTP/1.1" 200 63953
[15/May/2026 00:17:05] "GET /static/game/css/global-dashboard.css HTTP/1.1" 304 0
[15/May/2026 00:17:05] "GET /static/game/css/player-profile.css HTTP/1.1" 200 40418
[15/May/2026 00:17:05] "GET /static/game/css/trophy-cabinet.css HTTP/1.1" 200 9481
[15/May/2026 00:17:05] "GET /static/game/images/trophies/podium-trophy.png HTTP/1.1" 304 0
[15/May/2026 00:17:05] "GET /static/game/css/global-dashboard/dashboard-cards.css HTTP/1.1" 304 0
[15/May/2026 00:17:05] "GET /static/game/css/global-dashboard/tables-lists.css HTTP/1.1" 304 0
[15/May/2026 00:17:05] "GET /static/game/css/global-dashboard/responsive.css HTTP/1.1" 304 0
[15/May/2026 00:17:05] "GET /static/game/css/global-dashboard/layout-nav.css HTTP/1.1" 304 0
[15/May/2026 00:17:05] "GET /static/game/images/backgrounds/spielfeld.png HTTP/1.1" 304 0
[15/May/2026 00:17:05] "GET /static/game/images/backgrounds/trophy-stage.png HTTP/1.1" 304 0
[15/May/2026 00:18:05] "GET /players/552/?awards_page=2 HTTP/1.1" 200 63914
[15/May/2026 00:18:05] "GET /static/game/css/player-profile.css HTTP/1.1" 304 0
[15/May/2026 00:19:18] "GET /players/552/?awards_page=1 HTTP/1.1" 200 63953
[15/May/2026 00:19:18] "GET /static/game/css/global-dashboard.css HTTP/1.1" 200 211
[15/May/2026 00:19:18] "GET /static/game/css/player-profile.css HTTP/1.1" 200 40418
[15/May/2026 00:19:18] "GET /static/game/css/trophy-cabinet.css HTTP/1.1" 200 9481
[15/May/2026 00:19:18] "GET /static/game/images/brand/matchengine-logo-128.png HTTP/1.1" 200 15483
[15/May/2026 00:19:18] "GET /static/game/images/icons/sidebar/uebersicht.svg HTTP/1.1" 200 360
[15/May/2026 00:19:18] "GET /static/game/images/icons/sidebar/kader.svg HTTP/1.1" 200 615
[15/May/2026 00:19:18] "GET /static/game/images/icons/sidebar/taktik.svg HTTP/1.1" 200 530
[15/May/2026 00:19:18] "GET /static/game/images/icons/sidebar/training.svg HTTP/1.1" 200 582
[15/May/2026 00:19:18] "GET /static/game/images/icons/sidebar/transfers.svg HTTP/1.1" 200 497
[15/May/2026 00:19:18] "GET /static/game/css/global-dashboard/layout-nav.css HTTP/1.1" 200 14834
[15/May/2026 00:19:18] "GET /static/game/css/global-dashboard/dashboard-cards.css HTTP/1.1" 200 12891
[15/May/2026 00:19:18] "GET /static/game/css/global-dashboard/tables-lists.css HTTP/1.1" 200 9923
[15/May/2026 00:19:18] "GET /static/game/css/global-dashboard/responsive.css HTTP/1.1" 200 5122
[15/May/2026 00:19:18] "GET /static/game/images/icons/sidebar/scouting.svg HTTP/1.1" 200 423
[15/May/2026 00:19:18] "GET /static/game/images/icons/sidebar/jugend.svg HTTP/1.1" 200 392
[15/May/2026 00:19:18] "GET /static/game/images/icons/sidebar/finanzen.svg HTTP/1.1" 200 403
[15/May/2026 00:19:18] "GET /static/game/images/icons/sidebar/verein.svg HTTP/1.1" 200 386
[15/May/2026 00:19:18] "GET /static/game/images/icons/sidebar/mitarbeiter.svg HTTP/1.1" 200 522
[15/May/2026 00:19:18] "GET /static/game/images/icons/sidebar/wettbewerbe.svg HTTP/1.1" 200 432
[15/May/2026 00:19:18] "GET /static/game/images/icons/sidebar/posteingang.svg HTTP/1.1" 200 325
[15/May/2026 00:19:18] "GET /static/game/images/icons/sidebar/einstellungen.svg HTTP/1.1" 200 581
[15/May/2026 00:19:18] "GET /static/game/images/crests/915.png HTTP/1.1" 200 148470
[15/May/2026 00:19:18] "GET /static/game/images/nations/federations/765.png HTTP/1.1" 200 95781
[15/May/2026 00:19:18] "GET /static/game/images/icons/trophy-total.png HTTP/1.1" 200 5402
[15/May/2026 00:19:18] "GET /static/game/images/competitions/supercup.png HTTP/1.1" 200 27978
[15/May/2026 00:19:18] "GET /static/game/images/icons/suspension-cards.svg HTTP/1.1" 200 1334
[15/May/2026 00:19:18] "GET /static/game/images/backgrounds/player-profile-stadium-atmosphere.svg HTTP/1.1" 200 5840
[15/May/2026 00:19:18] "GET /static/game/images/crests/907.png HTTP/1.1" 200 34735
[15/May/2026 00:19:18] "GET /static/game/images/trophies/1301394.png?v=1767377828 HTTP/1.1" 200 88300
[15/May/2026 00:19:18] "GET /static/game/images/icons/trophy-heading.png HTTP/1.1" 200 9060
[15/May/2026 00:19:18] "GET /static/game/images/icons/stat-assists.svg HTTP/1.1" 200 1179
[15/May/2026 00:19:18] "GET /static/game/images/competitions/dfb-pokal.png HTTP/1.1" 200 26479
[15/May/2026 00:19:18] "GET /static/game/images/trophies/1301410.png?v=1767377822 HTTP/1.1" 200 78266
[15/May/2026 00:19:18] "GET /static/game/images/competitions/champions-league.png HTTP/1.1" 200 93326
[15/May/2026 00:19:18] "GET /static/game/images/trophies/1301397.png?v=1767377822 HTTP/1.1" 200 72537
[15/May/2026 00:19:18] "GET /static/game/images/trophies/22.png?v=1767377822 HTTP/1.1" 200 157699
[15/May/2026 00:19:18] "GET /static/game/images/flags/765.svg HTTP/1.1" 200 1803
[15/May/2026 00:19:18] "GET /static/game/images/players/28049320.png HTTP/1.1" 200 79774
[15/May/2026 00:19:18] "GET /static/game/images/flags/789.svg HTTP/1.1" 200 1647
[15/May/2026 00:19:18] "GET /static/game/images/icons/stat-goals.svg HTTP/1.1" 200 1058
[15/May/2026 00:19:18] "GET /static/game/images/competitions/bundesliga.png HTTP/1.1" 200 22675
[15/May/2026 00:19:18] "GET /static/game/images/icons/player-ui-icons.svg HTTP/1.1" 200 4970
[15/May/2026 00:19:18] "GET /static/game/images/trophies/podium-trophy.png HTTP/1.1" 200 748570
[15/May/2026 00:19:18] "GET /static/game/images/backgrounds/trophy-stage.png HTTP/1.1" 200 1946438
[15/May/2026 00:19:18] "GET /static/game/images/icons/injury.png HTTP/1.1" 200 1325171
[15/May/2026 00:19:18] "GET /static/game/images/backgrounds/spielfeld.png HTTP/1.1" 200 2479542
[15/May/2026 00:19:18] "GET /static/game/images/brand/favicon-32.png HTTP/1.1" 200 1969
[15/May/2026 00:34:55] "GET /players/552/?awards_page=1 HTTP/1.1" 200 62989
[15/May/2026 00:34:55] "GET /static/game/css/global-dashboard.css HTTP/1.1" 200 211
[15/May/2026 00:34:55] "GET /static/game/css/player-profile.css HTTP/1.1" 200 40495
[15/May/2026 00:34:55] "GET /static/game/css/trophy-cabinet.css HTTP/1.1" 200 11267
[15/May/2026 00:34:55] "GET /static/game/images/brand/matchengine-logo-128.png HTTP/1.1" 200 15483
[15/May/2026 00:34:55] "GET /static/game/images/icons/sidebar/uebersicht.svg HTTP/1.1" 200 360
[15/May/2026 00:34:55] "GET /static/game/images/icons/sidebar/kader.svg HTTP/1.1" 200 615
[15/May/2026 00:34:55] "GET /static/game/images/icons/sidebar/taktik.svg HTTP/1.1" 200 530
[15/May/2026 00:34:55] "GET /static/game/images/icons/sidebar/training.svg HTTP/1.1" 200 582
[15/May/2026 00:34:55] "GET /static/game/images/icons/sidebar/transfers.svg HTTP/1.1" 200 497
[15/May/2026 00:34:55] "GET /static/game/images/icons/sidebar/scouting.svg HTTP/1.1" 200 423
[15/May/2026 00:34:55] "GET /static/game/css/global-dashboard/layout-nav.css HTTP/1.1" 200 14834
[15/May/2026 00:34:55] "GET /static/game/css/global-dashboard/dashboard-cards.css HTTP/1.1" 200 12891
[15/May/2026 00:34:55] "GET /static/game/css/global-dashboard/tables-lists.css HTTP/1.1" 200 9923
[15/May/2026 00:34:55] "GET /static/game/css/global-dashboard/responsive.css HTTP/1.1" 200 5122
[15/May/2026 00:34:55] "GET /static/game/images/icons/sidebar/jugend.svg HTTP/1.1" 200 392
[15/May/2026 00:34:55] "GET /static/game/images/icons/sidebar/finanzen.svg HTTP/1.1" 200 403
[15/May/2026 00:34:55] "GET /static/game/images/icons/sidebar/verein.svg HTTP/1.1" 200 386
[15/May/2026 00:34:55] "GET /static/game/images/icons/sidebar/mitarbeiter.svg HTTP/1.1" 200 522
[15/May/2026 00:34:55] "GET /static/game/images/icons/sidebar/wettbewerbe.svg HTTP/1.1" 200 432
[15/May/2026 00:34:55] "GET /static/game/images/icons/sidebar/posteingang.svg HTTP/1.1" 200 325
[15/May/2026 00:34:55] "GET /static/game/images/icons/sidebar/einstellungen.svg HTTP/1.1" 200 581
[15/May/2026 00:34:55] "GET /static/game/images/crests/915.png HTTP/1.1" 200 148470
[15/May/2026 00:34:55] "GET /static/game/images/nations/federations/765.png HTTP/1.1" 200 95781
[15/May/2026 00:34:55] "GET /static/game/images/players/28049320.png HTTP/1.1" 200 79774
[15/May/2026 00:34:55] "GET /static/game/images/flags/765.svg HTTP/1.1" 200 1803
[15/May/2026 00:34:55] "GET /static/game/images/flags/789.svg HTTP/1.1" 200 1647
[15/May/2026 00:34:55] "GET /static/game/images/competitions/bundesliga.png HTTP/1.1" 200 22675
[15/May/2026 00:34:55] "GET /static/game/images/icons/stat-goals.svg HTTP/1.1" 200 1058
[15/May/2026 00:34:55] "GET /static/game/images/icons/stat-assists.svg HTTP/1.1" 200 1179
[15/May/2026 00:34:55] "GET /static/game/images/competitions/champions-league.png HTTP/1.1" 200 93326
[15/May/2026 00:34:55] "GET /static/game/images/competitions/dfb-pokal.png HTTP/1.1" 200 26479
[15/May/2026 00:34:55] "GET /static/game/images/competitions/supercup.png HTTP/1.1" 200 27978
[15/May/2026 00:34:55] "GET /static/game/images/icons/injury.png HTTP/1.1" 200 1325171
[15/May/2026 00:34:55] "GET /static/game/images/icons/suspension-cards.svg HTTP/1.1" 200 1334
[15/May/2026 00:34:55] "GET /static/game/images/crests/907.png HTTP/1.1" 200 34735
[15/May/2026 00:34:55] "GET /static/game/images/icons/trophy-heading.png HTTP/1.1" 200 9060
[15/May/2026 00:34:55] "GET /static/game/images/icons/trophy-total.png HTTP/1.1" 200 5402
[15/May/2026 00:34:55] "GET /static/game/images/trophies/podium-trophy.png HTTP/1.1" 200 748570
[15/May/2026 00:34:55] "GET /static/game/images/trophies/1301397.png?v=1767377822 HTTP/1.1" 200 72537
[15/May/2026 00:34:55] "GET /static/game/images/trophies/1301394.png?v=1767377828 HTTP/1.1" 200 88300
[15/May/2026 00:34:55] "GET /static/game/images/trophies/1301410.png?v=1767377822 HTTP/1.1" 200 78266
[15/May/2026 00:34:55] "GET /static/game/images/trophies/22.png?v=1767377822 HTTP/1.1" 200 157699
[15/May/2026 00:34:55] "GET /static/game/images/icons/player-ui-icons.svg HTTP/1.1" 200 4970
[15/May/2026 00:34:55] "GET /static/game/images/backgrounds/player-profile-stadium-atmosphere.svg HTTP/1.1" 200 5840
[15/May/2026 00:34:55] "GET /static/game/images/backgrounds/spielfeld.png HTTP/1.1" 200 2479542
[15/May/2026 00:34:55] "GET /static/game/images/backgrounds/trophy-stage.png HTTP/1.1" 200 1946438
[15/May/2026 00:34:55] "GET /static/game/images/brand/favicon-32.png HTTP/1.1" 200 1969
[15/May/2026 00:37:48] "GET /players/552/?awards_page=2 HTTP/1.1" 200 62950
[15/May/2026 00:37:48] "GET /static/game/css/global-dashboard.css HTTP/1.1" 304 0
[15/May/2026 00:37:48] "GET /static/game/css/player-profile.css HTTP/1.1" 200 40495
[15/May/2026 00:37:48] "GET /static/game/images/icons/suspension-cards.svg HTTP/1.1" 304 0
[15/May/2026 00:37:48] "GET /static/game/images/icons/stat-goals.svg HTTP/1.1" 304 0
[15/May/2026 00:37:48] "GET /static/game/images/icons/stat-assists.svg HTTP/1.1" 304 0
[15/May/2026 00:37:48] "GET /static/game/css/trophy-cabinet.css HTTP/1.1" 200 11267
[15/May/2026 00:37:48] "GET /static/game/images/icons/trophy-heading.png HTTP/1.1" 304 0
[15/May/2026 00:37:48] "GET /static/game/css/global-dashboard/layout-nav.css HTTP/1.1" 304 0
[15/May/2026 00:37:48] "GET /static/game/images/icons/trophy-total.png HTTP/1.1" 304 0
[15/May/2026 00:37:48] "GET /static/game/css/global-dashboard/dashboard-cards.css HTTP/1.1" 304 0
[15/May/2026 00:37:48] "GET /static/game/css/global-dashboard/responsive.css HTTP/1.1" 304 0
[15/May/2026 00:37:48] "GET /static/game/css/global-dashboard/tables-lists.css HTTP/1.1" 304 0
[15/May/2026 00:37:48] "GET /static/game/images/trophies/player-of-the-season-original.png?v=1778775429 HTTP/1.1" 304 0
[15/May/2026 00:37:48] "GET /static/game/images/icons/player-ui-icons.svg HTTP/1.1" 304 0
[15/May/2026 00:37:57] "GET /players/552/?awards_page=1 HTTP/1.1" 200 62989
[15/May/2026 00:37:59] "GET /players/552/?awards_page=2 HTTP/1.1" 200 62950
[15/May/2026 00:38:01] "GET /players/552/?awards_page=1 HTTP/1.1" 200 62989
[15/May/2026 00:40:29] "GET /players/552/?awards_page=1 HTTP/1.1" 200 62989
[15/May/2026 00:40:29] "GET /static/game/css/global-dashboard.css HTTP/1.1" 304 0
[15/May/2026 00:40:29] "GET /static/game/css/player-profile.css HTTP/1.1" 200 40495
[15/May/2026 00:40:29] "GET /static/game/css/trophy-cabinet.css HTTP/1.1" 200 11267
[15/May/2026 00:40:29] "GET /static/game/images/brand/matchengine-logo-128.png HTTP/1.1" 304 0
[15/May/2026 00:40:29] "GET /static/game/images/icons/sidebar/uebersicht.svg HTTP/1.1" 304 0
[15/May/2026 00:40:30] "GET /static/game/images/icons/sidebar/kader.svg HTTP/1.1" 304 0
[15/May/2026 00:40:30] "GET /static/game/images/icons/sidebar/taktik.svg HTTP/1.1" 304 0
[15/May/2026 00:40:30] "GET /static/game/css/global-dashboard/dashboard-cards.css HTTP/1.1" 304 0
[15/May/2026 00:40:30] "GET /static/game/css/global-dashboard/layout-nav.css HTTP/1.1" 304 0
[15/May/2026 00:40:30] "GET /static/game/css/global-dashboard/responsive.css HTTP/1.1" 304 0
[15/May/2026 00:40:30] "GET /static/game/css/global-dashboard/tables-lists.css HTTP/1.1" 304 0
[15/May/2026 00:40:30] "GET /static/game/images/icons/sidebar/training.svg HTTP/1.1" 304 0
[15/May/2026 00:40:30] "GET /static/game/images/icons/sidebar/mitarbeiter.svg HTTP/1.1" 304 0
[15/May/2026 00:40:30] "GET /static/game/images/icons/sidebar/jugend.svg HTTP/1.1" 304 0
[15/May/2026 00:40:30] "GET /static/game/images/icons/sidebar/transfers.svg HTTP/1.1" 304 0
[15/May/2026 00:40:30] "GET /static/game/images/icons/sidebar/scouting.svg HTTP/1.1" 304 0
[15/May/2026 00:40:30] "GET /static/game/images/icons/sidebar/finanzen.svg HTTP/1.1" 304 0
[15/May/2026 00:40:30] "GET /static/game/images/icons/sidebar/verein.svg HTTP/1.1" 304 0
[15/May/2026 00:40:30] "GET /static/game/images/icons/sidebar/einstellungen.svg HTTP/1.1" 304 0
[15/May/2026 00:40:30] "GET /static/game/images/icons/sidebar/wettbewerbe.svg HTTP/1.1" 304 0
[15/May/2026 00:40:30] "GET /static/game/images/players/28049320.png HTTP/1.1" 304 0
[15/May/2026 00:40:30] "GET /static/game/images/icons/injury.png HTTP/1.1" 304 0
[15/May/2026 00:40:30] "GET /static/game/images/icons/sidebar/posteingang.svg HTTP/1.1" 304 0
[15/May/2026 00:40:30] "GET /static/game/images/icons/suspension-cards.svg HTTP/1.1" 304 0
[15/May/2026 00:41:46] "GET /players/552/?awards_page=2 HTTP/1.1" 200 62950
[15/May/2026 00:41:46] "GET /static/game/css/player-profile.css HTTP/1.1" 304 0
[15/May/2026 00:41:46] "GET /static/game/css/trophy-cabinet.css HTTP/1.1" 304 0
[15/May/2026 00:41:46] "GET /static/game/images/trophies/player-of-the-season-original.png?v=1778775429 HTTP/1.1" 304 0
[15/May/2026 00:41:46] "GET /static/game/images/trophies/torjagerkanone-original.png?v=1778712133 HTTP/1.1" 304 0
[15/May/2026 00:41:47] "GET /players/552/?awards_page=1 HTTP/1.1" 200 62989
[15/May/2026 00:47:40] "GET /players/552/?awards_page=1 HTTP/1.1" 200 62989
[15/May/2026 00:47:40] "GET /static/game/css/player-profile.css HTTP/1.1" 304 0
[15/May/2026 00:47:40] "GET /static/game/css/trophy-cabinet.css HTTP/1.1" 304 0
[15/May/2026 00:47:40] "GET /static/game/images/icons/injury.png HTTP/1.1" 304 0
[15/May/2026 00:52:08] "GET /players/552/?awards_page=1 HTTP/1.1" 200 62989
[15/May/2026 00:52:08] "GET /static/game/css/player-profile.css HTTP/1.1" 304 0
[15/May/2026 00:52:08] "GET /static/game/css/trophy-cabinet.css HTTP/1.1" 304 0
[15/May/2026 00:57:30] "GET /players/552/?awards_page=1 HTTP/1.1" 200 62989
[15/May/2026 00:57:30] "GET /static/game/css/player-profile.css HTTP/1.1" 304 0
[15/May/2026 00:57:30] "GET /static/game/css/trophy-cabinet.css HTTP/1.1" 304 0
[15/May/2026 00:57:31] "GET /players/552/?awards_page=1 HTTP/1.1" 200 62989
[15/May/2026 00:59:04] "GET /players/552/?awards_page=1 HTTP/1.1" 200 62989
[15/May/2026 00:59:04] "GET /static/game/css/global-dashboard.css HTTP/1.1" 200 211
[15/May/2026 00:59:04] "GET /static/game/css/player-profile.css HTTP/1.1" 200 40495
[15/May/2026 00:59:04] "GET /static/game/css/trophy-cabinet.css HTTP/1.1" 200 11267
[15/May/2026 00:59:04] "GET /static/game/images/brand/matchengine-logo-128.png HTTP/1.1" 200 15483
[15/May/2026 00:59:04] "GET /static/game/images/icons/sidebar/uebersicht.svg HTTP/1.1" 200 360
[15/May/2026 00:59:04] "GET /static/game/images/icons/sidebar/kader.svg HTTP/1.1" 200 615
[15/May/2026 00:59:04] "GET /static/game/css/global-dashboard/layout-nav.css HTTP/1.1" 200 14834
[15/May/2026 00:59:04] "GET /static/game/css/global-dashboard/dashboard-cards.css HTTP/1.1" 200 12891
[15/May/2026 00:59:04] "GET /static/game/css/global-dashboard/tables-lists.css HTTP/1.1" 200 9923
[15/May/2026 00:59:04] "GET /static/game/css/global-dashboard/responsive.css HTTP/1.1" 200 5122
[15/May/2026 00:59:04] "GET /static/game/images/icons/sidebar/taktik.svg HTTP/1.1" 200 530
[15/May/2026 00:59:04] "GET /static/game/images/icons/sidebar/training.svg HTTP/1.1" 200 582
[15/May/2026 00:59:04] "GET /static/game/images/icons/sidebar/transfers.svg HTTP/1.1" 200 497
[15/May/2026 00:59:04] "GET /static/game/images/icons/sidebar/scouting.svg HTTP/1.1" 200 423
[15/May/2026 00:59:04] "GET /static/game/images/icons/sidebar/jugend.svg HTTP/1.1" 200 392
[15/May/2026 00:59:04] "GET /static/game/images/icons/sidebar/finanzen.svg HTTP/1.1" 200 403
[15/May/2026 00:59:04] "GET /static/game/images/icons/sidebar/verein.svg HTTP/1.1" 200 386
[15/May/2026 00:59:04] "GET /static/game/images/icons/sidebar/mitarbeiter.svg HTTP/1.1" 200 522
[15/May/2026 00:59:04] "GET /static/game/images/icons/sidebar/wettbewerbe.svg HTTP/1.1" 200 432
[15/May/2026 00:59:04] "GET /static/game/images/icons/sidebar/posteingang.svg HTTP/1.1" 200 325
[15/May/2026 00:59:04] "GET /static/game/images/icons/sidebar/einstellungen.svg HTTP/1.1" 200 581
[15/May/2026 00:59:04] "GET /static/game/images/crests/915.png HTTP/1.1" 200 148470
[15/May/2026 00:59:04] "GET /static/game/images/nations/federations/765.png HTTP/1.1" 200 95781
[15/May/2026 00:59:04] "GET /static/game/images/players/28049320.png HTTP/1.1" 200 79774
[15/May/2026 00:59:04] "GET /static/game/images/flags/765.svg HTTP/1.1" 200 1803
[15/May/2026 00:59:04] "GET /static/game/images/flags/789.svg HTTP/1.1" 200 1647
[15/May/2026 00:59:04] "GET /static/game/images/competitions/bundesliga.png HTTP/1.1" 200 22675
[15/May/2026 00:59:04] "GET /static/game/images/icons/stat-goals.svg HTTP/1.1" 200 1058
[15/May/2026 00:59:04] "GET /static/game/images/icons/stat-assists.svg HTTP/1.1" 200 1179
[15/May/2026 00:59:04] "GET /static/game/images/competitions/champions-league.png HTTP/1.1" 200 93326
[15/May/2026 00:59:04] "GET /static/game/images/competitions/dfb-pokal.png HTTP/1.1" 200 26479
[15/May/2026 00:59:04] "GET /static/game/images/competitions/supercup.png HTTP/1.1" 200 27978
[15/May/2026 00:59:04] "GET /static/game/images/icons/injury.png HTTP/1.1" 200 1325171
[15/May/2026 00:59:04] "GET /static/game/images/icons/suspension-cards.svg HTTP/1.1" 200 1334
[15/May/2026 00:59:04] "GET /static/game/images/crests/907.png HTTP/1.1" 200 34735
[15/May/2026 00:59:04] "GET /static/game/images/icons/trophy-heading.png HTTP/1.1" 200 9060
[15/May/2026 00:59:04] "GET /static/game/images/icons/trophy-total.png HTTP/1.1" 200 5402
[15/May/2026 00:59:04] "GET /static/game/images/trophies/podium-trophy.png HTTP/1.1" 200 748570
[15/May/2026 00:59:04] "GET /static/game/images/trophies/1301397.png?v=1767377822 HTTP/1.1" 200 72537
[15/May/2026 00:59:04] "GET /static/game/images/trophies/1301394.png?v=1767377828 HTTP/1.1" 200 88300
[15/May/2026 00:59:04] "GET /static/game/images/trophies/1301410.png?v=1767377822 HTTP/1.1" 200 78266
[15/May/2026 00:59:04] "GET /static/game/images/trophies/22.png?v=1767377822 HTTP/1.1" 200 157699
[15/May/2026 00:59:04] "GET /static/game/images/icons/player-ui-icons.svg HTTP/1.1" 200 4970
[15/May/2026 00:59:04] "GET /static/game/images/backgrounds/player-profile-stadium-atmosphere.svg HTTP/1.1" 200 5840
[15/May/2026 00:59:04] "GET /static/game/images/backgrounds/spielfeld.png HTTP/1.1" 200 2479542
[15/May/2026 00:59:04] "GET /static/game/images/backgrounds/trophy-stage.png HTTP/1.1" 200 1946438
[15/May/2026 00:59:04] "GET /static/game/images/brand/favicon-32.png HTTP/1.1" 200 1969
[15/May/2026 00:59:05] "GET /players/552/?awards_page=1 HTTP/1.1" 200 62989
[15/May/2026 00:59:05] "GET /static/game/css/global-dashboard.css HTTP/1.1" 200 211
[15/May/2026 00:59:05] "GET /static/game/css/player-profile.css HTTP/1.1" 200 40495
[15/May/2026 00:59:05] "GET /static/game/css/trophy-cabinet.css HTTP/1.1" 200 11267
[15/May/2026 00:59:05] "GET /static/game/images/brand/matchengine-logo-128.png HTTP/1.1" 200 15483
[15/May/2026 00:59:05] "GET /static/game/images/icons/sidebar/uebersicht.svg HTTP/1.1" 200 360
[15/May/2026 00:59:05] "GET /static/game/images/icons/sidebar/kader.svg HTTP/1.1" 200 615
[15/May/2026 00:59:05] "GET /static/game/images/icons/sidebar/taktik.svg HTTP/1.1" 200 530
[15/May/2026 00:59:05] "GET /static/game/images/icons/sidebar/training.svg HTTP/1.1" 200 582
[15/May/2026 00:59:05] "GET /static/game/images/icons/sidebar/transfers.svg HTTP/1.1" 200 497
[15/May/2026 00:59:05] "GET /static/game/images/icons/sidebar/scouting.svg HTTP/1.1" 200 423
[15/May/2026 00:59:05] "GET /static/game/css/global-dashboard/layout-nav.css HTTP/1.1" 200 14834
[15/May/2026 00:59:05] "GET /static/game/css/global-dashboard/dashboard-cards.css HTTP/1.1" 200 12891
[15/May/2026 00:59:05] "GET /static/game/css/global-dashboard/tables-lists.css HTTP/1.1" 200 9923
[15/May/2026 00:59:05] "GET /static/game/css/global-dashboard/responsive.css HTTP/1.1" 200 5122
[15/May/2026 00:59:05] "GET /static/game/images/icons/sidebar/jugend.svg HTTP/1.1" 200 392
[15/May/2026 00:59:05] "GET /static/game/images/icons/sidebar/finanzen.svg HTTP/1.1" 200 403
[15/May/2026 00:59:05] "GET /static/game/images/icons/sidebar/verein.svg HTTP/1.1" 200 386
[15/May/2026 00:59:05] "GET /static/game/images/icons/sidebar/mitarbeiter.svg HTTP/1.1" 200 522
[15/May/2026 00:59:05] "GET /static/game/images/icons/sidebar/wettbewerbe.svg HTTP/1.1" 200 432
[15/May/2026 00:59:05] "GET /static/game/images/icons/sidebar/posteingang.svg HTTP/1.1" 200 325
[15/May/2026 00:59:05] "GET /static/game/images/icons/sidebar/einstellungen.svg HTTP/1.1" 200 581
[15/May/2026 00:59:05] "GET /static/game/images/crests/915.png HTTP/1.1" 200 148470
[15/May/2026 00:59:05] "GET /static/game/images/nations/federations/765.png HTTP/1.1" 200 95781
[15/May/2026 00:59:05] "GET /static/game/images/icons/trophy-total.png HTTP/1.1" 200 5402
[15/May/2026 00:59:05] "GET /static/game/images/backgrounds/player-profile-stadium-atmosphere.svg HTTP/1.1" 200 5840
[15/May/2026 00:59:05] "GET /static/game/images/icons/suspension-cards.svg HTTP/1.1" 200 1334
[15/May/2026 00:59:05] "GET /static/game/images/backgrounds/trophy-stage.png HTTP/1.1" 200 1946438
[15/May/2026 00:59:05] "GET /static/game/images/backgrounds/spielfeld.png HTTP/1.1" 200 2479542
[15/May/2026 00:59:05] "GET /static/game/images/icons/trophy-heading.png HTTP/1.1" 200 9060
[15/May/2026 00:59:05] "GET /static/game/images/crests/907.png HTTP/1.1" 200 34735
[15/May/2026 00:59:05] "GET /static/game/images/icons/injury.png HTTP/1.1" 200 1325171
[15/May/2026 00:59:05] "GET /static/game/images/icons/stat-assists.svg HTTP/1.1" 200 1179
[15/May/2026 00:59:05] "GET /static/game/images/competitions/supercup.png HTTP/1.1" 200 27978
[15/May/2026 00:59:05] "GET /static/game/images/competitions/dfb-pokal.png HTTP/1.1" 200 26479
[15/May/2026 00:59:05] "GET /static/game/images/competitions/champions-league.png HTTP/1.1" 200 93326
[15/May/2026 00:59:05] "GET /static/game/images/trophies/1301394.png?v=1767377828 HTTP/1.1" 200 88300
[15/May/2026 00:59:05] "GET /static/game/images/trophies/podium-trophy.png HTTP/1.1" 200 748570
[15/May/2026 00:59:05] "GET /static/game/images/trophies/1301410.png?v=1767377822 HTTP/1.1" 200 78266
[15/May/2026 00:59:05] "GET /static/game/images/flags/765.svg HTTP/1.1" 200 1803
[15/May/2026 00:59:05] "GET /static/game/images/trophies/1301397.png?v=1767377822 HTTP/1.1" 200 72537
[15/May/2026 00:59:05] "GET /static/game/images/flags/789.svg HTTP/1.1" 200 1647
[15/May/2026 00:59:05] "GET /static/game/images/icons/stat-goals.svg HTTP/1.1" 200 1058
[15/May/2026 00:59:05] "GET /static/game/images/icons/player-ui-icons.svg HTTP/1.1" 200 4970
[15/May/2026 00:59:05] "GET /static/game/images/players/28049320.png HTTP/1.1" 200 79774
[15/May/2026 00:59:05] "GET /static/game/images/competitions/bundesliga.png HTTP/1.1" 200 22675
[15/May/2026 00:59:05] "GET /static/game/images/trophies/22.png?v=1767377822 HTTP/1.1" 200 157699
[15/May/2026 00:59:05] "GET /static/game/images/brand/favicon-32.png HTTP/1.1" 200 1969
[15/May/2026 00:59:06] "GET /players/552/?awards_page=1 HTTP/1.1" 200 62989
[15/May/2026 00:59:06] "GET /static/game/css/global-dashboard.css HTTP/1.1" 200 211
[15/May/2026 00:59:06] "GET /static/game/css/player-profile.css HTTP/1.1" 200 40495
[15/May/2026 00:59:06] "GET /static/game/css/trophy-cabinet.css HTTP/1.1" 200 11267
[15/May/2026 00:59:06] "GET /static/game/images/brand/matchengine-logo-128.png HTTP/1.1" 200 15483
[15/May/2026 00:59:06] "GET /static/game/images/icons/sidebar/uebersicht.svg HTTP/1.1" 200 360
[15/May/2026 00:59:06] "GET /static/game/images/icons/sidebar/kader.svg HTTP/1.1" 200 615
[15/May/2026 00:59:06] "GET /static/game/images/icons/sidebar/taktik.svg HTTP/1.1" 200 530
[15/May/2026 00:59:06] "GET /static/game/images/icons/sidebar/training.svg HTTP/1.1" 200 582
[15/May/2026 00:59:06] "GET /static/game/css/global-dashboard/layout-nav.css HTTP/1.1" 200 14834
[15/May/2026 00:59:06] "GET /static/game/css/global-dashboard/dashboard-cards.css HTTP/1.1" 200 12891
[15/May/2026 00:59:06] "GET /static/game/css/global-dashboard/tables-lists.css HTTP/1.1" 200 9923
[15/May/2026 00:59:06] "GET /static/game/css/global-dashboard/responsive.css HTTP/1.1" 200 5122
[15/May/2026 00:59:06] "GET /static/game/images/icons/sidebar/transfers.svg HTTP/1.1" 200 497
[15/May/2026 00:59:06] "GET /static/game/images/icons/sidebar/scouting.svg HTTP/1.1" 200 423
[15/May/2026 00:59:06] "GET /static/game/images/icons/sidebar/jugend.svg HTTP/1.1" 200 392
[15/May/2026 00:59:06] "GET /static/game/images/icons/sidebar/finanzen.svg HTTP/1.1" 200 403
[15/May/2026 00:59:06] "GET /static/game/images/icons/sidebar/verein.svg HTTP/1.1" 200 386
[15/May/2026 00:59:06] "GET /static/game/images/icons/sidebar/mitarbeiter.svg HTTP/1.1" 200 522
[15/May/2026 00:59:06] "GET /static/game/images/icons/sidebar/wettbewerbe.svg HTTP/1.1" 200 432
[15/May/2026 00:59:06] "GET /static/game/images/icons/sidebar/posteingang.svg HTTP/1.1" 200 325
[15/May/2026 00:59:06] "GET /static/game/images/icons/sidebar/einstellungen.svg HTTP/1.1" 200 581
[15/May/2026 00:59:06] "GET /static/game/images/crests/915.png HTTP/1.1" 200 148470
[15/May/2026 00:59:06] "GET /static/game/images/nations/federations/765.png HTTP/1.1" 200 95781
[15/May/2026 00:59:06] "GET /static/game/images/players/28049320.png HTTP/1.1" 200 79774
[15/May/2026 00:59:06] "GET /static/game/images/flags/765.svg HTTP/1.1" 200 1803
[15/May/2026 00:59:06] "GET /static/game/images/flags/789.svg HTTP/1.1" 200 1647
[15/May/2026 00:59:06] "GET /static/game/images/competitions/bundesliga.png HTTP/1.1" 200 22675
[15/May/2026 00:59:06] "GET /static/game/images/icons/stat-goals.svg HTTP/1.1" 200 1058
[15/May/2026 00:59:06] "GET /static/game/images/icons/stat-assists.svg HTTP/1.1" 200 1179
[15/May/2026 00:59:06] "GET /static/game/images/competitions/champions-league.png HTTP/1.1" 200 93326
[15/May/2026 00:59:06] "GET /static/game/images/competitions/dfb-pokal.png HTTP/1.1" 200 26479
[15/May/2026 00:59:06] "GET /static/game/images/competitions/supercup.png HTTP/1.1" 200 27978
[15/May/2026 00:59:06] "GET /static/game/images/icons/injury.png HTTP/1.1" 200 1325171
[15/May/2026 00:59:06] "GET /static/game/images/icons/suspension-cards.svg HTTP/1.1" 200 1334
[15/May/2026 00:59:06] "GET /static/game/images/crests/907.png HTTP/1.1" 200 34735
[15/May/2026 00:59:06] "GET /static/game/images/icons/trophy-heading.png HTTP/1.1" 200 9060
[15/May/2026 00:59:06] "GET /static/game/images/icons/trophy-total.png HTTP/1.1" 200 5402
[15/May/2026 00:59:06] "GET /static/game/images/trophies/podium-trophy.png HTTP/1.1" 200 748570
[15/May/2026 00:59:06] "GET /static/game/images/trophies/1301397.png?v=1767377822 HTTP/1.1" 200 72537
[15/May/2026 00:59:06] "GET /static/game/images/trophies/1301394.png?v=1767377828 HTTP/1.1" 200 88300
[15/May/2026 00:59:06] "GET /static/game/images/trophies/1301410.png?v=1767377822 HTTP/1.1" 200 78266
[15/May/2026 00:59:06] "GET /static/game/images/trophies/22.png?v=1767377822 HTTP/1.1" 200 157699
[15/May/2026 00:59:06] "GET /static/game/images/icons/player-ui-icons.svg HTTP/1.1" 200 4970
[15/May/2026 00:59:06] "GET /static/game/images/backgrounds/player-profile-stadium-atmosphere.svg HTTP/1.1" 200 5840
[15/May/2026 00:59:06] "GET /static/game/images/backgrounds/spielfeld.png HTTP/1.1" 200 2479542
[15/May/2026 00:59:06] "GET /static/game/images/backgrounds/trophy-stage.png HTTP/1.1" 200 1946438
[15/May/2026 00:59:06] "GET /static/game/images/brand/favicon-32.png HTTP/1.1" 200 1969
[15/May/2026 01:03:35] "GET /players/552/?awards_page=1 HTTP/1.1" 200 62989
[15/May/2026 01:03:35] "GET /static/game/css/global-dashboard.css HTTP/1.1" 200 211
[15/May/2026 01:03:35] "GET /static/game/css/player-profile.css HTTP/1.1" 200 40495
[15/May/2026 01:03:35] "GET /static/game/css/trophy-cabinet.css HTTP/1.1" 200 11267
[15/May/2026 01:03:35] "GET /static/game/images/brand/matchengine-logo-128.png HTTP/1.1" 200 15483
[15/May/2026 01:03:35] "GET /static/game/css/global-dashboard/layout-nav.css HTTP/1.1" 200 14834
[15/May/2026 01:03:35] "GET /static/game/css/global-dashboard/dashboard-cards.css HTTP/1.1" 200 12891
[15/May/2026 01:03:35] "GET /static/game/css/global-dashboard/tables-lists.css HTTP/1.1" 200 9923
[15/May/2026 01:03:35] "GET /static/game/css/global-dashboard/responsive.css HTTP/1.1" 200 5122
[15/May/2026 01:03:35] "GET /static/game/images/icons/sidebar/uebersicht.svg HTTP/1.1" 200 360
[15/May/2026 01:03:35] "GET /static/game/images/icons/sidebar/kader.svg HTTP/1.1" 200 615
[15/May/2026 01:03:35] "GET /static/game/images/icons/sidebar/taktik.svg HTTP/1.1" 200 530
[15/May/2026 01:03:35] "GET /static/game/images/icons/sidebar/training.svg HTTP/1.1" 200 582
[15/May/2026 01:03:35] "GET /static/game/images/icons/sidebar/transfers.svg HTTP/1.1" 200 497
[15/May/2026 01:03:35] "GET /static/game/images/icons/sidebar/scouting.svg HTTP/1.1" 200 423
[15/May/2026 01:03:35] "GET /static/game/images/icons/sidebar/jugend.svg HTTP/1.1" 200 392
[15/May/2026 01:03:35] "GET /static/game/images/icons/sidebar/finanzen.svg HTTP/1.1" 200 403
[15/May/2026 01:03:35] "GET /static/game/images/icons/sidebar/verein.svg HTTP/1.1" 200 386
[15/May/2026 01:03:35] "GET /static/game/images/icons/sidebar/mitarbeiter.svg HTTP/1.1" 200 522
[15/May/2026 01:03:35] "GET /static/game/images/icons/sidebar/wettbewerbe.svg HTTP/1.1" 200 432
[15/May/2026 01:03:35] "GET /static/game/images/icons/sidebar/posteingang.svg HTTP/1.1" 200 325
[15/May/2026 01:03:35] "GET /static/game/images/icons/sidebar/einstellungen.svg HTTP/1.1" 200 581
[15/May/2026 01:03:35] "GET /static/game/images/crests/915.png HTTP/1.1" 200 148470
[15/May/2026 01:03:35] "GET /static/game/images/nations/federations/765.png HTTP/1.1" 200 95781
[15/May/2026 01:03:35] "GET /static/game/images/players/28049320.png HTTP/1.1" 200 79774
[15/May/2026 01:03:35] "GET /static/game/images/flags/765.svg HTTP/1.1" 200 1803
[15/May/2026 01:03:35] "GET /static/game/images/flags/789.svg HTTP/1.1" 200 1647
[15/May/2026 01:03:35] "GET /static/game/images/competitions/bundesliga.png HTTP/1.1" 200 22675
[15/May/2026 01:03:35] "GET /static/game/images/icons/stat-goals.svg HTTP/1.1" 200 1058
[15/May/2026 01:03:35] "GET /static/game/images/icons/stat-assists.svg HTTP/1.1" 200 1179
[15/May/2026 01:03:35] "GET /static/game/images/competitions/champions-league.png HTTP/1.1" 200 93326
[15/May/2026 01:03:35] "GET /static/game/images/competitions/dfb-pokal.png HTTP/1.1" 200 26479
[15/May/2026 01:03:35] "GET /static/game/images/competitions/supercup.png HTTP/1.1" 200 27978
[15/May/2026 01:03:35] "GET /static/game/images/icons/injury.png HTTP/1.1" 200 1325171
[15/May/2026 01:03:35] "GET /static/game/images/icons/suspension-cards.svg HTTP/1.1" 200 1334
[15/May/2026 01:03:35] "GET /static/game/images/crests/907.png HTTP/1.1" 200 34735
[15/May/2026 01:03:35] "GET /static/game/images/icons/trophy-heading.png HTTP/1.1" 200 9060
[15/May/2026 01:03:35] "GET /static/game/images/icons/trophy-total.png HTTP/1.1" 200 5402
[15/May/2026 01:03:35] "GET /static/game/images/trophies/podium-trophy.png HTTP/1.1" 200 748570
[15/May/2026 01:03:35] "GET /static/game/images/trophies/1301397.png?v=1767377822 HTTP/1.1" 200 72537
[15/May/2026 01:03:35] "GET /static/game/images/trophies/1301394.png?v=1767377828 HTTP/1.1" 200 88300
[15/May/2026 01:03:35] "GET /static/game/images/trophies/1301410.png?v=1767377822 HTTP/1.1" 200 78266
[15/May/2026 01:03:35] "GET /static/game/images/trophies/22.png?v=1767377822 HTTP/1.1" 200 157699
[15/May/2026 01:03:35] "GET /static/game/images/icons/player-ui-icons.svg HTTP/1.1" 200 4970
[15/May/2026 01:03:35] "GET /static/game/images/backgrounds/player-profile-stadium-atmosphere.svg HTTP/1.1" 200 5840
[15/May/2026 01:03:35] "GET /static/game/images/backgrounds/spielfeld.png HTTP/1.1" 200 2479542
[15/May/2026 01:03:35] "GET /static/game/images/backgrounds/trophy-stage.png HTTP/1.1" 200 1946438
[15/May/2026 01:03:35] "GET /static/game/images/brand/favicon-32.png HTTP/1.1" 200 1969
[15/May/2026 01:03:36] "GET /players/552/?awards_page=1 HTTP/1.1" 200 62989
[15/May/2026 01:03:36] "GET /static/game/css/global-dashboard.css HTTP/1.1" 200 211
[15/May/2026 01:03:36] "GET /static/game/css/player-profile.css HTTP/1.1" 200 40495
[15/May/2026 01:03:36] "GET /static/game/css/trophy-cabinet.css HTTP/1.1" 200 11267
[15/May/2026 01:03:36] "GET /static/game/images/brand/matchengine-logo-128.png HTTP/1.1" 200 15483
[15/May/2026 01:03:36] "GET /static/game/images/icons/sidebar/uebersicht.svg HTTP/1.1" 200 360
[15/May/2026 01:03:36] "GET /static/game/images/icons/sidebar/kader.svg HTTP/1.1" 200 615
[15/May/2026 01:03:36] "GET /static/game/css/global-dashboard/layout-nav.css HTTP/1.1" 200 14834
[15/May/2026 01:03:36] "GET /static/game/css/global-dashboard/dashboard-cards.css HTTP/1.1" 200 12891
[15/May/2026 01:03:36] "GET /static/game/css/global-dashboard/tables-lists.css HTTP/1.1" 200 9923
[15/May/2026 01:03:36] "GET /static/game/css/global-dashboard/responsive.css HTTP/1.1" 200 5122
[15/May/2026 01:03:36] "GET /static/game/images/icons/sidebar/taktik.svg HTTP/1.1" 200 530
[15/May/2026 01:03:36] "GET /static/game/images/icons/sidebar/training.svg HTTP/1.1" 200 582
[15/May/2026 01:03:36] "GET /static/game/images/icons/sidebar/transfers.svg HTTP/1.1" 200 497
[15/May/2026 01:03:36] "GET /static/game/images/icons/sidebar/scouting.svg HTTP/1.1" 200 423
[15/May/2026 01:03:36] "GET /static/game/images/icons/sidebar/jugend.svg HTTP/1.1" 200 392
[15/May/2026 01:03:36] "GET /static/game/images/icons/sidebar/finanzen.svg HTTP/1.1" 200 403
[15/May/2026 01:03:36] "GET /static/game/images/icons/sidebar/verein.svg HTTP/1.1" 200 386
[15/May/2026 01:03:36] "GET /static/game/images/icons/sidebar/mitarbeiter.svg HTTP/1.1" 200 522
[15/May/2026 01:03:36] "GET /static/game/images/icons/sidebar/wettbewerbe.svg HTTP/1.1" 200 432
[15/May/2026 01:03:36] "GET /static/game/images/icons/sidebar/posteingang.svg HTTP/1.1" 200 325
[15/May/2026 01:03:36] "GET /static/game/images/icons/sidebar/einstellungen.svg HTTP/1.1" 200 581
[15/May/2026 01:03:36] "GET /static/game/images/crests/915.png HTTP/1.1" 200 148470
[15/May/2026 01:03:36] "GET /static/game/images/nations/federations/765.png HTTP/1.1" 200 95781
[15/May/2026 01:03:36] "GET /static/game/images/players/28049320.png HTTP/1.1" 200 79774
[15/May/2026 01:03:36] "GET /static/game/images/flags/765.svg HTTP/1.1" 200 1803
[15/May/2026 01:03:36] "GET /static/game/images/flags/789.svg HTTP/1.1" 200 1647
[15/May/2026 01:03:36] "GET /static/game/images/competitions/bundesliga.png HTTP/1.1" 200 22675
[15/May/2026 01:03:36] "GET /static/game/images/icons/stat-goals.svg HTTP/1.1" 200 1058
[15/May/2026 01:03:36] "GET /static/game/images/icons/stat-assists.svg HTTP/1.1" 200 1179
[15/May/2026 01:03:36] "GET /static/game/images/competitions/champions-league.png HTTP/1.1" 200 93326
[15/May/2026 01:03:36] "GET /static/game/images/competitions/dfb-pokal.png HTTP/1.1" 200 26479
[15/May/2026 01:03:36] "GET /static/game/images/competitions/supercup.png HTTP/1.1" 200 27978
[15/May/2026 01:03:36] "GET /static/game/images/icons/injury.png HTTP/1.1" 200 1325171
[15/May/2026 01:03:36] "GET /static/game/images/icons/suspension-cards.svg HTTP/1.1" 200 1334
[15/May/2026 01:03:36] "GET /static/game/images/crests/907.png HTTP/1.1" 200 34735
[15/May/2026 01:03:36] "GET /static/game/images/icons/trophy-heading.png HTTP/1.1" 200 9060
[15/May/2026 01:03:36] "GET /static/game/images/icons/trophy-total.png HTTP/1.1" 200 5402
[15/May/2026 01:03:36] "GET /static/game/images/trophies/podium-trophy.png HTTP/1.1" 200 748570
[15/May/2026 01:03:36] "GET /static/game/images/trophies/1301397.png?v=1767377822 HTTP/1.1" 200 72537
[15/May/2026 01:03:36] "GET /static/game/images/trophies/1301394.png?v=1767377828 HTTP/1.1" 200 88300
[15/May/2026 01:03:36] "GET /static/game/images/trophies/1301410.png?v=1767377822 HTTP/1.1" 200 78266
[15/May/2026 01:03:36] "GET /static/game/images/trophies/22.png?v=1767377822 HTTP/1.1" 200 157699
[15/May/2026 01:03:36] "GET /static/game/images/icons/player-ui-icons.svg HTTP/1.1" 200 4970
[15/May/2026 01:03:36] "GET /static/game/images/backgrounds/player-profile-stadium-atmosphere.svg HTTP/1.1" 200 5840
[15/May/2026 01:03:36] "GET /static/game/images/backgrounds/spielfeld.png HTTP/1.1" 200 2479542
[15/May/2026 01:03:36] "GET /static/game/images/backgrounds/trophy-stage.png HTTP/1.1" 200 1946438
[15/May/2026 01:03:36] "GET /static/game/images/brand/favicon-32.png HTTP/1.1" 200 1969
[15/May/2026 01:03:37] "GET /players/552/?awards_page=1 HTTP/1.1" 200 62989
[15/May/2026 01:03:37] "GET /static/game/css/global-dashboard.css HTTP/1.1" 200 211
[15/May/2026 01:03:37] "GET /static/game/css/player-profile.css HTTP/1.1" 200 40495
[15/May/2026 01:03:37] "GET /static/game/css/trophy-cabinet.css HTTP/1.1" 200 11267
[15/May/2026 01:03:37] "GET /static/game/images/brand/matchengine-logo-128.png HTTP/1.1" 200 15483
[15/May/2026 01:03:37] "GET /static/game/images/icons/sidebar/uebersicht.svg HTTP/1.1" 200 360
[15/May/2026 01:03:37] "GET /static/game/images/icons/sidebar/kader.svg HTTP/1.1" 200 615
[15/May/2026 01:03:37] "GET /static/game/images/icons/sidebar/taktik.svg HTTP/1.1" 200 530
[15/May/2026 01:03:37] "GET /static/game/images/icons/sidebar/training.svg HTTP/1.1" 200 582
[15/May/2026 01:03:37] "GET /static/game/images/icons/sidebar/transfers.svg HTTP/1.1" 200 497
[15/May/2026 01:03:37] "GET /static/game/css/global-dashboard/layout-nav.css HTTP/1.1" 200 14834
[15/May/2026 01:03:37] "GET /static/game/css/global-dashboard/dashboard-cards.css HTTP/1.1" 200 12891
[15/May/2026 01:03:37] "GET /static/game/css/global-dashboard/tables-lists.css HTTP/1.1" 200 9923
[15/May/2026 01:03:37] "GET /static/game/css/global-dashboard/responsive.css HTTP/1.1" 200 5122
[15/May/2026 01:03:37] "GET /static/game/images/icons/sidebar/scouting.svg HTTP/1.1" 200 423
[15/May/2026 01:03:37] "GET /static/game/images/icons/sidebar/jugend.svg HTTP/1.1" 200 392
[15/May/2026 01:03:37] "GET /static/game/images/icons/sidebar/finanzen.svg HTTP/1.1" 200 403
[15/May/2026 01:03:37] "GET /static/game/images/icons/sidebar/verein.svg HTTP/1.1" 200 386
[15/May/2026 01:03:37] "GET /static/game/images/icons/sidebar/mitarbeiter.svg HTTP/1.1" 200 522
[15/May/2026 01:03:37] "GET /static/game/images/icons/sidebar/wettbewerbe.svg HTTP/1.1" 200 432
[15/May/2026 01:03:37] "GET /static/game/images/icons/sidebar/posteingang.svg HTTP/1.1" 200 325
[15/May/2026 01:03:37] "GET /static/game/images/icons/sidebar/einstellungen.svg HTTP/1.1" 200 581
[15/May/2026 01:03:37] "GET /static/game/images/crests/915.png HTTP/1.1" 200 148470
[15/May/2026 01:03:37] "GET /static/game/images/nations/federations/765.png HTTP/1.1" 200 95781
[15/May/2026 01:03:37] "GET /static/game/images/players/28049320.png HTTP/1.1" 200 79774
[15/May/2026 01:03:37] "GET /static/game/images/flags/765.svg HTTP/1.1" 200 1803
[15/May/2026 01:03:37] "GET /static/game/images/flags/789.svg HTTP/1.1" 200 1647
[15/May/2026 01:03:37] "GET /static/game/images/competitions/bundesliga.png HTTP/1.1" 200 22675
[15/May/2026 01:03:37] "GET /static/game/images/icons/stat-goals.svg HTTP/1.1" 200 1058
[15/May/2026 01:03:37] "GET /static/game/images/icons/stat-assists.svg HTTP/1.1" 200 1179
[15/May/2026 01:03:37] "GET /static/game/images/competitions/champions-league.png HTTP/1.1" 200 93326
[15/May/2026 01:03:37] "GET /static/game/images/competitions/dfb-pokal.png HTTP/1.1" 200 26479
[15/May/2026 01:03:37] "GET /static/game/images/competitions/supercup.png HTTP/1.1" 200 27978
[15/May/2026 01:03:37] "GET /static/game/images/icons/injury.png HTTP/1.1" 200 1325171
[15/May/2026 01:03:37] "GET /static/game/images/icons/suspension-cards.svg HTTP/1.1" 200 1334
[15/May/2026 01:03:37] "GET /static/game/images/crests/907.png HTTP/1.1" 200 34735
[15/May/2026 01:03:37] "GET /static/game/images/icons/trophy-heading.png HTTP/1.1" 200 9060
[15/May/2026 01:03:37] "GET /static/game/images/icons/trophy-total.png HTTP/1.1" 200 5402
[15/May/2026 01:03:37] "GET /static/game/images/trophies/podium-trophy.png HTTP/1.1" 200 748570
[15/May/2026 01:03:37] "GET /static/game/images/trophies/1301397.png?v=1767377822 HTTP/1.1" 200 72537
[15/May/2026 01:03:37] "GET /static/game/images/trophies/1301394.png?v=1767377828 HTTP/1.1" 200 88300
[15/May/2026 01:03:37] "GET /static/game/images/trophies/1301410.png?v=1767377822 HTTP/1.1" 200 78266
[15/May/2026 01:03:37] "GET /static/game/images/trophies/22.png?v=1767377822 HTTP/1.1" 200 157699
[15/May/2026 01:03:37] "GET /static/game/images/icons/player-ui-icons.svg HTTP/1.1" 200 4970
[15/May/2026 01:03:37] "GET /static/game/images/backgrounds/player-profile-stadium-atmosphere.svg HTTP/1.1" 200 5840
[15/May/2026 01:03:37] "GET /static/game/images/backgrounds/spielfeld.png HTTP/1.1" 200 2479542
[15/May/2026 01:03:37] "GET /static/game/images/backgrounds/trophy-stage.png HTTP/1.1" 200 1946438
[15/May/2026 01:03:37] "GET /static/game/images/brand/favicon-32.png HTTP/1.1" 200 1969
[15/May/2026 07:52:24] "GET /players/552/?awards_page=1 HTTP/1.1" 200 62989
[15/May/2026 07:52:24] "GET /static/game/css/global-dashboard.css HTTP/1.1" 304 0
[15/May/2026 07:52:24] "GET /static/game/css/player-profile.css HTTP/1.1" 304 0
[15/May/2026 07:52:24] "GET /static/game/css/trophy-cabinet.css HTTP/1.1" 304 0
[15/May/2026 07:52:24] "GET /static/game/images/flags/765.svg HTTP/1.1" 304 0
[15/May/2026 07:52:24] "GET /static/game/images/flags/789.svg HTTP/1.1" 304 0
[15/May/2026 07:52:24] "GET /static/game/images/icons/stat-assists.svg HTTP/1.1" 304 0
[15/May/2026 07:52:24] "GET /static/game/images/players/28049320.png HTTP/1.1" 304 0
[15/May/2026 07:52:24] "GET /static/game/css/global-dashboard/dashboard-cards.css HTTP/1.1" 304 0
[15/May/2026 07:52:24] "GET /static/game/images/icons/stat-goals.svg HTTP/1.1" 304 0
[15/May/2026 07:52:24] "GET /static/game/css/global-dashboard/layout-nav.css HTTP/1.1" 304 0
[15/May/2026 07:52:24] "GET /static/game/css/global-dashboard/responsive.css HTTP/1.1" 304 0
[15/May/2026 07:52:24] "GET /static/game/css/global-dashboard/tables-lists.css HTTP/1.1" 304 0
[15/May/2026 07:52:24] "GET /static/game/images/icons/injury.png HTTP/1.1" 304 0
[15/May/2026 07:52:24] "GET /static/game/images/trophies/podium-trophy.png HTTP/1.1" 304 0
[15/May/2026 07:52:24] "GET /static/game/images/icons/suspension-cards.svg HTTP/1.1" 304 0
[15/May/2026 07:52:24] "GET /static/game/images/icons/trophy-total.png HTTP/1.1" 304 0
[15/May/2026 07:52:24] "GET /static/game/images/icons/trophy-heading.png HTTP/1.1" 304 0
[15/May/2026 07:52:24] "GET /static/game/images/icons/player-ui-icons.svg HTTP/1.1" 304 0
[15/May/2026 08:35:10] "GET /players/552/?awards_page=1 HTTP/1.1" 200 62989
[15/May/2026 08:35:10] "GET /static/game/images/brand/matchengine-logo-128.png HTTP/1.1" 304 0
[15/May/2026 08:35:10] "GET /static/game/images/icons/sidebar/uebersicht.svg HTTP/1.1" 304 0
[15/May/2026 08:35:10] "GET /static/game/images/icons/sidebar/kader.svg HTTP/1.1" 304 0
[15/May/2026 08:35:10] "GET /static/game/images/icons/sidebar/scouting.svg HTTP/1.1" 304 0
[15/May/2026 08:35:10] "GET /static/game/images/icons/sidebar/taktik.svg HTTP/1.1" 304 0
[15/May/2026 08:35:10] "GET /static/game/images/icons/sidebar/jugend.svg HTTP/1.1" 304 0
[15/May/2026 08:35:10] "GET /static/game/images/icons/sidebar/finanzen.svg HTTP/1.1" 304 0
[15/May/2026 08:35:10] "GET /static/game/images/icons/sidebar/training.svg HTTP/1.1" 304 0
[15/May/2026 08:35:10] "GET /static/game/images/icons/sidebar/transfers.svg HTTP/1.1" 304 0
[15/May/2026 08:35:10] "GET /static/game/images/icons/sidebar/verein.svg HTTP/1.1" 304 0
[15/May/2026 08:35:10] "GET /static/game/images/icons/sidebar/mitarbeiter.svg HTTP/1.1" 304 0
[15/May/2026 08:35:10] "GET /static/game/images/icons/sidebar/wettbewerbe.svg HTTP/1.1" 304 0
[15/May/2026 08:35:10] "GET /static/game/images/icons/sidebar/posteingang.svg HTTP/1.1" 304 0
[15/May/2026 08:35:10] "GET /static/game/images/icons/sidebar/einstellungen.svg HTTP/1.1" 304 0
[15/May/2026 08:35:10] "GET /static/game/images/brand/favicon-32.png HTTP/1.1" 304 0
[15/May/2026 08:35:19] "GET /players/552/?awards_page=2 HTTP/1.1" 200 62950
[15/May/2026 08:35:19] "GET /static/game/images/trophies/player-of-the-season-original.png?v=1778775429 HTTP/1.1" 304 0
[15/May/2026 08:35:19] "GET /static/game/images/trophies/100.png?v=1767377826 HTTP/1.1" 200 74206
[15/May/2026 08:35:19] "GET /static/game/images/trophies/torjagerkanone-original.png?v=1778712133 HTTP/1.1" 200 2685554
[15/May/2026 08:35:21] "GET /players/552/?awards_page=1 HTTP/1.1" 200 62989
[15/May/2026 08:35:27] "GET /players/552/?awards_page=2 HTTP/1.1" 200 62950
[15/May/2026 08:35:28] "GET /players/552/?awards_page=1 HTTP/1.1" 200 62989
[15/May/2026 08:35:28] "GET /players/552/?awards_page=1 HTTP/1.1" 200 62989
[15/May/2026 08:35:28] "GET /static/game/css/global-dashboard.css HTTP/1.1" 200 211
[15/May/2026 08:35:28] "GET /static/game/css/player-profile.css HTTP/1.1" 200 40732
[15/May/2026 08:35:28] "GET /static/game/css/trophy-cabinet.css HTTP/1.1" 200 11339
[15/May/2026 08:35:28] "GET /static/game/images/brand/matchengine-logo-128.png HTTP/1.1" 200 15483
[15/May/2026 08:35:28] "GET /static/game/images/icons/sidebar/uebersicht.svg HTTP/1.1" 200 360
[15/May/2026 08:35:28] "GET /static/game/images/icons/sidebar/kader.svg HTTP/1.1" 200 615
[15/May/2026 08:35:28] "GET /static/game/images/icons/sidebar/taktik.svg HTTP/1.1" 200 530
[15/May/2026 08:35:28] "GET /static/game/images/icons/sidebar/training.svg HTTP/1.1" 200 582
[15/May/2026 08:35:28] "GET /static/game/images/icons/sidebar/transfers.svg HTTP/1.1" 200 497
[15/May/2026 08:35:28] "GET /static/game/images/icons/sidebar/scouting.svg HTTP/1.1" 200 423
[15/May/2026 08:35:28] "GET /static/game/css/global-dashboard/layout-nav.css HTTP/1.1" 200 14834
[15/May/2026 08:35:28] "GET /static/game/css/global-dashboard/dashboard-cards.css HTTP/1.1" 200 12891
[15/May/2026 08:35:28] "GET /static/game/css/global-dashboard/tables-lists.css HTTP/1.1" 200 9923
[15/May/2026 08:35:28] "GET /static/game/css/global-dashboard/responsive.css HTTP/1.1" 200 5122
[15/May/2026 08:35:28] "GET /static/game/images/icons/sidebar/jugend.svg HTTP/1.1" 200 392
[15/May/2026 08:35:28] "GET /static/game/images/icons/sidebar/finanzen.svg HTTP/1.1" 200 403
[15/May/2026 08:35:28] "GET /static/game/images/icons/sidebar/verein.svg HTTP/1.1" 200 386
[15/May/2026 08:35:28] "GET /static/game/images/icons/sidebar/mitarbeiter.svg HTTP/1.1" 200 522
[15/May/2026 08:35:28] "GET /static/game/images/icons/sidebar/wettbewerbe.svg HTTP/1.1" 200 432
[15/May/2026 08:35:28] "GET /static/game/images/icons/sidebar/posteingang.svg HTTP/1.1" 200 325
[15/May/2026 08:35:28] "GET /static/game/images/icons/sidebar/einstellungen.svg HTTP/1.1" 200 581
[15/May/2026 08:35:28] "GET /static/game/images/crests/915.png HTTP/1.1" 200 148470
[15/May/2026 08:35:28] "GET /static/game/images/nations/federations/765.png HTTP/1.1" 200 95781
[15/May/2026 08:35:29] "GET /static/game/images/icons/trophy-total.png HTTP/1.1" 200 5402
[15/May/2026 08:35:29] "GET /static/game/images/backgrounds/spielfeld.png HTTP/1.1" 200 2479542
[15/May/2026 08:35:29] "GET /static/game/images/backgrounds/player-profile-stadium-atmosphere.svg HTTP/1.1" 200 5840
[15/May/2026 08:35:29] "GET /static/game/images/backgrounds/trophy-stage.png HTTP/1.1" 200 1946438
[15/May/2026 08:35:29] "GET /static/game/images/crests/907.png HTTP/1.1" 200 34735
[15/May/2026 08:35:29] "GET /static/game/images/icons/trophy-heading.png HTTP/1.1" 200 9060
[15/May/2026 08:35:29] "GET /static/game/images/icons/suspension-cards.svg HTTP/1.1" 200 1334
[15/May/2026 08:35:29] "GET /static/game/images/icons/injury.png HTTP/1.1" 200 1325171
[15/May/2026 08:35:29] "GET /static/game/images/icons/stat-assists.svg HTTP/1.1" 200 1179
[15/May/2026 08:35:29] "GET /static/game/images/competitions/supercup.png HTTP/1.1" 200 27978
[15/May/2026 08:35:29] "GET /static/game/images/competitions/dfb-pokal.png HTTP/1.1" 200 26479
[15/May/2026 08:35:29] "GET /static/game/images/competitions/champions-league.png HTTP/1.1" 200 93326
[15/May/2026 08:35:29] "GET /static/game/images/players/28049320.png HTTP/1.1" 200 79774
[15/May/2026 08:35:29] "GET /static/game/images/flags/765.svg HTTP/1.1" 200 1803
[15/May/2026 08:35:29] "GET /static/game/images/flags/789.svg HTTP/1.1" 200 1647
[15/May/2026 08:35:29] "GET /static/game/images/competitions/bundesliga.png HTTP/1.1" 200 22675
[15/May/2026 08:35:29] "GET /static/game/images/icons/stat-goals.svg HTTP/1.1" 200 1058
[15/May/2026 08:35:29] "GET /static/game/images/trophies/podium-trophy.png HTTP/1.1" 200 748570
[15/May/2026 08:35:29] "GET /static/game/images/trophies/1301397.png?v=1767377822 HTTP/1.1" 200 72537
[15/May/2026 08:35:29] "GET /static/game/images/trophies/1301394.png?v=1767377828 HTTP/1.1" 200 88300
[15/May/2026 08:35:29] "GET /static/game/images/trophies/1301410.png?v=1767377822 HTTP/1.1" 200 78266
[15/May/2026 08:35:29] "GET /static/game/images/trophies/22.png?v=1767377822 HTTP/1.1" 200 157699
[15/May/2026 08:35:29] "GET /static/game/images/icons/player-ui-icons.svg HTTP/1.1" 200 4970
[15/May/2026 08:35:29] "GET /static/game/images/brand/favicon-32.png HTTP/1.1" 200 1969
[15/May/2026 08:35:30,122] - Broken pipe from ('127.0.0.1', 50928)
[15/May/2026 08:35:30,122] - Broken pipe from ('127.0.0.1', 51862)
[15/May/2026 08:35:30,123] - Broken pipe from ('127.0.0.1', 49385)
[15/May/2026 08:35:30,123] - Broken pipe from ('127.0.0.1', 59700)
[15/May/2026 08:35:30,123] - Broken pipe from ('127.0.0.1', 56833)
[15/May/2026 08:35:30,123] - Broken pipe from ('127.0.0.1', 57391)
[15/May/2026 08:37:35] "GET /players/552/?awards_page=1 HTTP/1.1" 200 62989
[15/May/2026 08:37:35] "GET /static/game/css/global-dashboard.css HTTP/1.1" 200 211
[15/May/2026 08:37:35] "GET /static/game/css/player-profile.css HTTP/1.1" 200 40732
[15/May/2026 08:37:35] "GET /static/game/css/trophy-cabinet.css HTTP/1.1" 200 11339
[15/May/2026 08:37:35] "GET /static/game/images/brand/matchengine-logo-128.png HTTP/1.1" 200 15483
[15/May/2026 08:37:35] "GET /static/game/images/icons/sidebar/uebersicht.svg HTTP/1.1" 200 360
[15/May/2026 08:37:35] "GET /static/game/images/icons/sidebar/kader.svg HTTP/1.1" 200 615
[15/May/2026 08:37:35] "GET /static/game/images/icons/sidebar/taktik.svg HTTP/1.1" 200 530
[15/May/2026 08:37:35] "GET /static/game/images/icons/sidebar/training.svg HTTP/1.1" 200 582
[15/May/2026 08:37:35] "GET /static/game/images/icons/sidebar/transfers.svg HTTP/1.1" 200 497
[15/May/2026 08:37:35] "GET /static/game/css/global-dashboard/layout-nav.css HTTP/1.1" 200 14834
[15/May/2026 08:37:35] "GET /static/game/css/global-dashboard/dashboard-cards.css HTTP/1.1" 200 12891
[15/May/2026 08:37:35] "GET /static/game/css/global-dashboard/tables-lists.css HTTP/1.1" 200 9923
[15/May/2026 08:37:35] "GET /static/game/css/global-dashboard/responsive.css HTTP/1.1" 200 5122
[15/May/2026 08:37:35] "GET /static/game/images/icons/sidebar/scouting.svg HTTP/1.1" 200 423
[15/May/2026 08:37:35] "GET /static/game/images/icons/sidebar/jugend.svg HTTP/1.1" 200 392
[15/May/2026 08:37:35] "GET /static/game/images/icons/sidebar/finanzen.svg HTTP/1.1" 200 403
[15/May/2026 08:37:35] "GET /static/game/images/icons/sidebar/verein.svg HTTP/1.1" 200 386
[15/May/2026 08:37:35] "GET /static/game/images/icons/sidebar/mitarbeiter.svg HTTP/1.1" 200 522
[15/May/2026 08:37:35] "GET /static/game/images/icons/sidebar/wettbewerbe.svg HTTP/1.1" 200 432
[15/May/2026 08:37:35] "GET /static/game/images/icons/sidebar/posteingang.svg HTTP/1.1" 200 325
[15/May/2026 08:37:35] "GET /static/game/images/icons/sidebar/einstellungen.svg HTTP/1.1" 200 581
[15/May/2026 08:37:35] "GET /static/game/images/crests/915.png HTTP/1.1" 200 148470
[15/May/2026 08:37:35] "GET /static/game/images/nations/federations/765.png HTTP/1.1" 200 95781
[15/May/2026 08:37:35] "GET /static/game/images/players/28049320.png HTTP/1.1" 200 79774
[15/May/2026 08:37:35] "GET /static/game/images/flags/765.svg HTTP/1.1" 200 1803
[15/May/2026 08:37:35] "GET /static/game/images/flags/789.svg HTTP/1.1" 200 1647
[15/May/2026 08:37:35] "GET /static/game/images/competitions/bundesliga.png HTTP/1.1" 200 22675
[15/May/2026 08:37:35] "GET /static/game/images/icons/stat-goals.svg HTTP/1.1" 200 1058
[15/May/2026 08:37:35] "GET /static/game/images/icons/stat-assists.svg HTTP/1.1" 200 1179
[15/May/2026 08:37:35] "GET /static/game/images/competitions/champions-league.png HTTP/1.1" 200 93326
[15/May/2026 08:37:35] "GET /static/game/images/competitions/dfb-pokal.png HTTP/1.1" 200 26479
[15/May/2026 08:37:35] "GET /static/game/images/competitions/supercup.png HTTP/1.1" 200 27978
[15/May/2026 08:37:35] "GET /static/game/images/icons/injury.png HTTP/1.1" 200 1325171
[15/May/2026 08:37:35] "GET /static/game/images/icons/suspension-cards.svg HTTP/1.1" 200 1334
[15/May/2026 08:37:35] "GET /static/game/images/crests/907.png HTTP/1.1" 200 34735
[15/May/2026 08:37:35] "GET /static/game/images/icons/trophy-heading.png HTTP/1.1" 200 9060
[15/May/2026 08:37:35] "GET /static/game/images/icons/trophy-total.png HTTP/1.1" 200 5402
[15/May/2026 08:37:35] "GET /static/game/images/trophies/podium-trophy.png HTTP/1.1" 200 748570
[15/May/2026 08:37:35] "GET /static/game/images/trophies/1301397.png?v=1767377822 HTTP/1.1" 200 72537
[15/May/2026 08:37:35] "GET /static/game/images/trophies/1301394.png?v=1767377828 HTTP/1.1" 200 88300
[15/May/2026 08:37:35] "GET /static/game/images/trophies/1301410.png?v=1767377822 HTTP/1.1" 200 78266
[15/May/2026 08:37:35] "GET /static/game/images/trophies/22.png?v=1767377822 HTTP/1.1" 200 157699
[15/May/2026 08:37:35] "GET /static/game/images/icons/player-ui-icons.svg HTTP/1.1" 200 4970
[15/May/2026 08:37:35] "GET /static/game/images/backgrounds/player-profile-stadium-atmosphere.svg HTTP/1.1" 200 5840
[15/May/2026 08:37:35] "GET /static/game/images/backgrounds/spielfeld.png HTTP/1.1" 200 2479542
[15/May/2026 08:37:35] "GET /static/game/images/backgrounds/trophy-stage.png HTTP/1.1" 200 1946438
[15/May/2026 08:37:35] "GET /static/game/images/brand/favicon-32.png HTTP/1.1" 200 1969
[15/May/2026 08:37:36] "GET /players/552/?awards_page=2 HTTP/1.1" 200 62950
[15/May/2026 08:37:36] "GET /static/game/images/trophies/100.png?v=1767377826 HTTP/1.1" 200 74206
[15/May/2026 08:37:36] "GET /static/game/images/trophies/player-of-the-season-original.png?v=1778775429 HTTP/1.1" 200 1227407
[15/May/2026 08:37:36] "GET /static/game/images/trophies/torjagerkanone-original.png?v=1778712133 HTTP/1.1" 200 2685554
[15/May/2026 08:37:37] "GET /players/552/?awards_page=1 HTTP/1.1" 200 62989
[15/May/2026 08:37:37] "GET /static/game/css/global-dashboard.css HTTP/1.1" 200 211
[15/May/2026 08:37:37] "GET /static/game/css/player-profile.css HTTP/1.1" 200 40732
[15/May/2026 08:37:37] "GET /static/game/css/trophy-cabinet.css HTTP/1.1" 200 11339
[15/May/2026 08:37:37] "GET /static/game/images/brand/matchengine-logo-128.png HTTP/1.1" 200 15483
[15/May/2026 08:37:37] "GET /static/game/images/icons/sidebar/uebersicht.svg HTTP/1.1" 200 360
[15/May/2026 08:37:37] "GET /static/game/images/icons/sidebar/kader.svg HTTP/1.1" 200 615
[15/May/2026 08:37:37] "GET /static/game/images/icons/sidebar/taktik.svg HTTP/1.1" 200 530
[15/May/2026 08:37:37] "GET /static/game/images/icons/sidebar/training.svg HTTP/1.1" 200 582
[15/May/2026 08:37:37] "GET /static/game/images/icons/sidebar/transfers.svg HTTP/1.1" 200 497
[15/May/2026 08:37:37] "GET /static/game/images/icons/sidebar/scouting.svg HTTP/1.1" 200 423
[15/May/2026 08:37:37] "GET /static/game/css/global-dashboard/layout-nav.css HTTP/1.1" 200 14834
[15/May/2026 08:37:37] "GET /static/game/css/global-dashboard/dashboard-cards.css HTTP/1.1" 200 12891
[15/May/2026 08:37:37] "GET /static/game/css/global-dashboard/tables-lists.css HTTP/1.1" 200 9923
[15/May/2026 08:37:37] "GET /static/game/css/global-dashboard/responsive.css HTTP/1.1" 200 5122
[15/May/2026 08:37:37] "GET /static/game/images/icons/sidebar/jugend.svg HTTP/1.1" 200 392
[15/May/2026 08:37:37] "GET /static/game/images/icons/sidebar/finanzen.svg HTTP/1.1" 200 403
[15/May/2026 08:37:37] "GET /static/game/images/icons/sidebar/verein.svg HTTP/1.1" 200 386
[15/May/2026 08:37:37] "GET /static/game/images/icons/sidebar/mitarbeiter.svg HTTP/1.1" 200 522
[15/May/2026 08:37:37] "GET /static/game/images/icons/sidebar/wettbewerbe.svg HTTP/1.1" 200 432
[15/May/2026 08:37:37] "GET /static/game/images/icons/sidebar/posteingang.svg HTTP/1.1" 200 325
[15/May/2026 08:37:37] "GET /static/game/images/icons/sidebar/einstellungen.svg HTTP/1.1" 200 581
[15/May/2026 08:37:37] "GET /static/game/images/crests/915.png HTTP/1.1" 200 148470
[15/May/2026 08:37:37] "GET /static/game/images/nations/federations/765.png HTTP/1.1" 200 95781
[15/May/2026 08:37:37] "GET /static/game/images/players/28049320.png HTTP/1.1" 200 79774
[15/May/2026 08:37:37] "GET /static/game/images/flags/765.svg HTTP/1.1" 200 1803
[15/May/2026 08:37:37] "GET /static/game/images/flags/789.svg HTTP/1.1" 200 1647
[15/May/2026 08:37:37] "GET /static/game/images/competitions/bundesliga.png HTTP/1.1" 200 22675
[15/May/2026 08:37:37] "GET /static/game/images/icons/stat-goals.svg HTTP/1.1" 200 1058
[15/May/2026 08:37:37] "GET /static/game/images/icons/stat-assists.svg HTTP/1.1" 200 1179
[15/May/2026 08:37:37] "GET /static/game/images/competitions/champions-league.png HTTP/1.1" 200 93326
[15/May/2026 08:37:37] "GET /static/game/images/competitions/dfb-pokal.png HTTP/1.1" 200 26479
[15/May/2026 08:37:37] "GET /static/game/images/competitions/supercup.png HTTP/1.1" 200 27978
[15/May/2026 08:37:37] "GET /static/game/images/icons/injury.png HTTP/1.1" 200 1325171
[15/May/2026 08:37:37] "GET /static/game/images/icons/suspension-cards.svg HTTP/1.1" 200 1334
[15/May/2026 08:37:37] "GET /static/game/images/crests/907.png HTTP/1.1" 200 34735
[15/May/2026 08:37:37] "GET /static/game/images/icons/trophy-heading.png HTTP/1.1" 200 9060
[15/May/2026 08:37:37] "GET /static/game/images/icons/trophy-total.png HTTP/1.1" 200 5402
[15/May/2026 08:37:37] "GET /static/game/images/trophies/podium-trophy.png HTTP/1.1" 200 748570
[15/May/2026 08:37:37] "GET /static/game/images/trophies/1301397.png?v=1767377822 HTTP/1.1" 200 72537
[15/May/2026 08:37:37] "GET /static/game/images/trophies/1301394.png?v=1767377828 HTTP/1.1" 200 88300
[15/May/2026 08:37:37] "GET /static/game/images/trophies/1301410.png?v=1767377822 HTTP/1.1" 200 78266
[15/May/2026 08:37:37] "GET /static/game/images/trophies/22.png?v=1767377822 HTTP/1.1" 200 157699
[15/May/2026 08:37:38] "GET /static/game/images/icons/player-ui-icons.svg HTTP/1.1" 200 4970
[15/May/2026 08:37:38] "GET /static/game/images/backgrounds/player-profile-stadium-atmosphere.svg HTTP/1.1" 200 5840
[15/May/2026 08:37:38] "GET /static/game/images/backgrounds/spielfeld.png HTTP/1.1" 200 2479542
[15/May/2026 08:37:38] "GET /static/game/images/backgrounds/trophy-stage.png HTTP/1.1" 200 1946438
[15/May/2026 08:37:38] "GET /static/game/images/brand/favicon-32.png HTTP/1.1" 200 1969
[15/May/2026 08:37:39] "GET /players/552/?awards_page=1 HTTP/1.1" 200 62989
[15/May/2026 08:37:39] "GET /static/game/css/global-dashboard.css HTTP/1.1" 200 211
[15/May/2026 08:37:39] "GET /static/game/css/player-profile.css HTTP/1.1" 200 40732
[15/May/2026 08:37:39] "GET /static/game/css/trophy-cabinet.css HTTP/1.1" 200 11339
[15/May/2026 08:37:39] "GET /static/game/images/brand/matchengine-logo-128.png HTTP/1.1" 200 15483
[15/May/2026 08:37:39] "GET /static/game/images/icons/sidebar/uebersicht.svg HTTP/1.1" 200 360
[15/May/2026 08:37:39] "GET /static/game/css/global-dashboard/layout-nav.css HTTP/1.1" 200 14834
[15/May/2026 08:37:39] "GET /static/game/css/global-dashboard/dashboard-cards.css HTTP/1.1" 200 12891
[15/May/2026 08:37:39] "GET /static/game/css/global-dashboard/tables-lists.css HTTP/1.1" 200 9923
[15/May/2026 08:37:39] "GET /static/game/css/global-dashboard/responsive.css HTTP/1.1" 200 5122
[15/May/2026 08:37:39] "GET /static/game/images/icons/sidebar/kader.svg HTTP/1.1" 200 615
[15/May/2026 08:37:39] "GET /static/game/images/icons/sidebar/taktik.svg HTTP/1.1" 200 530
[15/May/2026 08:37:39] "GET /static/game/images/icons/sidebar/training.svg HTTP/1.1" 200 582
[15/May/2026 08:37:39] "GET /static/game/images/icons/sidebar/transfers.svg HTTP/1.1" 200 497
[15/May/2026 08:37:39] "GET /static/game/images/icons/sidebar/scouting.svg HTTP/1.1" 200 423
[15/May/2026 08:37:39] "GET /static/game/images/icons/sidebar/jugend.svg HTTP/1.1" 200 392
[15/May/2026 08:37:39] "GET /static/game/images/icons/sidebar/finanzen.svg HTTP/1.1" 200 403
[15/May/2026 08:37:39] "GET /static/game/images/icons/sidebar/verein.svg HTTP/1.1" 200 386
[15/May/2026 08:37:39] "GET /static/game/images/icons/sidebar/mitarbeiter.svg HTTP/1.1" 200 522
[15/May/2026 08:37:39] "GET /static/game/images/icons/sidebar/wettbewerbe.svg HTTP/1.1" 200 432
[15/May/2026 08:37:39] "GET /static/game/images/icons/sidebar/posteingang.svg HTTP/1.1" 200 325
[15/May/2026 08:37:39] "GET /static/game/images/icons/sidebar/einstellungen.svg HTTP/1.1" 200 581
[15/May/2026 08:37:39] "GET /static/game/images/crests/915.png HTTP/1.1" 200 148470
[15/May/2026 08:37:39] "GET /static/game/images/nations/federations/765.png HTTP/1.1" 200 95781
[15/May/2026 08:37:39] "GET /static/game/images/players/28049320.png HTTP/1.1" 200 79774
[15/May/2026 08:37:39] "GET /static/game/images/flags/765.svg HTTP/1.1" 200 1803
[15/May/2026 08:37:39] "GET /static/game/images/flags/789.svg HTTP/1.1" 200 1647
[15/May/2026 08:37:39] "GET /static/game/images/competitions/bundesliga.png HTTP/1.1" 200 22675
[15/May/2026 08:37:39] "GET /static/game/images/icons/stat-goals.svg HTTP/1.1" 200 1058
[15/May/2026 08:37:39] "GET /static/game/images/icons/stat-assists.svg HTTP/1.1" 200 1179
[15/May/2026 08:37:39] "GET /static/game/images/competitions/champions-league.png HTTP/1.1" 200 93326
[15/May/2026 08:37:39] "GET /static/game/images/competitions/dfb-pokal.png HTTP/1.1" 200 26479
[15/May/2026 08:37:39] "GET /static/game/images/competitions/supercup.png HTTP/1.1" 200 27978
[15/May/2026 08:37:39] "GET /static/game/images/icons/injury.png HTTP/1.1" 200 1325171
[15/May/2026 08:37:39] "GET /static/game/images/icons/suspension-cards.svg HTTP/1.1" 200 1334
[15/May/2026 08:37:39] "GET /static/game/images/crests/907.png HTTP/1.1" 200 34735
[15/May/2026 08:37:39] "GET /static/game/images/icons/trophy-heading.png HTTP/1.1" 200 9060
[15/May/2026 08:37:39] "GET /static/game/images/icons/trophy-total.png HTTP/1.1" 200 5402
[15/May/2026 08:37:39] "GET /static/game/images/trophies/podium-trophy.png HTTP/1.1" 200 748570
[15/May/2026 08:37:39] "GET /static/game/images/trophies/1301397.png?v=1767377822 HTTP/1.1" 200 72537
[15/May/2026 08:37:39] "GET /static/game/images/trophies/1301394.png?v=1767377828 HTTP/1.1" 200 88300
[15/May/2026 08:37:39] "GET /static/game/images/trophies/1301410.png?v=1767377822 HTTP/1.1" 200 78266
[15/May/2026 08:37:39] "GET /static/game/images/trophies/22.png?v=1767377822 HTTP/1.1" 200 157699
[15/May/2026 08:37:39] "GET /static/game/images/icons/player-ui-icons.svg HTTP/1.1" 200 4970
[15/May/2026 08:37:39] "GET /static/game/images/backgrounds/player-profile-stadium-atmosphere.svg HTTP/1.1" 200 5840
[15/May/2026 08:37:39] "GET /static/game/images/backgrounds/spielfeld.png HTTP/1.1" 200 2479542
[15/May/2026 08:37:39] "GET /static/game/images/backgrounds/trophy-stage.png HTTP/1.1" 200 1946438
[15/May/2026 08:37:39] "GET /static/game/images/brand/favicon-32.png HTTP/1.1" 200 1969
[15/May/2026 08:48:49] "GET /players/552/?awards_page=1 HTTP/1.1" 200 62989
[15/May/2026 08:48:49] "GET /static/game/css/player-profile.css HTTP/1.1" 200 40732
[15/May/2026 08:48:49] "GET /static/game/css/trophy-cabinet.css HTTP/1.1" 200 11339
[15/May/2026 08:48:49] "GET /static/game/images/backgrounds/player-profile-stadium-atmosphere.svg HTTP/1.1" 304 0
[15/May/2026 08:48:49] "GET /static/game/images/backgrounds/spielfeld.png HTTP/1.1" 304 0
[15/May/2026 08:48:49] "GET /static/game/images/backgrounds/trophy-stage.png HTTP/1.1" 304 0
[15/May/2026 08:55:36] "GET /players/552/?awards_page=2 HTTP/1.1" 200 62950
[15/May/2026 08:55:36] "GET /static/game/css/player-profile.css HTTP/1.1" 304 0
[15/May/2026 08:55:36] "GET /static/game/css/trophy-cabinet.css HTTP/1.1" 304 0
[15/May/2026 08:55:36] "GET /static/game/images/trophies/100.png?v=1767377826 HTTP/1.1" 200 74206
[15/May/2026 08:55:36] "GET /static/game/images/trophies/torjagerkanone-original.png?v=1778712133 HTTP/1.1" 200 2685554
[15/May/2026 08:55:41] "GET /players/552/?awards_page=1 HTTP/1.1" 200 62989
[15/May/2026 08:56:26] "GET /clubs/3/ HTTP/1.1" 200 85068
[15/May/2026 08:56:26] "GET /static/game/images/players/92039023.svg HTTP/1.1" 200 38805
[15/May/2026 08:56:26] "GET /static/game/images/players/76049803.svg HTTP/1.1" 200 41493
[15/May/2026 08:56:26] "GET /static/game/images/players/29221846.svg HTTP/1.1" 200 55001
[15/May/2026 08:56:26] "GET /static/game/images/players/28124579.svg HTTP/1.1" 200 38409
[15/May/2026 08:56:26] "GET /static/game/images/players/91119700.svg HTTP/1.1" 200 42889
[15/May/2026 08:56:26] "GET /static/game/images/players/16182894.svg HTTP/1.1" 200 43149
[15/May/2026 08:56:26] "GET /static/game/images/players/92088306.svg HTTP/1.1" 200 35485
[15/May/2026 08:56:26] "GET /static/game/images/players/28113827.svg HTTP/1.1" 200 40857
[15/May/2026 08:56:26] "GET /static/game/images/players/20041862.svg HTTP/1.1" 200 41701
[15/May/2026 08:56:26] "GET /static/game/images/players/16279486.svg HTTP/1.1" 200 51445
[15/May/2026 08:56:26] "GET /static/game/images/kits/915_home.svg HTTP/1.1" 200 83617
[15/May/2026 08:56:26] "GET /static/game/images/kits/915_away.svg HTTP/1.1" 200 103085
[15/May/2026 08:56:26] "GET /static/game/images/kits/915_third.svg HTTP/1.1" 200 45018
[15/May/2026 08:56:26] "GET /static/game/images/flags/771.svg HTTP/1.1" 200 1599
[15/May/2026 08:56:26] "GET /static/game/images/flags/788.svg HTTP/1.1" 200 5543
[15/May/2026 08:56:26] "GET /static/game/images/flags/802.svg HTTP/1.1" 200 6395
[15/May/2026 08:56:26] "GET /static/game/images/players/2000262633.svg HTTP/1.1" 200 41939
[15/May/2026 08:56:26] "GET /static/game/images/players/2000171034.svg HTTP/1.1" 200 38003
[15/May/2026 08:56:26] "GET /static/game/images/flags/116.svg HTTP/1.1" 200 3359
[15/May/2026 08:56:26] "GET /static/game/images/flags/24.svg HTTP/1.1" 200 1658
[15/May/2026 08:56:26] "GET /static/game/images/flags/769.svg HTTP/1.1" 200 1671
[15/May/2026 08:56:26] "GET /static/game/images/flags/135.svg HTTP/1.1" 200 10615
[15/May/2026 08:56:26] "GET /static/game/images/players/89063073.svg HTTP/1.1" 200 42001
[15/May/2026 08:56:26] "GET /static/game/images/players/45109024.svg HTTP/1.1" 200 44825
[15/May/2026 08:56:26] "GET /static/game/images/flags/364.svg HTTP/1.1" 200 4043
[15/May/2026 08:56:26] "GET /static/game/images/flags/23.svg HTTP/1.1" 200 2686
[15/May/2026 08:56:26] "GET /static/game/images/flags/1653.svg HTTP/1.1" 200 1604
[15/May/2026 08:56:26] "GET /static/game/images/flags/27.svg HTTP/1.1" 200 3098
[15/May/2026 08:56:26] "GET /static/game/images/players/2000375662.svg HTTP/1.1" 200 38755
[15/May/2026 08:56:26] "GET /static/game/images/players/85045409.svg HTTP/1.1" 200 42693
[15/May/2026 08:56:26] "GET /static/game/images/players/16147659.svg HTTP/1.1" 200 46005
[15/May/2026 08:56:26] "GET /static/game/images/flags/755.svg HTTP/1.1" 200 1479
[15/May/2026 08:56:26] "GET /static/game/images/flags/761.svg HTTP/1.1" 200 5847
[15/May/2026 08:56:26] "GET /static/game/images/players/12087972.svg HTTP/1.1" 200 40077
[15/May/2026 08:56:26] "GET /static/game/images/players/28066083.svg HTTP/1.1" 200 41029
[15/May/2026 08:56:26] "GET /static/game/images/players/91190673.svg HTTP/1.1" 200 40437
[15/May/2026 08:56:26] "GET /static/game/images/flags/41.svg HTTP/1.1" 200 2650
[15/May/2026 08:56:26] "GET /static/game/images/flags/20.svg HTTP/1.1" 200 1646
[15/May/2026 08:56:26] "GET /static/game/images/players/2000259380.svg HTTP/1.1" 200 38515
[15/May/2026 08:56:26] "GET /static/game/images/players/8718372.svg HTTP/1.1" 200 42792
[15/May/2026 08:56:26] "GET /static/game/images/players/91207698.svg HTTP/1.1" 200 42501
[15/May/2026 08:56:26] "GET /static/game/images/players/2000147056.svg HTTP/1.1" 200 39219
[15/May/2026 08:56:26] "GET /static/game/images/players/35008097.svg HTTP/1.1" 200 38889
[15/May/2026 08:56:26] "GET /static/game/images/default_player.svg HTTP/1.1" 200 987
[15/May/2026 08:56:26] "GET /static/game/images/players/91104807.svg HTTP/1.1" 200 40029
[15/May/2026 08:56:30] "GET /players/540/ HTTP/1.1" 200 21507
[15/May/2026 08:56:30] "GET /static/game/images/nations/federations/771.png HTTP/1.1" 200 134589
[15/May/2026 08:56:42] "GET /clubs/3/ HTTP/1.1" 200 85068
[15/May/2026 08:56:45] "GET /players/541/ HTTP/1.1" 200 21249
[15/May/2026 08:56:52] "GET /players/542/ HTTP/1.1" 200 21497
[15/May/2026 08:56:52] "GET /static/game/images/nations/federations/788.png HTTP/1.1" 200 92110
[15/May/2026 08:57:00] "GET /players/535/ HTTP/1.1" 200 21223
[15/May/2026 08:57:00] "GET /static/game/images/nations/federations/135.png HTTP/1.1" 200 53534
[15/May/2026 08:57:07] "GET /players/550/ HTTP/1.1" 200 21462
[15/May/2026 08:57:07] "GET /static/game/images/nations/federations/769.png HTTP/1.1" 200 93621
[15/May/2026 08:57:21] "GET /players/545/ HTTP/1.1" 200 21254
[15/May/2026 08:57:21] "GET /static/game/images/nations/federations/41.png HTTP/1.1" 200 186201
[15/May/2026 08:57:40] "GET /players/545/ HTTP/1.1" 200 21254
[15/May/2026 08:57:49] "GET /players/530/ HTTP/1.1" 200 21219
[15/May/2026 08:57:49] "GET /static/game/css/global-dashboard/layout-nav.css HTTP/1.1" 304 0
[15/May/2026 08:57:49] "GET /static/game/css/global-dashboard/tables-lists.css HTTP/1.1" 304 0
[15/May/2026 08:57:49] "GET /static/game/css/global-dashboard/dashboard-cards.css HTTP/1.1" 304 0
[15/May/2026 08:57:49] "GET /static/game/css/global-dashboard/responsive.css HTTP/1.1" 304 0
[15/May/2026 08:57:56] "GET /players/543/ HTTP/1.1" 200 21233
[15/May/2026 08:57:56] "GET /static/game/css/trophy-cabinet.css HTTP/1.1" 304 0
[15/May/2026 08:58:04] "GET /players/548/ HTTP/1.1" 200 21485
[15/May/2026 08:58:04] "GET /static/game/css/global-dashboard.css HTTP/1.1" 304 0
[15/May/2026 08:58:04] "GET /static/game/css/player-profile.css HTTP/1.1" 304 0
[15/May/2026 08:58:11] "GET /players/537/ HTTP/1.1" 200 21451
[15/May/2026 08:58:11] "GET /static/game/images/nations/federations/364.png HTTP/1.1" 200 66996
[15/May/2026 09:01:04] "GET /admin/game/player/ HTTP/1.1" 200 106471
[15/May/2026 09:01:04] "GET /static/admin/css/base.css HTTP/1.1" 200 23100
[15/May/2026 09:01:04] "GET /static/admin/js/theme.js HTTP/1.1" 304 0
[15/May/2026 09:01:04] "GET /static/admin/css/dark_mode.css HTTP/1.1" 200 3538
[15/May/2026 09:01:04] "GET /static/admin/css/nav_sidebar.css HTTP/1.1" 200 2810
[15/May/2026 09:01:04] "GET /static/admin/css/responsive.css HTTP/1.1" 200 16273
[15/May/2026 09:01:04] "GET /static/admin/css/changelists.css HTTP/1.1" 200 7498
[15/May/2026 09:01:04] "GET /static/admin/js/vendor/jquery/jquery.js HTTP/1.1" 304 0
[15/May/2026 09:01:04] "GET /static/admin/js/actions.js HTTP/1.1" 304 0
[15/May/2026 09:01:04] "GET /static/admin/js/jquery.init.js HTTP/1.1" 304 0
[15/May/2026 09:01:04] "GET /static/admin/js/core.js HTTP/1.1" 304 0
[15/May/2026 09:01:04] "GET /static/admin/js/admin/RelatedObjectLookups.js HTTP/1.1" 304 0
[15/May/2026 09:01:04] "GET /static/admin/js/urlify.js HTTP/1.1" 304 0
[15/May/2026 09:01:04] "GET /static/admin/js/vendor/xregexp/xregexp.js HTTP/1.1" 304 0
[15/May/2026 09:01:04] "GET /static/admin/js/prepopulate.js HTTP/1.1" 304 0
[15/May/2026 09:01:04] "GET /admin/jsi18n/ HTTP/1.1" 200 8351
[15/May/2026 09:01:04] "GET /static/game/images/players/12087972.svg HTTP/1.1" 304 0
[15/May/2026 09:01:04] "GET /static/admin/img/search.svg HTTP/1.1" 200 607
[15/May/2026 09:01:04] "GET /static/game/images/players/28049320.png HTTP/1.1" 200 79774
[15/May/2026 09:01:04] "GET /static/game/images/players/28066083.svg HTTP/1.1" 200 41029
[15/May/2026 09:01:04] "GET /static/admin/js/nav_sidebar.js HTTP/1.1" 304 0
[15/May/2026 09:01:04] "GET /static/admin/js/filters.js HTTP/1.1" 200 978
[15/May/2026 09:01:04] "GET /static/game/images/players/76049803.svg HTTP/1.1" 200 41493
[15/May/2026 09:01:04] "GET /static/game/images/players/2000375662.svg HTTP/1.1" 200 38755
[15/May/2026 09:01:04] "GET /static/game/images/players/28124579.svg HTTP/1.1" 200 38409
[15/May/2026 09:01:04] "GET /static/game/images/players/91104807.svg HTTP/1.1" 200 40029
[15/May/2026 09:01:04] "GET /static/admin/img/tooltag-add.svg HTTP/1.1" 200 593
[15/May/2026 09:01:04] "GET /static/admin/img/icon-viewlink.svg HTTP/1.1" 200 928
[15/May/2026 09:01:04] "GET /static/game/images/players/2000171034.svg HTTP/1.1" 200 38003
[15/May/2026 09:01:04] "GET /static/game/images/players/16147659.svg HTTP/1.1" 200 46005
[15/May/2026 09:01:04] "GET /static/game/images/players/91190673.svg HTTP/1.1" 200 40437
[15/May/2026 09:01:04] "GET /static/game/images/players/45109024.svg HTTP/1.1" 200 44825
[15/May/2026 09:01:04] "GET /static/game/images/players/16182894.svg HTTP/1.1" 200 43149
[15/May/2026 09:01:04] "GET /static/game/images/players/35008097.svg HTTP/1.1" 200 38889
[15/May/2026 09:01:04] "GET /static/game/images/players/2000259380.svg HTTP/1.1" 200 38515
[15/May/2026 09:01:04] "GET /static/game/images/players/91119700.svg HTTP/1.1" 200 42889
[15/May/2026 09:01:04] "GET /static/game/images/players/91207698.svg HTTP/1.1" 200 42501
[15/May/2026 09:01:04] "GET /static/game/images/players/91207281.svg HTTP/1.1" 200 41509
[15/May/2026 09:01:04] "GET /static/game/images/players/83228802.svg HTTP/1.1" 200 57229
[15/May/2026 09:01:04] "GET /static/game/images/players/2000338374.svg HTTP/1.1" 200 40631
[15/May/2026 09:01:04] "GET /static/game/images/players/85111795.svg HTTP/1.1" 200 41029
[15/May/2026 09:01:04] "GET /static/game/images/players/91119265.svg HTTP/1.1" 200 41449
[15/May/2026 09:01:04] "GET /static/game/images/players/16279486.svg HTTP/1.1" 200 51445
[15/May/2026 09:01:04] "GET /static/game/images/players/19383257.svg HTTP/1.1" 200 42157
[15/May/2026 09:01:04] "GET /static/game/images/players/28127875.svg HTTP/1.1" 200 49089
[15/May/2026 09:01:04] "GET /static/game/images/players/2000205927.svg HTTP/1.1" 200 44139
[15/May/2026 09:01:04] "GET /static/game/images/players/28113827.svg HTTP/1.1" 200 40857
[15/May/2026 09:01:04] "GET /static/game/images/players/16045721.svg HTTP/1.1" 200 45497
[15/May/2026 09:01:04] "GET /static/game/images/players/91139869.svg HTTP/1.1" 200 36853
[15/May/2026 09:01:04] "GET /static/game/images/players/53113114.svg HTTP/1.1" 200 46297
[15/May/2026 09:01:04] "GET /static/game/images/players/2000180861.svg HTTP/1.1" 200 37711
[15/May/2026 09:01:04] "GET /static/game/images/players/92021718.svg HTTP/1.1" 200 40737
[15/May/2026 09:01:04] "GET /static/game/images/players/93123163.svg HTTP/1.1" 200 41897
[15/May/2026 09:01:04] "GET /static/game/images/players/2000121585.svg HTTP/1.1" 200 42219
[15/May/2026 09:01:04] "GET /static/game/images/players/91107360.svg HTTP/1.1" 200 41097
[15/May/2026 09:01:04] "GET /static/game/images/players/2000333549.svg HTTP/1.1" 200 36963
[15/May/2026 09:01:04] "GET /static/game/images/players/12038706.svg HTTP/1.1" 200 43361
[15/May/2026 09:01:04] "GET /static/game/images/players/91137493.svg HTTP/1.1" 200 41633
[15/May/2026 09:01:04] "GET /static/game/images/players/2000069555.svg HTTP/1.1" 200 35103
[15/May/2026 09:01:04] "GET /static/game/images/players/92088306.svg HTTP/1.1" 200 35485
[15/May/2026 09:01:04] "GET /static/game/images/players/91018450.svg HTTP/1.1" 200 43069
[15/May/2026 09:01:04] "GET /static/game/images/players/91100472.svg HTTP/1.1" 200 41357
[15/May/2026 09:01:04] "GET /static/admin/img/icon-addlink.svg HTTP/1.1" 304 0
[15/May/2026 09:01:04] "GET /static/game/images/players/98040383.svg HTTP/1.1" 200 45101
[15/May/2026 09:01:08] "GET /admin/game/player/545/change/ HTTP/1.1" 200 91503
[15/May/2026 09:01:08] "GET /static/admin/css/forms.css HTTP/1.1" 200 8831
[15/May/2026 09:01:08] "GET /static/admin/js/admin/DateTimeShortcuts.js HTTP/1.1" 304 0
[15/May/2026 09:01:08] "GET /static/admin/js/calendar.js HTTP/1.1" 304 0
[15/May/2026 09:01:08] "GET /static/admin/js/inlines.js HTTP/1.1" 304 0
[15/May/2026 09:01:08] "GET /static/admin/js/prepopulate_init.js HTTP/1.1" 304 0
[15/May/2026 09:01:08] "GET /static/game/admin_compact.css HTTP/1.1" 200 2012
[15/May/2026 09:01:08] "GET /static/admin/css/widgets.css HTTP/1.1" 304 0
[15/May/2026 09:01:08] "GET /admin/jsi18n/ HTTP/1.1" 200 8351
[15/May/2026 09:01:08] "GET /static/admin/js/change_form.js HTTP/1.1" 200 606
[15/May/2026 09:01:08] "GET /static/admin/img/icon-calendar.svg HTTP/1.1" 304 0
[15/May/2026 09:02:34] "GET /players/552/?awards_page=1 HTTP/1.1" 200 62989
[15/May/2026 09:02:34] "GET /static/game/css/global-dashboard.css HTTP/1.1" 200 211
[15/May/2026 09:02:34] "GET /static/game/css/player-profile.css HTTP/1.1" 200 40765
[15/May/2026 09:02:34] "GET /static/game/css/trophy-cabinet.css HTTP/1.1" 200 11339
[15/May/2026 09:02:34] "GET /static/game/images/brand/matchengine-logo-128.png HTTP/1.1" 200 15483
[15/May/2026 09:02:34] "GET /static/game/images/icons/sidebar/uebersicht.svg HTTP/1.1" 200 360
[15/May/2026 09:02:34] "GET /static/game/images/icons/sidebar/kader.svg HTTP/1.1" 200 615
[15/May/2026 09:02:34] "GET /static/game/css/global-dashboard/layout-nav.css HTTP/1.1" 200 15543
[15/May/2026 09:02:34] "GET /static/game/css/global-dashboard/dashboard-cards.css HTTP/1.1" 200 12891
[15/May/2026 09:02:34] "GET /static/game/css/global-dashboard/tables-lists.css HTTP/1.1" 200 9923
[15/May/2026 09:02:34] "GET /static/game/css/global-dashboard/responsive.css HTTP/1.1" 200 5122
[15/May/2026 09:02:34] "GET /static/game/images/icons/sidebar/taktik.svg HTTP/1.1" 200 530
[15/May/2026 09:02:34] "GET /static/game/images/icons/sidebar/training.svg HTTP/1.1" 200 582
[15/May/2026 09:02:34] "GET /static/game/images/icons/sidebar/transfers.svg HTTP/1.1" 200 497
[15/May/2026 09:02:34] "GET /static/game/images/icons/sidebar/scouting.svg HTTP/1.1" 200 423
[15/May/2026 09:02:34] "GET /static/game/images/icons/sidebar/jugend.svg HTTP/1.1" 200 392
[15/May/2026 09:02:34] "GET /static/game/images/icons/sidebar/finanzen.svg HTTP/1.1" 200 403
[15/May/2026 09:02:34] "GET /static/game/images/icons/sidebar/verein.svg HTTP/1.1" 200 386
[15/May/2026 09:02:34] "GET /static/game/images/icons/sidebar/mitarbeiter.svg HTTP/1.1" 200 522
[15/May/2026 09:02:34] "GET /static/game/images/icons/sidebar/wettbewerbe.svg HTTP/1.1" 200 432
[15/May/2026 09:02:34] "GET /static/game/images/icons/sidebar/posteingang.svg HTTP/1.1" 200 325
[15/May/2026 09:02:34] "GET /static/game/images/icons/sidebar/einstellungen.svg HTTP/1.1" 200 581
[15/May/2026 09:02:34] "GET /static/game/images/crests/915.png HTTP/1.1" 200 148470
[15/May/2026 09:02:34] "GET /static/game/images/nations/federations/765.png HTTP/1.1" 200 95781
[15/May/2026 09:02:34] "GET /static/game/images/players/28049320.png HTTP/1.1" 200 79774
[15/May/2026 09:02:34] "GET /static/game/images/flags/765.svg HTTP/1.1" 200 1803
[15/May/2026 09:02:34] "GET /static/game/images/flags/789.svg HTTP/1.1" 200 1647
[15/May/2026 09:02:34] "GET /static/game/images/competitions/bundesliga.png HTTP/1.1" 200 22675
[15/May/2026 09:02:34] "GET /static/game/images/icons/stat-goals.svg HTTP/1.1" 200 1058
[15/May/2026 09:02:34] "GET /static/game/images/icons/stat-assists.svg HTTP/1.1" 200 1179
[15/May/2026 09:02:34] "GET /static/game/images/competitions/champions-league.png HTTP/1.1" 200 93326
[15/May/2026 09:02:34] "GET /static/game/images/competitions/dfb-pokal.png HTTP/1.1" 200 26479
[15/May/2026 09:02:34] "GET /static/game/images/competitions/supercup.png HTTP/1.1" 200 27978
[15/May/2026 09:02:34] "GET /static/game/images/icons/injury.png HTTP/1.1" 200 1325171
[15/May/2026 09:02:34] "GET /static/game/images/icons/suspension-cards.svg HTTP/1.1" 200 1334
[15/May/2026 09:02:34] "GET /static/game/images/crests/907.png HTTP/1.1" 200 34735
[15/May/2026 09:02:34] "GET /static/game/images/icons/trophy-heading.png HTTP/1.1" 200 9060
[15/May/2026 09:02:34] "GET /static/game/images/icons/trophy-total.png HTTP/1.1" 200 5402
[15/May/2026 09:02:34] "GET /static/game/images/trophies/podium-trophy.png HTTP/1.1" 200 748570
[15/May/2026 09:02:34] "GET /static/game/images/trophies/1301397.png?v=1767377822 HTTP/1.1" 200 72537
[15/May/2026 09:02:34] "GET /static/game/images/trophies/1301394.png?v=1767377828 HTTP/1.1" 200 88300
[15/May/2026 09:02:34] "GET /static/game/images/trophies/1301410.png?v=1767377822 HTTP/1.1" 200 78266
[15/May/2026 09:02:34] "GET /static/game/images/trophies/22.png?v=1767377822 HTTP/1.1" 200 157699
[15/May/2026 09:02:34] "GET /static/game/images/icons/player-ui-icons.svg HTTP/1.1" 200 4970
[15/May/2026 09:02:34] "GET /static/game/images/backgrounds/player-profile-stadium-atmosphere.svg HTTP/1.1" 200 5840
[15/May/2026 09:02:34] "GET /static/game/images/backgrounds/spielfeld.png HTTP/1.1" 200 2479542
[15/May/2026 09:02:34] "GET /static/game/images/backgrounds/trophy-stage.png HTTP/1.1" 200 1946438
[15/May/2026 09:02:34] "GET /static/game/images/brand/favicon-32.png HTTP/1.1" 200 1969
Not Found: /clubs/1/
[15/May/2026 09:02:35] "GET /clubs/1/ HTTP/1.1" 404 3149
Not Found: /favicon.ico
[15/May/2026 09:02:35] "GET /favicon.ico HTTP/1.1" 404 3573
[15/May/2026 09:02:36] "GET /clubs/ HTTP/1.1" 200 10533
[15/May/2026 09:02:36] "GET /static/game/css/global-dashboard.css HTTP/1.1" 200 211
[15/May/2026 09:02:36] "GET /static/game/images/brand/matchengine-logo-128.png HTTP/1.1" 200 15483
[15/May/2026 09:02:36] "GET /static/game/images/icons/sidebar/uebersicht.svg HTTP/1.1" 200 360
[15/May/2026 09:02:36] "GET /static/game/images/icons/sidebar/kader.svg HTTP/1.1" 200 615
[15/May/2026 09:02:36] "GET /static/game/images/icons/sidebar/taktik.svg HTTP/1.1" 200 530
[15/May/2026 09:02:36] "GET /static/game/images/icons/sidebar/training.svg HTTP/1.1" 200 582
[15/May/2026 09:02:36] "GET /static/game/css/global-dashboard/layout-nav.css HTTP/1.1" 200 15543
[15/May/2026 09:02:36] "GET /static/game/css/global-dashboard/dashboard-cards.css HTTP/1.1" 200 12891
[15/May/2026 09:02:36] "GET /static/game/css/global-dashboard/tables-lists.css HTTP/1.1" 200 9923
[15/May/2026 09:02:36] "GET /static/game/css/global-dashboard/responsive.css HTTP/1.1" 200 5122
[15/May/2026 09:02:36] "GET /static/game/images/icons/sidebar/transfers.svg HTTP/1.1" 200 497
[15/May/2026 09:02:36] "GET /static/game/images/icons/sidebar/scouting.svg HTTP/1.1" 200 423
[15/May/2026 09:02:36] "GET /static/game/images/icons/sidebar/jugend.svg HTTP/1.1" 200 392
[15/May/2026 09:02:36] "GET /static/game/images/icons/sidebar/finanzen.svg HTTP/1.1" 200 403
[15/May/2026 09:02:36] "GET /static/game/images/icons/sidebar/verein.svg HTTP/1.1" 200 386
[15/May/2026 09:02:36] "GET /static/game/images/icons/sidebar/mitarbeiter.svg HTTP/1.1" 200 522
[15/May/2026 09:02:36] "GET /static/game/images/icons/sidebar/wettbewerbe.svg HTTP/1.1" 200 432
[15/May/2026 09:02:36] "GET /static/game/images/icons/sidebar/posteingang.svg HTTP/1.1" 200 325
[15/May/2026 09:02:36] "GET /static/game/images/icons/sidebar/einstellungen.svg HTTP/1.1" 200 581
[15/May/2026 09:02:36] "GET /static/game/images/crests/907.png HTTP/1.1" 200 34735
[15/May/2026 09:02:36] "GET /static/game/images/crests/915.png HTTP/1.1" 200 148470
[15/May/2026 09:02:36] "GET /static/game/images/brand/favicon-32.png HTTP/1.1" 200 1969
[15/May/2026 09:02:37] "GET / HTTP/1.1" 200 16663
[15/May/2026 09:02:37] "GET /static/game/css/global-dashboard.css HTTP/1.1" 200 211
[15/May/2026 09:02:37] "GET /static/game/images/brand/matchengine-logo-128.png HTTP/1.1" 200 15483
[15/May/2026 09:02:37] "GET /static/game/images/icons/sidebar/uebersicht.svg HTTP/1.1" 200 360
[15/May/2026 09:02:37] "GET /static/game/images/icons/sidebar/kader.svg HTTP/1.1" 200 615
[15/May/2026 09:02:37] "GET /static/game/images/icons/sidebar/taktik.svg HTTP/1.1" 200 530
[15/May/2026 09:02:37] "GET /static/game/images/icons/sidebar/training.svg HTTP/1.1" 200 582
[15/May/2026 09:02:37] "GET /static/game/css/global-dashboard/layout-nav.css HTTP/1.1" 200 15543
[15/May/2026 09:02:37] "GET /static/game/css/global-dashboard/dashboard-cards.css HTTP/1.1" 200 12891
[15/May/2026 09:02:37] "GET /static/game/css/global-dashboard/tables-lists.css HTTP/1.1" 200 9923
[15/May/2026 09:02:37] "GET /static/game/css/global-dashboard/responsive.css HTTP/1.1" 200 5122
[15/May/2026 09:02:37] "GET /static/game/images/icons/sidebar/transfers.svg HTTP/1.1" 200 497
[15/May/2026 09:02:37] "GET /static/game/images/icons/sidebar/scouting.svg HTTP/1.1" 200 423
[15/May/2026 09:02:37] "GET /static/game/images/icons/sidebar/jugend.svg HTTP/1.1" 200 392
[15/May/2026 09:02:37] "GET /static/game/images/icons/sidebar/finanzen.svg HTTP/1.1" 200 403
[15/May/2026 09:02:37] "GET /static/game/images/icons/sidebar/verein.svg HTTP/1.1" 200 386
[15/May/2026 09:02:37] "GET /static/game/images/icons/sidebar/mitarbeiter.svg HTTP/1.1" 200 522
[15/May/2026 09:02:37] "GET /static/game/images/icons/sidebar/wettbewerbe.svg HTTP/1.1" 200 432
[15/May/2026 09:02:37] "GET /static/game/images/icons/sidebar/posteingang.svg HTTP/1.1" 200 325
[15/May/2026 09:02:37] "GET /static/game/images/icons/sidebar/einstellungen.svg HTTP/1.1" 200 581
[15/May/2026 09:02:37] "GET /static/game/images/crests/915.png HTTP/1.1" 200 148470
[15/May/2026 09:02:37] "GET /static/game/images/crests/907.png HTTP/1.1" 200 34735
[15/May/2026 09:02:37] "GET /static/game/images/players/29221846.svg HTTP/1.1" 200 55001
[15/May/2026 09:02:37] "GET /static/game/images/players/28124579.svg HTTP/1.1" 200 38409
[15/May/2026 09:02:37] "GET /static/game/images/players/2000171034.svg HTTP/1.1" 200 38003
[15/May/2026 09:02:37] "GET /static/game/images/players/76049803.svg HTTP/1.1" 200 41493
[15/May/2026 09:02:37] "GET /static/game/images/brand/favicon-32.png HTTP/1.1" 200 1969
[15/May/2026 09:02:38] "GET /players/552/?awards_page=1 HTTP/1.1" 200 62989
[15/May/2026 09:02:38] "GET /static/game/css/global-dashboard.css HTTP/1.1" 200 211
[15/May/2026 09:02:38] "GET /static/game/css/player-profile.css HTTP/1.1" 200 40765
[15/May/2026 09:02:38] "GET /static/game/css/trophy-cabinet.css HTTP/1.1" 200 11339
[15/May/2026 09:02:38] "GET /static/game/images/brand/matchengine-logo-128.png HTTP/1.1" 200 15483
[15/May/2026 09:02:38] "GET /static/game/images/icons/sidebar/uebersicht.svg HTTP/1.1" 200 360
[15/May/2026 09:02:38] "GET /static/game/images/icons/sidebar/kader.svg HTTP/1.1" 200 615
[15/May/2026 09:02:38] "GET /static/game/images/icons/sidebar/taktik.svg HTTP/1.1" 200 530
[15/May/2026 09:02:38] "GET /static/game/images/icons/sidebar/training.svg HTTP/1.1" 200 582
[15/May/2026 09:02:38] "GET /static/game/css/global-dashboard/layout-nav.css HTTP/1.1" 200 15543
[15/May/2026 09:02:38] "GET /static/game/css/global-dashboard/dashboard-cards.css HTTP/1.1" 200 12891
[15/May/2026 09:02:38] "GET /static/game/css/global-dashboard/tables-lists.css HTTP/1.1" 200 9923
[15/May/2026 09:02:38] "GET /static/game/css/global-dashboard/responsive.css HTTP/1.1" 200 5122
[15/May/2026 09:02:38] "GET /static/game/images/icons/sidebar/transfers.svg HTTP/1.1" 200 497
[15/May/2026 09:02:38] "GET /static/game/images/icons/sidebar/scouting.svg HTTP/1.1" 200 423
[15/May/2026 09:02:38] "GET /static/game/images/icons/sidebar/jugend.svg HTTP/1.1" 200 392
[15/May/2026 09:02:38] "GET /static/game/images/icons/sidebar/finanzen.svg HTTP/1.1" 200 403
[15/May/2026 09:02:38] "GET /static/game/images/icons/sidebar/verein.svg HTTP/1.1" 200 386
[15/May/2026 09:02:38] "GET /static/game/images/icons/sidebar/mitarbeiter.svg HTTP/1.1" 200 522
[15/May/2026 09:02:38] "GET /static/game/images/icons/sidebar/wettbewerbe.svg HTTP/1.1" 200 432
[15/May/2026 09:02:38] "GET /static/game/images/icons/sidebar/posteingang.svg HTTP/1.1" 200 325
[15/May/2026 09:02:38] "GET /static/game/images/icons/sidebar/einstellungen.svg HTTP/1.1" 200 581
[15/May/2026 09:02:38] "GET /static/game/images/crests/915.png HTTP/1.1" 200 148470
[15/May/2026 09:02:38] "GET /static/game/images/nations/federations/765.png HTTP/1.1" 200 95781
[15/May/2026 09:02:38] "GET /static/game/images/players/28049320.png HTTP/1.1" 200 79774
[15/May/2026 09:02:38] "GET /static/game/images/flags/765.svg HTTP/1.1" 200 1803
[15/May/2026 09:02:38] "GET /static/game/images/flags/789.svg HTTP/1.1" 200 1647
[15/May/2026 09:02:38] "GET /static/game/images/competitions/bundesliga.png HTTP/1.1" 200 22675
[15/May/2026 09:02:38] "GET /static/game/images/icons/stat-goals.svg HTTP/1.1" 200 1058
[15/May/2026 09:02:38] "GET /static/game/images/icons/stat-assists.svg HTTP/1.1" 200 1179
[15/May/2026 09:02:38] "GET /static/game/images/competitions/champions-league.png HTTP/1.1" 200 93326
[15/May/2026 09:02:38] "GET /static/game/images/competitions/dfb-pokal.png HTTP/1.1" 200 26479
[15/May/2026 09:02:38] "GET /static/game/images/competitions/supercup.png HTTP/1.1" 200 27978
[15/May/2026 09:02:38] "GET /static/game/images/icons/injury.png HTTP/1.1" 200 1325171
[15/May/2026 09:02:38] "GET /static/game/images/icons/suspension-cards.svg HTTP/1.1" 200 1334
[15/May/2026 09:02:38] "GET /static/game/images/crests/907.png HTTP/1.1" 200 34735
[15/May/2026 09:02:38] "GET /static/game/images/icons/trophy-heading.png HTTP/1.1" 200 9060
[15/May/2026 09:02:38] "GET /static/game/images/icons/trophy-total.png HTTP/1.1" 200 5402
[15/May/2026 09:02:38] "GET /static/game/images/trophies/podium-trophy.png HTTP/1.1" 200 748570
[15/May/2026 09:02:38] "GET /static/game/images/trophies/1301397.png?v=1767377822 HTTP/1.1" 200 72537
[15/May/2026 09:02:38] "GET /static/game/images/trophies/1301394.png?v=1767377828 HTTP/1.1" 200 88300
[15/May/2026 09:02:38] "GET /static/game/images/trophies/1301410.png?v=1767377822 HTTP/1.1" 200 78266
[15/May/2026 09:02:38] "GET /static/game/images/trophies/22.png?v=1767377822 HTTP/1.1" 200 157699
[15/May/2026 09:02:38] "GET /static/game/images/icons/player-ui-icons.svg HTTP/1.1" 200 4970
[15/May/2026 09:02:38] "GET /static/game/images/backgrounds/player-profile-stadium-atmosphere.svg HTTP/1.1" 200 5840
[15/May/2026 09:02:38] "GET /static/game/images/backgrounds/spielfeld.png HTTP/1.1" 200 2479542
[15/May/2026 09:02:38] "GET /static/game/images/backgrounds/trophy-stage.png HTTP/1.1" 200 1946438
[15/May/2026 09:02:38] "GET /static/game/images/brand/favicon-32.png HTTP/1.1" 200 1969
Not Found: /clubs/1/
[15/May/2026 09:02:39] "GET /clubs/1/ HTTP/1.1" 404 3149
[15/May/2026 09:02:40] "GET /clubs/ HTTP/1.1" 200 10533
[15/May/2026 09:02:40] "GET /static/game/css/global-dashboard.css HTTP/1.1" 200 211
[15/May/2026 09:02:40] "GET /static/game/images/brand/matchengine-logo-128.png HTTP/1.1" 200 15483
[15/May/2026 09:02:40] "GET /static/game/images/icons/sidebar/uebersicht.svg HTTP/1.1" 200 360
[15/May/2026 09:02:40] "GET /static/game/images/icons/sidebar/kader.svg HTTP/1.1" 200 615
[15/May/2026 09:02:40] "GET /static/game/images/icons/sidebar/taktik.svg HTTP/1.1" 200 530
[15/May/2026 09:02:40] "GET /static/game/images/icons/sidebar/training.svg HTTP/1.1" 200 582
[15/May/2026 09:02:40] "GET /static/game/images/icons/sidebar/transfers.svg HTTP/1.1" 200 497
[15/May/2026 09:02:40] "GET /static/game/css/global-dashboard/layout-nav.css HTTP/1.1" 200 15543
[15/May/2026 09:02:40] "GET /static/game/css/global-dashboard/dashboard-cards.css HTTP/1.1" 200 12891
[15/May/2026 09:02:40] "GET /static/game/css/global-dashboard/tables-lists.css HTTP/1.1" 200 9923
[15/May/2026 09:02:40] "GET /static/game/css/global-dashboard/responsive.css HTTP/1.1" 200 5122
[15/May/2026 09:02:40] "GET /static/game/images/icons/sidebar/scouting.svg HTTP/1.1" 200 423
[15/May/2026 09:02:40] "GET /static/game/images/icons/sidebar/jugend.svg HTTP/1.1" 200 392
[15/May/2026 09:02:40] "GET /static/game/images/icons/sidebar/finanzen.svg HTTP/1.1" 200 403
[15/May/2026 09:02:40] "GET /static/game/images/icons/sidebar/verein.svg HTTP/1.1" 200 386
[15/May/2026 09:02:40] "GET /static/game/images/icons/sidebar/mitarbeiter.svg HTTP/1.1" 200 522
[15/May/2026 09:02:40] "GET /static/game/images/icons/sidebar/wettbewerbe.svg HTTP/1.1" 200 432
[15/May/2026 09:02:40] "GET /static/game/images/icons/sidebar/posteingang.svg HTTP/1.1" 200 325
[15/May/2026 09:02:40] "GET /static/game/images/icons/sidebar/einstellungen.svg HTTP/1.1" 200 581
[15/May/2026 09:02:40] "GET /static/game/images/crests/907.png HTTP/1.1" 200 34735
[15/May/2026 09:02:40] "GET /static/game/images/crests/915.png HTTP/1.1" 200 148470
[15/May/2026 09:02:40] "GET /static/game/images/brand/favicon-32.png HTTP/1.1" 200 1969
[15/May/2026 09:02:41] "GET / HTTP/1.1" 200 16663
[15/May/2026 09:02:41] "GET /static/game/css/global-dashboard.css HTTP/1.1" 200 211
[15/May/2026 09:02:41] "GET /static/game/images/brand/matchengine-logo-128.png HTTP/1.1" 200 15483
[15/May/2026 09:02:41] "GET /static/game/images/icons/sidebar/uebersicht.svg HTTP/1.1" 200 360
[15/May/2026 09:02:41] "GET /static/game/images/icons/sidebar/kader.svg HTTP/1.1" 200 615
[15/May/2026 09:02:41] "GET /static/game/images/icons/sidebar/taktik.svg HTTP/1.1" 200 530
[15/May/2026 09:02:41] "GET /static/game/images/icons/sidebar/training.svg HTTP/1.1" 200 582
[15/May/2026 09:02:41] "GET /static/game/images/icons/sidebar/transfers.svg HTTP/1.1" 200 497
[15/May/2026 09:02:41] "GET /static/game/images/icons/sidebar/scouting.svg HTTP/1.1" 200 423
[15/May/2026 09:02:41] "GET /static/game/css/global-dashboard/layout-nav.css HTTP/1.1" 200 15543
[15/May/2026 09:02:41] "GET /static/game/css/global-dashboard/dashboard-cards.css HTTP/1.1" 200 12891
[15/May/2026 09:02:41] "GET /static/game/css/global-dashboard/tables-lists.css HTTP/1.1" 200 9923
[15/May/2026 09:02:41] "GET /static/game/css/global-dashboard/responsive.css HTTP/1.1" 200 5122
[15/May/2026 09:02:41] "GET /static/game/images/icons/sidebar/jugend.svg HTTP/1.1" 200 392
[15/May/2026 09:02:41] "GET /static/game/images/icons/sidebar/finanzen.svg HTTP/1.1" 200 403
[15/May/2026 09:02:41] "GET /static/game/images/icons/sidebar/verein.svg HTTP/1.1" 200 386
[15/May/2026 09:02:41] "GET /static/game/images/icons/sidebar/mitarbeiter.svg HTTP/1.1" 200 522
[15/May/2026 09:02:41] "GET /static/game/images/icons/sidebar/wettbewerbe.svg HTTP/1.1" 200 432
[15/May/2026 09:02:41] "GET /static/game/images/icons/sidebar/posteingang.svg HTTP/1.1" 200 325
[15/May/2026 09:02:41] "GET /static/game/images/icons/sidebar/einstellungen.svg HTTP/1.1" 200 581
[15/May/2026 09:02:41] "GET /static/game/images/crests/915.png HTTP/1.1" 200 148470
[15/May/2026 09:02:41] "GET /static/game/images/crests/907.png HTTP/1.1" 200 34735
[15/May/2026 09:02:41] "GET /static/game/images/players/29221846.svg HTTP/1.1" 200 55001
[15/May/2026 09:02:41] "GET /static/game/images/players/28124579.svg HTTP/1.1" 200 38409
[15/May/2026 09:02:41] "GET /static/game/images/players/2000171034.svg HTTP/1.1" 200 38003
[15/May/2026 09:02:41] "GET /static/game/images/players/76049803.svg HTTP/1.1" 200 41493
[15/May/2026 09:02:41] "GET /static/game/images/brand/favicon-32.png HTTP/1.1" 200 1969
[15/May/2026 09:02:42] "GET /players/552/?awards_page=1 HTTP/1.1" 200 62989
[15/May/2026 09:02:42] "GET /static/game/css/global-dashboard.css HTTP/1.1" 200 211
[15/May/2026 09:02:42] "GET /static/game/css/player-profile.css HTTP/1.1" 200 40765
[15/May/2026 09:02:42] "GET /static/game/css/trophy-cabinet.css HTTP/1.1" 200 11339
[15/May/2026 09:02:42] "GET /static/game/images/brand/matchengine-logo-128.png HTTP/1.1" 200 15483
[15/May/2026 09:02:42] "GET /static/game/images/icons/sidebar/uebersicht.svg HTTP/1.1" 200 360
[15/May/2026 09:02:42] "GET /static/game/images/icons/sidebar/kader.svg HTTP/1.1" 200 615
[15/May/2026 09:02:42] "GET /static/game/images/icons/sidebar/taktik.svg HTTP/1.1" 200 530
[15/May/2026 09:02:42] "GET /static/game/images/icons/sidebar/training.svg HTTP/1.1" 200 582
[15/May/2026 09:02:42] "GET /static/game/images/icons/sidebar/transfers.svg HTTP/1.1" 200 497
[15/May/2026 09:02:42] "GET /static/game/images/icons/sidebar/scouting.svg HTTP/1.1" 200 423
[15/May/2026 09:02:42] "GET /static/game/css/global-dashboard/layout-nav.css HTTP/1.1" 200 15543
[15/May/2026 09:02:42] "GET /static/game/css/global-dashboard/dashboard-cards.css HTTP/1.1" 200 12891
[15/May/2026 09:02:42] "GET /static/game/css/global-dashboard/tables-lists.css HTTP/1.1" 200 9923
[15/May/2026 09:02:42] "GET /static/game/css/global-dashboard/responsive.css HTTP/1.1" 200 5122
[15/May/2026 09:02:42] "GET /static/game/images/icons/sidebar/jugend.svg HTTP/1.1" 200 392
[15/May/2026 09:02:42] "GET /static/game/images/icons/sidebar/finanzen.svg HTTP/1.1" 200 403
[15/May/2026 09:02:42] "GET /static/game/images/icons/sidebar/verein.svg HTTP/1.1" 200 386
[15/May/2026 09:02:42] "GET /static/game/images/icons/sidebar/mitarbeiter.svg HTTP/1.1" 200 522
[15/May/2026 09:02:42] "GET /static/game/images/icons/sidebar/wettbewerbe.svg HTTP/1.1" 200 432
[15/May/2026 09:02:42] "GET /static/game/images/icons/sidebar/posteingang.svg HTTP/1.1" 200 325
[15/May/2026 09:02:42] "GET /static/game/images/icons/sidebar/einstellungen.svg HTTP/1.1" 200 581
[15/May/2026 09:02:42] "GET /static/game/images/crests/915.png HTTP/1.1" 200 148470
[15/May/2026 09:02:42] "GET /static/game/images/nations/federations/765.png HTTP/1.1" 200 95781
[15/May/2026 09:02:42] "GET /static/game/images/players/28049320.png HTTP/1.1" 200 79774
[15/May/2026 09:02:42] "GET /static/game/images/flags/765.svg HTTP/1.1" 200 1803
[15/May/2026 09:02:42] "GET /static/game/images/flags/789.svg HTTP/1.1" 200 1647
[15/May/2026 09:02:42] "GET /static/game/images/competitions/bundesliga.png HTTP/1.1" 200 22675
[15/May/2026 09:02:42] "GET /static/game/images/icons/stat-goals.svg HTTP/1.1" 200 1058
[15/May/2026 09:02:42] "GET /static/game/images/icons/stat-assists.svg HTTP/1.1" 200 1179
[15/May/2026 09:02:42] "GET /static/game/images/competitions/champions-league.png HTTP/1.1" 200 93326
[15/May/2026 09:02:42] "GET /static/game/images/competitions/dfb-pokal.png HTTP/1.1" 200 26479
[15/May/2026 09:02:42] "GET /static/game/images/competitions/supercup.png HTTP/1.1" 200 27978
[15/May/2026 09:02:42] "GET /static/game/images/icons/injury.png HTTP/1.1" 200 1325171
[15/May/2026 09:02:42] "GET /static/game/images/icons/suspension-cards.svg HTTP/1.1" 200 1334
[15/May/2026 09:02:42] "GET /static/game/images/crests/907.png HTTP/1.1" 200 34735
[15/May/2026 09:02:42] "GET /static/game/images/icons/trophy-heading.png HTTP/1.1" 200 9060
[15/May/2026 09:02:42] "GET /static/game/images/icons/trophy-total.png HTTP/1.1" 200 5402
[15/May/2026 09:02:42] "GET /static/game/images/trophies/podium-trophy.png HTTP/1.1" 200 748570
[15/May/2026 09:02:42] "GET /static/game/images/trophies/1301397.png?v=1767377822 HTTP/1.1" 200 72537
[15/May/2026 09:02:42] "GET /static/game/images/trophies/1301394.png?v=1767377828 HTTP/1.1" 200 88300
[15/May/2026 09:02:42] "GET /static/game/images/trophies/1301410.png?v=1767377822 HTTP/1.1" 200 78266
[15/May/2026 09:02:42] "GET /static/game/images/trophies/22.png?v=1767377822 HTTP/1.1" 200 157699
[15/May/2026 09:02:42] "GET /static/game/images/icons/player-ui-icons.svg HTTP/1.1" 200 4970
[15/May/2026 09:02:42] "GET /static/game/images/backgrounds/player-profile-stadium-atmosphere.svg HTTP/1.1" 200 5840
[15/May/2026 09:02:42] "GET /static/game/images/backgrounds/spielfeld.png HTTP/1.1" 200 2479542
[15/May/2026 09:02:42] "GET /static/game/images/backgrounds/trophy-stage.png HTTP/1.1" 200 1946438
[15/May/2026 09:02:42] "GET /static/game/images/brand/favicon-32.png HTTP/1.1" 200 1969
Not Found: /clubs/1/
[15/May/2026 09:02:43] "GET /clubs/1/ HTTP/1.1" 404 3149
[15/May/2026 09:02:44] "GET /clubs/ HTTP/1.1" 200 10533
[15/May/2026 09:02:44] "GET /static/game/css/global-dashboard.css HTTP/1.1" 200 211
[15/May/2026 09:02:44] "GET /static/game/images/brand/matchengine-logo-128.png HTTP/1.1" 200 15483
[15/May/2026 09:02:44] "GET /static/game/images/icons/sidebar/uebersicht.svg HTTP/1.1" 200 360
[15/May/2026 09:02:44] "GET /static/game/images/icons/sidebar/kader.svg HTTP/1.1" 200 615
[15/May/2026 09:02:44] "GET /static/game/images/icons/sidebar/taktik.svg HTTP/1.1" 200 530
[15/May/2026 09:02:44] "GET /static/game/images/icons/sidebar/training.svg HTTP/1.1" 200 582
[15/May/2026 09:02:44] "GET /static/game/images/icons/sidebar/transfers.svg HTTP/1.1" 200 497
[15/May/2026 09:02:44] "GET /static/game/images/icons/sidebar/scouting.svg HTTP/1.1" 200 423
[15/May/2026 09:02:44] "GET /static/game/css/global-dashboard/layout-nav.css HTTP/1.1" 200 15543
[15/May/2026 09:02:44] "GET /static/game/css/global-dashboard/dashboard-cards.css HTTP/1.1" 200 12891
[15/May/2026 09:02:44] "GET /static/game/css/global-dashboard/tables-lists.css HTTP/1.1" 200 9923
[15/May/2026 09:02:44] "GET /static/game/css/global-dashboard/responsive.css HTTP/1.1" 200 5122
[15/May/2026 09:02:44] "GET /static/game/images/icons/sidebar/jugend.svg HTTP/1.1" 200 392
[15/May/2026 09:02:44] "GET /static/game/images/icons/sidebar/finanzen.svg HTTP/1.1" 200 403
[15/May/2026 09:02:44] "GET /static/game/images/icons/sidebar/verein.svg HTTP/1.1" 200 386
[15/May/2026 09:02:44] "GET /static/game/images/icons/sidebar/mitarbeiter.svg HTTP/1.1" 200 522
[15/May/2026 09:02:44] "GET /static/game/images/icons/sidebar/wettbewerbe.svg HTTP/1.1" 200 432
[15/May/2026 09:02:44] "GET /static/game/images/icons/sidebar/posteingang.svg HTTP/1.1" 200 325
[15/May/2026 09:02:44] "GET /static/game/images/icons/sidebar/einstellungen.svg HTTP/1.1" 200 581
[15/May/2026 09:02:44] "GET /static/game/images/crests/907.png HTTP/1.1" 200 34735
[15/May/2026 09:02:44] "GET /static/game/images/crests/915.png HTTP/1.1" 200 148470
[15/May/2026 09:02:44] "GET /static/game/images/brand/favicon-32.png HTTP/1.1" 200 1969
[15/May/2026 09:02:45] "GET / HTTP/1.1" 200 16663
[15/May/2026 09:02:45] "GET /static/game/css/global-dashboard.css HTTP/1.1" 200 211
[15/May/2026 09:02:45] "GET /static/game/images/brand/matchengine-logo-128.png HTTP/1.1" 200 15483
[15/May/2026 09:02:45] "GET /static/game/images/icons/sidebar/uebersicht.svg HTTP/1.1" 200 360
[15/May/2026 09:02:45] "GET /static/game/images/icons/sidebar/kader.svg HTTP/1.1" 200 615
[15/May/2026 09:02:45] "GET /static/game/images/icons/sidebar/taktik.svg HTTP/1.1" 200 530
[15/May/2026 09:02:45] "GET /static/game/images/icons/sidebar/training.svg HTTP/1.1" 200 582
[15/May/2026 09:02:45] "GET /static/game/images/icons/sidebar/transfers.svg HTTP/1.1" 200 497
[15/May/2026 09:02:45] "GET /static/game/css/global-dashboard/layout-nav.css HTTP/1.1" 200 15543
[15/May/2026 09:02:45] "GET /static/game/css/global-dashboard/dashboard-cards.css HTTP/1.1" 200 12891
[15/May/2026 09:02:45] "GET /static/game/css/global-dashboard/tables-lists.css HTTP/1.1" 200 9923
[15/May/2026 09:02:45] "GET /static/game/css/global-dashboard/responsive.css HTTP/1.1" 200 5122
[15/May/2026 09:02:45] "GET /static/game/images/icons/sidebar/scouting.svg HTTP/1.1" 200 423
[15/May/2026 09:02:45] "GET /static/game/images/icons/sidebar/jugend.svg HTTP/1.1" 200 392
[15/May/2026 09:02:45] "GET /static/game/images/icons/sidebar/finanzen.svg HTTP/1.1" 200 403
[15/May/2026 09:02:45] "GET /static/game/images/icons/sidebar/verein.svg HTTP/1.1" 200 386
[15/May/2026 09:02:45] "GET /static/game/images/icons/sidebar/mitarbeiter.svg HTTP/1.1" 200 522
[15/May/2026 09:02:45] "GET /static/game/images/icons/sidebar/wettbewerbe.svg HTTP/1.1" 200 432
[15/May/2026 09:02:45] "GET /static/game/images/icons/sidebar/posteingang.svg HTTP/1.1" 200 325
[15/May/2026 09:02:45] "GET /static/game/images/icons/sidebar/einstellungen.svg HTTP/1.1" 200 581
[15/May/2026 09:02:45] "GET /static/game/images/crests/915.png HTTP/1.1" 200 148470
[15/May/2026 09:02:45] "GET /static/game/images/crests/907.png HTTP/1.1" 200 34735
[15/May/2026 09:02:45] "GET /static/game/images/players/29221846.svg HTTP/1.1" 200 55001
[15/May/2026 09:02:45] "GET /static/game/images/players/28124579.svg HTTP/1.1" 200 38409
[15/May/2026 09:02:45] "GET /static/game/images/players/2000171034.svg HTTP/1.1" 200 38003
[15/May/2026 09:02:45] "GET /static/game/images/players/76049803.svg HTTP/1.1" 200 41493
[15/May/2026 09:02:45] "GET /static/game/images/brand/favicon-32.png HTTP/1.1" 200 1969
[15/May/2026 09:06:07] "GET /clubs/2/ HTTP/1.1" 200 86812
[15/May/2026 09:06:07] "GET /static/game/css/global-dashboard.css HTTP/1.1" 200 211
[15/May/2026 09:06:07] "GET /static/game/images/brand/matchengine-logo-128.png HTTP/1.1" 200 15483
[15/May/2026 09:06:07] "GET /static/game/images/icons/sidebar/uebersicht.svg HTTP/1.1" 200 360
[15/May/2026 09:06:07] "GET /static/game/images/icons/sidebar/kader.svg HTTP/1.1" 200 615
[15/May/2026 09:06:07] "GET /static/game/images/icons/sidebar/taktik.svg HTTP/1.1" 200 530
[15/May/2026 09:06:07] "GET /static/game/images/icons/sidebar/training.svg HTTP/1.1" 200 582
[15/May/2026 09:06:07] "GET /static/game/images/icons/sidebar/transfers.svg HTTP/1.1" 200 497
[15/May/2026 09:06:07] "GET /static/game/css/global-dashboard/layout-nav.css HTTP/1.1" 200 15543
[15/May/2026 09:06:07] "GET /static/game/css/global-dashboard/dashboard-cards.css HTTP/1.1" 200 12891
[15/May/2026 09:06:07] "GET /static/game/css/global-dashboard/tables-lists.css HTTP/1.1" 200 9923
[15/May/2026 09:06:07] "GET /static/game/css/global-dashboard/responsive.css HTTP/1.1" 200 5122
[15/May/2026 09:06:07] "GET /static/game/images/icons/sidebar/scouting.svg HTTP/1.1" 200 423
[15/May/2026 09:06:07] "GET /static/game/images/icons/sidebar/jugend.svg HTTP/1.1" 200 392
[15/May/2026 09:06:07] "GET /static/game/images/icons/sidebar/finanzen.svg HTTP/1.1" 200 403
[15/May/2026 09:06:07] "GET /static/game/images/icons/sidebar/verein.svg HTTP/1.1" 200 386
[15/May/2026 09:06:07] "GET /static/game/images/icons/sidebar/mitarbeiter.svg HTTP/1.1" 200 522
[15/May/2026 09:06:07] "GET /static/game/images/icons/sidebar/wettbewerbe.svg HTTP/1.1" 200 432
[15/May/2026 09:06:07] "GET /static/game/images/icons/sidebar/posteingang.svg HTTP/1.1" 200 325
[15/May/2026 09:06:07] "GET /static/game/images/icons/sidebar/einstellungen.svg HTTP/1.1" 200 581
[15/May/2026 09:06:07] "GET /static/game/images/crests/907.png HTTP/1.1" 200 34735
[15/May/2026 09:06:07] "GET /static/game/images/crests/915.png HTTP/1.1" 200 148470
[15/May/2026 09:06:07] "GET /static/game/images/players/98040383.svg HTTP/1.1" 200 45101
[15/May/2026 09:06:07] "GET /static/game/images/players/92088306.svg HTTP/1.1" 200 35485
[15/May/2026 09:06:07] "GET /static/game/images/players/85111795.svg HTTP/1.1" 200 41029
[15/May/2026 09:06:07] "GET /static/game/images/players/28113827.svg HTTP/1.1" 200 40857
[15/May/2026 09:06:07] "GET /static/game/images/players/91137493.svg HTTP/1.1" 200 41633
[15/May/2026 09:06:07] "GET /static/game/images/players/16279486.svg HTTP/1.1" 200 51445
[15/May/2026 09:06:07] "GET /static/game/images/players/91119265.svg HTTP/1.1" 200 41449
[15/May/2026 09:06:07] "GET /static/game/images/players/92021718.svg HTTP/1.1" 200 40737
[15/May/2026 09:06:07] "GET /static/game/images/players/29221846.svg HTTP/1.1" 200 55001
[15/May/2026 09:06:07] "GET /static/game/images/players/28124579.svg HTTP/1.1" 200 38409
[15/May/2026 09:06:07] "GET /static/game/images/players/2000171034.svg HTTP/1.1" 200 38003
[15/May/2026 09:06:07] "GET /static/game/images/kits/907_home.svg HTTP/1.1" 200 68629
[15/May/2026 09:06:07] "GET /static/game/images/kits/907_away.svg HTTP/1.1" 200 69349
[15/May/2026 09:06:07] "GET /static/game/images/kits/907_third.svg HTTP/1.1" 200 76322
[15/May/2026 09:06:07] "GET /static/game/images/players/91139869.svg HTTP/1.1" 200 36853
[15/May/2026 09:06:07] "GET /static/game/images/flags/799.svg HTTP/1.1" 200 4247
[15/May/2026 09:06:07] "GET /static/game/images/flags/771.svg HTTP/1.1" 200 1599
[15/May/2026 09:06:07] "GET /static/game/images/players/12038706.svg HTTP/1.1" 200 43361
[15/May/2026 09:06:07] "GET /static/game/images/flags/5.svg HTTP/1.1" 200 4817
[15/May/2026 09:06:07] "GET /static/game/images/players/2000121585.svg HTTP/1.1" 200 42219
[15/May/2026 09:06:07] "GET /static/game/images/flags/776.svg HTTP/1.1" 200 1647
[15/May/2026 09:06:07] "GET /static/game/images/flags/41.svg HTTP/1.1" 200 2650
[15/May/2026 09:06:07] "GET /static/game/images/players/2000333549.svg HTTP/1.1" 200 36963
[15/May/2026 09:06:07] "GET /static/game/images/players/91107360.svg HTTP/1.1" 200 41097
[15/May/2026 09:06:07] "GET /static/game/images/players/2000180861.svg HTTP/1.1" 200 37711
[15/May/2026 09:06:07] "GET /static/game/images/flags/28.svg HTTP/1.1" 200 3638
[15/May/2026 09:06:07] "GET /static/game/images/players/93123163.svg HTTP/1.1" 200 41897
[15/May/2026 09:06:07] "GET /static/game/images/flags/797.svg HTTP/1.1" 200 1771
[15/May/2026 09:06:07] "GET /static/game/images/flags/38.svg HTTP/1.1" 200 1630
[15/May/2026 09:06:07] "GET /static/game/images/players/19383257.svg HTTP/1.1" 200 42157
[15/May/2026 09:06:07] "GET /static/game/images/flags/1651.svg HTTP/1.1" 200 7476
[15/May/2026 09:06:07] "GET /static/game/images/flags/788.svg HTTP/1.1" 200 5543
[15/May/2026 09:06:07] "GET /static/game/images/players/53113114.svg HTTP/1.1" 200 46297
[15/May/2026 09:06:07] "GET /static/game/images/flags/786.svg HTTP/1.1" 200 1983
[15/May/2026 09:06:07] "GET /static/game/images/flags/390.svg HTTP/1.1" 200 8555
[15/May/2026 09:06:07] "GET /static/game/images/players/91207281.svg HTTP/1.1" 200 41509
[15/May/2026 09:06:07] "GET /static/game/images/flags/22.svg HTTP/1.1" 200 1666
[15/May/2026 09:06:07] "GET /static/game/images/flags/769.svg HTTP/1.1" 200 1671
[15/May/2026 09:06:07] "GET /static/game/images/players/2000338374.svg HTTP/1.1" 200 40631
[15/May/2026 09:06:07] "GET /static/game/images/players/83228802.svg HTTP/1.1" 200 57229
[15/May/2026 09:06:07] "GET /static/game/images/players/91100472.svg HTTP/1.1" 200 41357
[15/May/2026 09:06:07] "GET /static/game/images/flags/798.svg HTTP/1.1" 200 2099
[15/May/2026 09:06:07] "GET /static/game/images/players/91018450.svg HTTP/1.1" 200 43069
[15/May/2026 09:06:07] "GET /static/game/images/players/2000069555.svg HTTP/1.1" 200 35103
[15/May/2026 09:06:07] "GET /static/game/images/players/2000205927.svg HTTP/1.1" 200 44139
[15/May/2026 09:06:07] "GET /static/game/images/flags/765.svg HTTP/1.1" 200 1803
[15/May/2026 09:06:07] "GET /static/game/images/flags/789.svg HTTP/1.1" 200 1647
[15/May/2026 09:06:07] "GET /static/game/images/players/28127875.svg HTTP/1.1" 200 49089
[15/May/2026 09:06:07] "GET /static/game/images/flags/755.svg HTTP/1.1" 200 1479
[15/May/2026 09:06:07] "GET /static/game/images/players/16045721.svg HTTP/1.1" 200 45497
[15/May/2026 09:06:07] "GET /static/game/images/brand/favicon-32.png HTTP/1.1" 200 1969
[15/May/2026 09:06:08] "GET /clubs/2/ HTTP/1.1" 200 86812
[15/May/2026 09:06:08] "GET /static/game/css/global-dashboard.css HTTP/1.1" 200 211
[15/May/2026 09:06:08] "GET /static/game/images/brand/matchengine-logo-128.png HTTP/1.1" 200 15483
[15/May/2026 09:06:08] "GET /static/game/images/icons/sidebar/uebersicht.svg HTTP/1.1" 200 360
[15/May/2026 09:06:08] "GET /static/game/images/icons/sidebar/kader.svg HTTP/1.1" 200 615
[15/May/2026 09:06:08] "GET /static/game/images/icons/sidebar/taktik.svg HTTP/1.1" 200 530
[15/May/2026 09:06:08] "GET /static/game/images/icons/sidebar/training.svg HTTP/1.1" 200 582
[15/May/2026 09:06:08] "GET /static/game/images/icons/sidebar/transfers.svg HTTP/1.1" 200 497
[15/May/2026 09:06:08] "GET /static/game/css/global-dashboard/layout-nav.css HTTP/1.1" 200 15543
[15/May/2026 09:06:08] "GET /static/game/css/global-dashboard/dashboard-cards.css HTTP/1.1" 200 12891
[15/May/2026 09:06:08] "GET /static/game/css/global-dashboard/tables-lists.css HTTP/1.1" 200 9923
[15/May/2026 09:06:08] "GET /static/game/css/global-dashboard/responsive.css HTTP/1.1" 200 5122
[15/May/2026 09:06:08] "GET /static/game/images/icons/sidebar/scouting.svg HTTP/1.1" 200 423
[15/May/2026 09:06:08] "GET /static/game/images/icons/sidebar/jugend.svg HTTP/1.1" 200 392
[15/May/2026 09:06:08] "GET /static/game/images/icons/sidebar/finanzen.svg HTTP/1.1" 200 403
[15/May/2026 09:06:08] "GET /static/game/images/icons/sidebar/verein.svg HTTP/1.1" 200 386
[15/May/2026 09:06:08] "GET /static/game/images/icons/sidebar/mitarbeiter.svg HTTP/1.1" 200 522
[15/May/2026 09:06:08] "GET /static/game/images/icons/sidebar/wettbewerbe.svg HTTP/1.1" 200 432
[15/May/2026 09:06:08] "GET /static/game/images/icons/sidebar/posteingang.svg HTTP/1.1" 200 325
[15/May/2026 09:06:08] "GET /static/game/images/icons/sidebar/einstellungen.svg HTTP/1.1" 200 581
[15/May/2026 09:06:08] "GET /static/game/images/crests/907.png HTTP/1.1" 200 34735
[15/May/2026 09:06:08] "GET /static/game/images/crests/915.png HTTP/1.1" 200 148470
[15/May/2026 09:06:08] "GET /static/game/images/players/98040383.svg HTTP/1.1" 200 45101
[15/May/2026 09:06:08] "GET /static/game/images/players/92088306.svg HTTP/1.1" 200 35485
[15/May/2026 09:06:08] "GET /static/game/images/players/85111795.svg HTTP/1.1" 200 41029
[15/May/2026 09:06:08] "GET /static/game/images/players/28113827.svg HTTP/1.1" 200 40857
[15/May/2026 09:06:08] "GET /static/game/images/players/91137493.svg HTTP/1.1" 200 41633
[15/May/2026 09:06:08] "GET /static/game/images/players/16279486.svg HTTP/1.1" 200 51445
[15/May/2026 09:06:08] "GET /static/game/images/players/91119265.svg HTTP/1.1" 200 41449
[15/May/2026 09:06:08] "GET /static/game/images/players/92021718.svg HTTP/1.1" 200 40737
[15/May/2026 09:06:08] "GET /static/game/images/players/29221846.svg HTTP/1.1" 200 55001
[15/May/2026 09:06:08] "GET /static/game/images/players/28124579.svg HTTP/1.1" 200 38409
[15/May/2026 09:06:08] "GET /static/game/images/players/2000171034.svg HTTP/1.1" 200 38003
[15/May/2026 09:06:08] "GET /static/game/images/kits/907_home.svg HTTP/1.1" 200 68629
[15/May/2026 09:06:08] "GET /static/game/images/kits/907_away.svg HTTP/1.1" 200 69349
[15/May/2026 09:06:08] "GET /static/game/images/kits/907_third.svg HTTP/1.1" 200 76322
[15/May/2026 09:06:08] "GET /static/game/images/players/91139869.svg HTTP/1.1" 200 36853
[15/May/2026 09:06:08] "GET /static/game/images/flags/799.svg HTTP/1.1" 200 4247
[15/May/2026 09:06:08] "GET /static/game/images/flags/771.svg HTTP/1.1" 200 1599
[15/May/2026 09:06:08] "GET /static/game/images/players/12038706.svg HTTP/1.1" 200 43361
[15/May/2026 09:06:08] "GET /static/game/images/flags/5.svg HTTP/1.1" 200 4817
[15/May/2026 09:06:08] "GET /static/game/images/players/2000121585.svg HTTP/1.1" 200 42219
[15/May/2026 09:06:08] "GET /static/game/images/flags/776.svg HTTP/1.1" 200 1647
[15/May/2026 09:06:08] "GET /static/game/images/flags/41.svg HTTP/1.1" 200 2650
[15/May/2026 09:06:08] "GET /static/game/images/players/2000333549.svg HTTP/1.1" 200 36963
[15/May/2026 09:06:08] "GET /static/game/images/players/91107360.svg HTTP/1.1" 200 41097
[15/May/2026 09:06:08] "GET /static/game/images/players/2000180861.svg HTTP/1.1" 200 37711
[15/May/2026 09:06:08] "GET /static/game/images/flags/28.svg HTTP/1.1" 200 3638
[15/May/2026 09:06:08] "GET /static/game/images/players/93123163.svg HTTP/1.1" 200 41897
[15/May/2026 09:06:08] "GET /static/game/images/flags/797.svg HTTP/1.1" 200 1771
[15/May/2026 09:06:08] "GET /static/game/images/flags/38.svg HTTP/1.1" 200 1630
[15/May/2026 09:06:08] "GET /static/game/images/players/19383257.svg HTTP/1.1" 200 42157
[15/May/2026 09:06:08] "GET /static/game/images/flags/1651.svg HTTP/1.1" 200 7476
[15/May/2026 09:06:08] "GET /static/game/images/flags/788.svg HTTP/1.1" 200 5543
[15/May/2026 09:06:08] "GET /static/game/images/players/53113114.svg HTTP/1.1" 200 46297
[15/May/2026 09:06:08] "GET /static/game/images/flags/786.svg HTTP/1.1" 200 1983
[15/May/2026 09:06:08] "GET /static/game/images/flags/390.svg HTTP/1.1" 200 8555
[15/May/2026 09:06:08] "GET /static/game/images/players/91207281.svg HTTP/1.1" 200 41509
[15/May/2026 09:06:08] "GET /static/game/images/flags/22.svg HTTP/1.1" 200 1666
[15/May/2026 09:06:08] "GET /static/game/images/flags/769.svg HTTP/1.1" 200 1671
[15/May/2026 09:06:08] "GET /static/game/images/players/2000338374.svg HTTP/1.1" 200 40631
[15/May/2026 09:06:08] "GET /static/game/images/players/83228802.svg HTTP/1.1" 200 57229
[15/May/2026 09:06:08] "GET /static/game/images/players/91100472.svg HTTP/1.1" 200 41357
[15/May/2026 09:06:08] "GET /static/game/images/flags/798.svg HTTP/1.1" 200 2099
[15/May/2026 09:06:08] "GET /static/game/images/players/91018450.svg HTTP/1.1" 200 43069
[15/May/2026 09:06:08] "GET /static/game/images/players/2000069555.svg HTTP/1.1" 200 35103
[15/May/2026 09:06:08] "GET /static/game/images/players/2000205927.svg HTTP/1.1" 200 44139
[15/May/2026 09:06:08] "GET /static/game/images/flags/765.svg HTTP/1.1" 200 1803
[15/May/2026 09:06:08] "GET /static/game/images/flags/789.svg HTTP/1.1" 200 1647
[15/May/2026 09:06:08] "GET /static/game/images/players/28127875.svg HTTP/1.1" 200 49089
[15/May/2026 09:06:08] "GET /static/game/images/flags/755.svg HTTP/1.1" 200 1479
[15/May/2026 09:06:08] "GET /static/game/images/players/16045721.svg HTTP/1.1" 200 45497
[15/May/2026 09:06:08] "GET /static/game/images/brand/favicon-32.png HTTP/1.1" 200 1969
[15/May/2026 09:06:09] "GET /clubs/2/ HTTP/1.1" 200 86812
[15/May/2026 09:06:09] "GET /static/game/css/global-dashboard.css HTTP/1.1" 200 211
[15/May/2026 09:06:09] "GET /static/game/images/brand/matchengine-logo-128.png HTTP/1.1" 200 15483
[15/May/2026 09:06:09] "GET /static/game/images/icons/sidebar/uebersicht.svg HTTP/1.1" 200 360
[15/May/2026 09:06:09] "GET /static/game/images/icons/sidebar/kader.svg HTTP/1.1" 200 615
[15/May/2026 09:06:09] "GET /static/game/images/icons/sidebar/taktik.svg HTTP/1.1" 200 530
[15/May/2026 09:06:09] "GET /static/game/images/icons/sidebar/training.svg HTTP/1.1" 200 582
[15/May/2026 09:06:09] "GET /static/game/images/icons/sidebar/transfers.svg HTTP/1.1" 200 497
[15/May/2026 09:06:09] "GET /static/game/images/icons/sidebar/scouting.svg HTTP/1.1" 200 423
[15/May/2026 09:06:09] "GET /static/game/css/global-dashboard/layout-nav.css HTTP/1.1" 200 15543
[15/May/2026 09:06:09] "GET /static/game/css/global-dashboard/dashboard-cards.css HTTP/1.1" 200 12891
[15/May/2026 09:06:09] "GET /static/game/css/global-dashboard/tables-lists.css HTTP/1.1" 200 9923
[15/May/2026 09:06:09] "GET /static/game/css/global-dashboard/responsive.css HTTP/1.1" 200 5122
[15/May/2026 09:06:09] "GET /static/game/images/icons/sidebar/jugend.svg HTTP/1.1" 200 392
[15/May/2026 09:06:09] "GET /static/game/images/icons/sidebar/finanzen.svg HTTP/1.1" 200 403
[15/May/2026 09:06:09] "GET /static/game/images/icons/sidebar/verein.svg HTTP/1.1" 200 386
[15/May/2026 09:06:09] "GET /static/game/images/icons/sidebar/mitarbeiter.svg HTTP/1.1" 200 522
[15/May/2026 09:06:09] "GET /static/game/images/icons/sidebar/wettbewerbe.svg HTTP/1.1" 200 432
[15/May/2026 09:06:09] "GET /static/game/images/icons/sidebar/posteingang.svg HTTP/1.1" 200 325
[15/May/2026 09:06:09] "GET /static/game/images/icons/sidebar/einstellungen.svg HTTP/1.1" 200 581
[15/May/2026 09:06:09] "GET /static/game/images/crests/907.png HTTP/1.1" 200 34735
[15/May/2026 09:06:09] "GET /static/game/images/crests/915.png HTTP/1.1" 200 148470
[15/May/2026 09:06:09] "GET /static/game/images/players/98040383.svg HTTP/1.1" 200 45101
[15/May/2026 09:06:09] "GET /static/game/images/players/92088306.svg HTTP/1.1" 200 35485
[15/May/2026 09:06:09] "GET /static/game/images/players/85111795.svg HTTP/1.1" 200 41029
[15/May/2026 09:06:09] "GET /static/game/images/players/28113827.svg HTTP/1.1" 200 40857
[15/May/2026 09:06:09] "GET /static/game/images/players/91137493.svg HTTP/1.1" 200 41633
[15/May/2026 09:06:09] "GET /static/game/images/players/16279486.svg HTTP/1.1" 200 51445
[15/May/2026 09:06:09] "GET /static/game/images/players/91119265.svg HTTP/1.1" 200 41449
[15/May/2026 09:06:09] "GET /static/game/images/players/92021718.svg HTTP/1.1" 200 40737
[15/May/2026 09:06:09] "GET /static/game/images/players/29221846.svg HTTP/1.1" 200 55001
[15/May/2026 09:06:09] "GET /static/game/images/players/28124579.svg HTTP/1.1" 200 38409
[15/May/2026 09:06:09] "GET /static/game/images/players/2000171034.svg HTTP/1.1" 200 38003
[15/May/2026 09:06:09] "GET /static/game/images/kits/907_home.svg HTTP/1.1" 200 68629
[15/May/2026 09:06:09] "GET /static/game/images/kits/907_away.svg HTTP/1.1" 200 69349
[15/May/2026 09:06:09] "GET /static/game/images/kits/907_third.svg HTTP/1.1" 200 76322
[15/May/2026 09:06:09] "GET /static/game/images/players/91139869.svg HTTP/1.1" 200 36853
[15/May/2026 09:06:09] "GET /static/game/images/flags/799.svg HTTP/1.1" 200 4247
[15/May/2026 09:06:09] "GET /static/game/images/flags/771.svg HTTP/1.1" 200 1599
[15/May/2026 09:06:09] "GET /static/game/images/players/12038706.svg HTTP/1.1" 200 43361
[15/May/2026 09:06:09] "GET /static/game/images/flags/5.svg HTTP/1.1" 200 4817
[15/May/2026 09:06:09] "GET /static/game/images/players/2000121585.svg HTTP/1.1" 200 42219
[15/May/2026 09:06:09] "GET /static/game/images/flags/776.svg HTTP/1.1" 200 1647
[15/May/2026 09:06:09] "GET /static/game/images/flags/41.svg HTTP/1.1" 200 2650
[15/May/2026 09:06:09] "GET /static/game/images/players/2000333549.svg HTTP/1.1" 200 36963
[15/May/2026 09:06:09] "GET /static/game/images/players/91107360.svg HTTP/1.1" 200 41097
[15/May/2026 09:06:09] "GET /static/game/images/players/2000180861.svg HTTP/1.1" 200 37711
[15/May/2026 09:06:09] "GET /static/game/images/flags/28.svg HTTP/1.1" 200 3638
[15/May/2026 09:06:09] "GET /static/game/images/players/93123163.svg HTTP/1.1" 200 41897
[15/May/2026 09:06:09] "GET /static/game/images/flags/797.svg HTTP/1.1" 200 1771
[15/May/2026 09:06:09] "GET /static/game/images/flags/38.svg HTTP/1.1" 200 1630
[15/May/2026 09:06:09] "GET /static/game/images/players/19383257.svg HTTP/1.1" 200 42157
[15/May/2026 09:06:09] "GET /static/game/images/flags/1651.svg HTTP/1.1" 200 7476
[15/May/2026 09:06:09] "GET /static/game/images/flags/788.svg HTTP/1.1" 200 5543
[15/May/2026 09:06:09] "GET /static/game/images/players/53113114.svg HTTP/1.1" 200 46297
[15/May/2026 09:06:09] "GET /static/game/images/flags/786.svg HTTP/1.1" 200 1983
[15/May/2026 09:06:09] "GET /static/game/images/flags/390.svg HTTP/1.1" 200 8555
[15/May/2026 09:06:09] "GET /static/game/images/players/91207281.svg HTTP/1.1" 200 41509
[15/May/2026 09:06:09] "GET /static/game/images/flags/22.svg HTTP/1.1" 200 1666
[15/May/2026 09:06:09] "GET /static/game/images/flags/769.svg HTTP/1.1" 200 1671
[15/May/2026 09:06:09] "GET /static/game/images/players/2000338374.svg HTTP/1.1" 200 40631
[15/May/2026 09:06:09] "GET /static/game/images/players/83228802.svg HTTP/1.1" 200 57229
[15/May/2026 09:06:09] "GET /static/game/images/players/91100472.svg HTTP/1.1" 200 41357
[15/May/2026 09:06:09] "GET /static/game/images/flags/798.svg HTTP/1.1" 200 2099
[15/May/2026 09:06:09] "GET /static/game/images/players/91018450.svg HTTP/1.1" 200 43069
[15/May/2026 09:06:09] "GET /static/game/images/players/2000069555.svg HTTP/1.1" 200 35103
[15/May/2026 09:06:09] "GET /static/game/images/players/2000205927.svg HTTP/1.1" 200 44139
[15/May/2026 09:06:09] "GET /static/game/images/flags/765.svg HTTP/1.1" 200 1803
[15/May/2026 09:06:09] "GET /static/game/images/flags/789.svg HTTP/1.1" 200 1647
[15/May/2026 09:06:09] "GET /static/game/images/players/28127875.svg HTTP/1.1" 200 49089
[15/May/2026 09:06:09] "GET /static/game/images/flags/755.svg HTTP/1.1" 200 1479
[15/May/2026 09:06:09] "GET /static/game/images/players/16045721.svg HTTP/1.1" 200 45497
[15/May/2026 09:06:09] "GET /static/game/images/brand/favicon-32.png HTTP/1.1" 200 1969
C:\Users\mashu\Documents\Codex\Websoccer\Websoccer\game\views.py changed, reloading.
Watching for file changes with StatReloader
[15/May/2026 09:23:12] "GET /players/552/?awards_page=1 HTTP/1.1" 200 63017
[15/May/2026 09:23:12] "GET /static/game/css/global-dashboard.css HTTP/1.1" 200 211
[15/May/2026 09:23:12] "GET /static/game/css/player-profile.css HTTP/1.1" 200 40765
[15/May/2026 09:23:12] "GET /static/game/css/trophy-cabinet.css HTTP/1.1" 200 12780
[15/May/2026 09:23:12] "GET /static/game/css/global-dashboard/layout-nav.css HTTP/1.1" 200 15543
[15/May/2026 09:23:12] "GET /static/game/css/global-dashboard/dashboard-cards.css HTTP/1.1" 200 12891
[15/May/2026 09:23:12] "GET /static/game/css/global-dashboard/tables-lists.css HTTP/1.1" 200 9923
[15/May/2026 09:23:12] "GET /static/game/css/global-dashboard/responsive.css HTTP/1.1" 200 5122
[15/May/2026 09:23:12] "GET /static/game/images/brand/matchengine-logo-128.png HTTP/1.1" 200 15483
[15/May/2026 09:23:12] "GET /static/game/images/icons/sidebar/uebersicht.svg HTTP/1.1" 200 360
[15/May/2026 09:23:12] "GET /static/game/images/icons/sidebar/kader.svg HTTP/1.1" 200 615
[15/May/2026 09:23:12] "GET /static/game/images/icons/sidebar/taktik.svg HTTP/1.1" 200 530
[15/May/2026 09:23:12] "GET /static/game/images/icons/sidebar/training.svg HTTP/1.1" 200 582
[15/May/2026 09:23:12] "GET /static/game/images/icons/sidebar/transfers.svg HTTP/1.1" 200 497
[15/May/2026 09:23:12] "GET /static/game/images/icons/sidebar/scouting.svg HTTP/1.1" 200 423
[15/May/2026 09:23:12] "GET /static/game/images/icons/sidebar/jugend.svg HTTP/1.1" 200 392
[15/May/2026 09:23:12] "GET /static/game/images/icons/sidebar/finanzen.svg HTTP/1.1" 200 403
[15/May/2026 09:23:12] "GET /static/game/images/icons/sidebar/verein.svg HTTP/1.1" 200 386
[15/May/2026 09:23:12] "GET /static/game/images/icons/sidebar/mitarbeiter.svg HTTP/1.1" 200 522
[15/May/2026 09:23:12] "GET /static/game/images/icons/sidebar/wettbewerbe.svg HTTP/1.1" 200 432
[15/May/2026 09:23:12] "GET /static/game/images/icons/sidebar/posteingang.svg HTTP/1.1" 200 325
[15/May/2026 09:23:12] "GET /static/game/images/icons/sidebar/einstellungen.svg HTTP/1.1" 200 581
[15/May/2026 09:23:12] "GET /static/game/images/crests/915.png HTTP/1.1" 200 148470
[15/May/2026 09:23:12] "GET /static/game/images/nations/federations/765.png HTTP/1.1" 200 95781
[15/May/2026 09:23:12] "GET /static/game/images/icons/trophy-total.png HTTP/1.1" 200 5402
[15/May/2026 09:23:12] "GET /static/game/images/icons/suspension-cards.svg HTTP/1.1" 200 1334
[15/May/2026 09:23:12] "GET /static/game/images/competitions/supercup.png HTTP/1.1" 200 27978
[15/May/2026 09:23:12] "GET /static/game/images/backgrounds/player-profile-stadium-atmosphere.svg HTTP/1.1" 200 5840
[15/May/2026 09:23:12] "GET /static/game/images/backgrounds/spielfeld.png HTTP/1.1" 200 2479542
[15/May/2026 09:23:12] "GET /static/game/images/backgrounds/trophy-stage.png HTTP/1.1" 200 1946438
[15/May/2026 09:23:12] "GET /static/game/images/crests/907.png HTTP/1.1" 200 34735
[15/May/2026 09:23:12] "GET /static/game/images/icons/trophy-heading.png HTTP/1.1" 200 9060
[15/May/2026 09:23:12] "GET /static/game/images/icons/injury.png HTTP/1.1" 200 1325171
[15/May/2026 09:23:12] "GET /static/game/images/icons/stat-assists.svg HTTP/1.1" 200 1179
[15/May/2026 09:23:12] "GET /static/game/images/competitions/dfb-pokal.png HTTP/1.1" 200 26479
[15/May/2026 09:23:12] "GET /static/game/images/competitions/champions-league.png HTTP/1.1" 200 93326
[15/May/2026 09:23:12] "GET /static/game/images/trophies/1301394.png?v=1767377828 HTTP/1.1" 200 88300
[15/May/2026 09:23:12] "GET /static/game/images/trophies/1301410.png?v=1767377822 HTTP/1.1" 200 78266
[15/May/2026 09:23:12] "GET /static/game/images/trophies/podium-trophy.png HTTP/1.1" 200 748570
[15/May/2026 09:23:12] "GET /static/game/images/trophies/22.png?v=1767377822 HTTP/1.1" 200 157699
[15/May/2026 09:23:12] "GET /static/game/images/trophies/1301397.png?v=1767377822 HTTP/1.1" 200 72537
[15/May/2026 09:23:12] "GET /static/game/images/players/28049320.png HTTP/1.1" 200 79774
[15/May/2026 09:23:12] "GET /static/game/images/flags/765.svg HTTP/1.1" 200 1803
[15/May/2026 09:23:12] "GET /static/game/images/flags/789.svg HTTP/1.1" 200 1647
[15/May/2026 09:23:12] "GET /static/game/images/competitions/bundesliga.png HTTP/1.1" 200 22675
[15/May/2026 09:23:12] "GET /static/game/images/icons/stat-goals.svg HTTP/1.1" 200 1058
[15/May/2026 09:23:12] "GET /static/game/images/icons/player-ui-icons.svg HTTP/1.1" 200 4970
[15/May/2026 09:23:12] "GET /static/game/images/brand/favicon-32.png HTTP/1.1" 200 1969
[15/May/2026 09:23:13] "GET /players/552/?awards_page=2 HTTP/1.1" 200 62958
[15/May/2026 09:23:13] "GET /static/game/css/global-dashboard.css HTTP/1.1" 200 211
[15/May/2026 09:23:13] "GET /static/game/css/player-profile.css HTTP/1.1" 200 40765
[15/May/2026 09:23:13] "GET /static/game/css/trophy-cabinet.css HTTP/1.1" 200 12780
[15/May/2026 09:23:13] "GET /static/game/images/brand/matchengine-logo-128.png HTTP/1.1" 200 15483
[15/May/2026 09:23:13] "GET /static/game/images/icons/sidebar/uebersicht.svg HTTP/1.1" 200 360
[15/May/2026 09:23:13] "GET /static/game/images/icons/sidebar/kader.svg HTTP/1.1" 200 615
[15/May/2026 09:23:13] "GET /static/game/images/icons/sidebar/taktik.svg HTTP/1.1" 200 530
[15/May/2026 09:23:13] "GET /static/game/images/icons/sidebar/training.svg HTTP/1.1" 200 582
[15/May/2026 09:23:13] "GET /static/game/images/icons/sidebar/transfers.svg HTTP/1.1" 200 497
[15/May/2026 09:23:13] "GET /static/game/css/global-dashboard/layout-nav.css HTTP/1.1" 200 15543
[15/May/2026 09:23:13] "GET /static/game/css/global-dashboard/dashboard-cards.css HTTP/1.1" 200 12891
[15/May/2026 09:23:13] "GET /static/game/css/global-dashboard/tables-lists.css HTTP/1.1" 200 9923
[15/May/2026 09:23:13] "GET /static/game/css/global-dashboard/responsive.css HTTP/1.1" 200 5122
[15/May/2026 09:23:13] "GET /static/game/images/icons/sidebar/scouting.svg HTTP/1.1" 200 423
[15/May/2026 09:23:13] "GET /static/game/images/icons/sidebar/jugend.svg HTTP/1.1" 200 392
[15/May/2026 09:23:13] "GET /static/game/images/icons/sidebar/finanzen.svg HTTP/1.1" 200 403
[15/May/2026 09:23:13] "GET /static/game/images/icons/sidebar/verein.svg HTTP/1.1" 200 386
[15/May/2026 09:23:13] "GET /static/game/images/icons/sidebar/mitarbeiter.svg HTTP/1.1" 200 522
[15/May/2026 09:23:13] "GET /static/game/images/icons/sidebar/wettbewerbe.svg HTTP/1.1" 200 432
[15/May/2026 09:23:13] "GET /static/game/images/icons/sidebar/posteingang.svg HTTP/1.1" 200 325
[15/May/2026 09:23:13] "GET /static/game/images/icons/sidebar/einstellungen.svg HTTP/1.1" 200 581
[15/May/2026 09:23:13] "GET /static/game/images/crests/915.png HTTP/1.1" 200 148470
[15/May/2026 09:23:13] "GET /static/game/images/nations/federations/765.png HTTP/1.1" 200 95781
[15/May/2026 09:23:13] "GET /static/game/images/icons/trophy-total.png HTTP/1.1" 200 5402
[15/May/2026 09:23:13] "GET /static/game/images/icons/suspension-cards.svg HTTP/1.1" 200 1334
[15/May/2026 09:23:13] "GET /static/game/images/backgrounds/player-profile-stadium-atmosphere.svg HTTP/1.1" 200 5840
[15/May/2026 09:23:13] "GET /static/game/images/backgrounds/spielfeld.png HTTP/1.1" 200 2479542
[15/May/2026 09:23:13] "GET /static/game/images/backgrounds/trophy-stage.png HTTP/1.1" 200 1946438
[15/May/2026 09:23:13] "GET /static/game/images/crests/907.png HTTP/1.1" 200 34735
[15/May/2026 09:23:13] "GET /static/game/images/icons/trophy-heading.png HTTP/1.1" 200 9060
[15/May/2026 09:23:13] "GET /static/game/images/icons/injury.png HTTP/1.1" 200 1325171
[15/May/2026 09:23:13] "GET /static/game/images/icons/stat-assists.svg HTTP/1.1" 200 1179
[15/May/2026 09:23:13] "GET /static/game/images/competitions/supercup.png HTTP/1.1" 200 27978
[15/May/2026 09:23:13] "GET /static/game/images/competitions/dfb-pokal.png HTTP/1.1" 200 26479
[15/May/2026 09:23:13] "GET /static/game/images/competitions/champions-league.png HTTP/1.1" 200 93326
[15/May/2026 09:23:13] "GET /static/game/images/trophies/player-of-the-season-original.png?v=1778775429 HTTP/1.1" 200 1227407
[15/May/2026 09:23:13] "GET /static/game/images/trophies/100.png?v=1767377826 HTTP/1.1" 200 74206
[15/May/2026 09:23:13] "GET /static/game/images/trophies/podium-trophy.png HTTP/1.1" 200 748570
[15/May/2026 09:23:13] "GET /static/game/images/trophies/torjagerkanone-original.png?v=1778712133 HTTP/1.1" 200 2685554
[15/May/2026 09:23:13] "GET /static/game/images/players/28049320.png HTTP/1.1" 200 79774
[15/May/2026 09:23:13] "GET /static/game/images/flags/765.svg HTTP/1.1" 200 1803
[15/May/2026 09:23:13] "GET /static/game/images/flags/789.svg HTTP/1.1" 200 1647
[15/May/2026 09:23:13] "GET /static/game/images/competitions/bundesliga.png HTTP/1.1" 200 22675
[15/May/2026 09:23:13] "GET /static/game/images/icons/stat-goals.svg HTTP/1.1" 200 1058
[15/May/2026 09:23:13] "GET /static/game/images/icons/player-ui-icons.svg HTTP/1.1" 200 4970
[15/May/2026 09:23:13] "GET /static/game/images/brand/favicon-32.png HTTP/1.1" 200 1969
[15/May/2026 09:26:50] "GET /players/552/?awards_page=1 HTTP/1.1" 200 63017
[15/May/2026 09:26:50] "GET /static/game/css/global-dashboard.css HTTP/1.1" 200 211
[15/May/2026 09:26:50] "GET /static/game/css/player-profile.css HTTP/1.1" 200 40765
[15/May/2026 09:26:50] "GET /static/game/css/trophy-cabinet.css HTTP/1.1" 200 12868
[15/May/2026 09:26:50] "GET /static/game/images/brand/matchengine-logo-128.png HTTP/1.1" 200 15483
[15/May/2026 09:26:50] "GET /static/game/images/icons/sidebar/uebersicht.svg HTTP/1.1" 200 360
[15/May/2026 09:26:50] "GET /static/game/images/icons/sidebar/kader.svg HTTP/1.1" 200 615
[15/May/2026 09:26:50] "GET /static/game/images/icons/sidebar/taktik.svg HTTP/1.1" 200 530
[15/May/2026 09:26:50] "GET /static/game/images/icons/sidebar/training.svg HTTP/1.1" 200 582
[15/May/2026 09:26:50] "GET /static/game/images/icons/sidebar/transfers.svg HTTP/1.1" 200 497
[15/May/2026 09:26:50] "GET /static/game/images/icons/sidebar/scouting.svg HTTP/1.1" 200 423
[15/May/2026 09:26:50] "GET /static/game/css/global-dashboard/layout-nav.css HTTP/1.1" 200 15543
[15/May/2026 09:26:50] "GET /static/game/css/global-dashboard/dashboard-cards.css HTTP/1.1" 200 12891
[15/May/2026 09:26:50] "GET /static/game/css/global-dashboard/tables-lists.css HTTP/1.1" 200 9923
[15/May/2026 09:26:50] "GET /static/game/css/global-dashboard/responsive.css HTTP/1.1" 200 5122
[15/May/2026 09:26:50] "GET /static/game/images/icons/sidebar/jugend.svg HTTP/1.1" 200 392
[15/May/2026 09:26:50] "GET /static/game/images/icons/sidebar/finanzen.svg HTTP/1.1" 200 403
[15/May/2026 09:26:50] "GET /static/game/images/icons/sidebar/verein.svg HTTP/1.1" 200 386
[15/May/2026 09:26:50] "GET /static/game/images/icons/sidebar/mitarbeiter.svg HTTP/1.1" 200 522
[15/May/2026 09:26:50] "GET /static/game/images/icons/sidebar/wettbewerbe.svg HTTP/1.1" 200 432
[15/May/2026 09:26:50] "GET /static/game/images/icons/sidebar/posteingang.svg HTTP/1.1" 200 325
[15/May/2026 09:26:50] "GET /static/game/images/icons/sidebar/einstellungen.svg HTTP/1.1" 200 581
[15/May/2026 09:26:50] "GET /static/game/images/crests/915.png HTTP/1.1" 200 148470
[15/May/2026 09:26:50] "GET /static/game/images/nations/federations/765.png HTTP/1.1" 200 95781
[15/May/2026 09:26:50] "GET /static/game/images/players/28049320.png HTTP/1.1" 200 79774
[15/May/2026 09:26:50] "GET /static/game/images/flags/765.svg HTTP/1.1" 200 1803
[15/May/2026 09:26:50] "GET /static/game/images/flags/789.svg HTTP/1.1" 200 1647
[15/May/2026 09:26:50] "GET /static/game/images/competitions/bundesliga.png HTTP/1.1" 200 22675
[15/May/2026 09:26:50] "GET /static/game/images/icons/stat-goals.svg HTTP/1.1" 200 1058
[15/May/2026 09:26:50] "GET /static/game/images/icons/stat-assists.svg HTTP/1.1" 200 1179
[15/May/2026 09:26:50] "GET /static/game/images/competitions/champions-league.png HTTP/1.1" 200 93326
[15/May/2026 09:26:50] "GET /static/game/images/competitions/dfb-pokal.png HTTP/1.1" 200 26479
[15/May/2026 09:26:50] "GET /static/game/images/competitions/supercup.png HTTP/1.1" 200 27978
[15/May/2026 09:26:50] "GET /static/game/images/icons/injury.png HTTP/1.1" 200 1325171
[15/May/2026 09:26:50] "GET /static/game/images/icons/suspension-cards.svg HTTP/1.1" 200 1334
[15/May/2026 09:26:50] "GET /static/game/images/crests/907.png HTTP/1.1" 200 34735
[15/May/2026 09:26:50] "GET /static/game/images/icons/trophy-heading.png HTTP/1.1" 200 9060
[15/May/2026 09:26:50] "GET /static/game/images/icons/trophy-total.png HTTP/1.1" 200 5402
[15/May/2026 09:26:50] "GET /static/game/images/trophies/podium-trophy.png HTTP/1.1" 200 748570
[15/May/2026 09:26:50] "GET /static/game/images/trophies/1301397.png?v=1767377822 HTTP/1.1" 200 72537
[15/May/2026 09:26:50] "GET /static/game/images/trophies/1301394.png?v=1767377828 HTTP/1.1" 200 88300
[15/May/2026 09:26:51] "GET /static/game/images/backgrounds/trophy-stage.png HTTP/1.1" 200 1946438
[15/May/2026 09:26:51] "GET /static/game/images/trophies/1301410.png?v=1767377822 HTTP/1.1" 200 78266
[15/May/2026 09:26:51] "GET /static/game/images/trophies/22.png?v=1767377822 HTTP/1.1" 200 157699
[15/May/2026 09:26:51] "GET /static/game/images/icons/player-ui-icons.svg HTTP/1.1" 200 4970
[15/May/2026 09:26:51] "GET /static/game/images/backgrounds/player-profile-stadium-atmosphere.svg HTTP/1.1" 200 5840
[15/May/2026 09:26:51] "GET /static/game/images/backgrounds/spielfeld.png HTTP/1.1" 200 2479542
[15/May/2026 09:26:51] "GET /static/game/images/brand/favicon-32.png HTTP/1.1" 200 1969
[15/May/2026 09:28:45] "GET /players/552/?awards_page=2 HTTP/1.1" 200 62958
[15/May/2026 09:28:45] "GET /static/game/css/global-dashboard.css HTTP/1.1" 200 211
[15/May/2026 09:28:45] "GET /static/game/css/player-profile.css HTTP/1.1" 200 40765
[15/May/2026 09:28:45] "GET /static/game/css/trophy-cabinet.css HTTP/1.1" 200 12868
[15/May/2026 09:28:45] "GET /static/game/images/brand/matchengine-logo-128.png HTTP/1.1" 200 15483
[15/May/2026 09:28:45] "GET /static/game/images/icons/sidebar/uebersicht.svg HTTP/1.1" 200 360
[15/May/2026 09:28:45] "GET /static/game/images/icons/sidebar/kader.svg HTTP/1.1" 200 615
[15/May/2026 09:28:45] "GET /static/game/images/icons/sidebar/taktik.svg HTTP/1.1" 200 530
[15/May/2026 09:28:45] "GET /static/game/images/icons/sidebar/training.svg HTTP/1.1" 200 582
[15/May/2026 09:28:45] "GET /static/game/images/icons/sidebar/transfers.svg HTTP/1.1" 200 497
[15/May/2026 09:28:45] "GET /static/game/images/icons/sidebar/scouting.svg HTTP/1.1" 200 423
[15/May/2026 09:28:45] "GET /static/game/images/icons/sidebar/jugend.svg HTTP/1.1" 200 392
[15/May/2026 09:28:45] "GET /static/game/css/global-dashboard/layout-nav.css HTTP/1.1" 200 15543
[15/May/2026 09:28:45] "GET /static/game/css/global-dashboard/dashboard-cards.css HTTP/1.1" 200 12891
[15/May/2026 09:28:45] "GET /static/game/css/global-dashboard/tables-lists.css HTTP/1.1" 200 9923
[15/May/2026 09:28:45] "GET /static/game/css/global-dashboard/responsive.css HTTP/1.1" 200 5122
[15/May/2026 09:28:45] "GET /static/game/images/icons/sidebar/finanzen.svg HTTP/1.1" 200 403
[15/May/2026 09:28:45] "GET /static/game/images/icons/sidebar/verein.svg HTTP/1.1" 200 386
[15/May/2026 09:28:45] "GET /static/game/images/icons/sidebar/mitarbeiter.svg HTTP/1.1" 200 522
[15/May/2026 09:28:45] "GET /static/game/images/icons/sidebar/wettbewerbe.svg HTTP/1.1" 200 432
[15/May/2026 09:28:45] "GET /static/game/images/icons/sidebar/posteingang.svg HTTP/1.1" 200 325
[15/May/2026 09:28:45] "GET /static/game/images/icons/sidebar/einstellungen.svg HTTP/1.1" 200 581
[15/May/2026 09:28:45] "GET /static/game/images/crests/915.png HTTP/1.1" 200 148470
[15/May/2026 09:28:45] "GET /static/game/images/nations/federations/765.png HTTP/1.1" 200 95781
[15/May/2026 09:28:45] "GET /static/game/images/icons/trophy-total.png HTTP/1.1" 200 5402
[15/May/2026 09:28:45] "GET /static/game/images/backgrounds/spielfeld.png HTTP/1.1" 200 2479542
[15/May/2026 09:28:45] "GET /static/game/images/icons/suspension-cards.svg HTTP/1.1" 200 1334
[15/May/2026 09:28:45] "GET /static/game/images/competitions/supercup.png HTTP/1.1" 200 27978
[15/May/2026 09:28:45] "GET /static/game/images/trophies/player-of-the-season-original.png?v=1778775429 HTTP/1.1" 200 1227407
[15/May/2026 09:28:45] "GET /static/game/images/backgrounds/player-profile-stadium-atmosphere.svg HTTP/1.1" 200 5840
[15/May/2026 09:28:45] "GET /static/game/images/backgrounds/trophy-stage.png HTTP/1.1" 200 1946438
[15/May/2026 09:28:45] "GET /static/game/images/trophies/podium-trophy.png HTTP/1.1" 200 748570
[15/May/2026 09:28:45] "GET /static/game/images/crests/907.png HTTP/1.1" 200 34735
[15/May/2026 09:28:45] "GET /static/game/images/icons/trophy-heading.png HTTP/1.1" 200 9060
[15/May/2026 09:28:45] "GET /static/game/images/icons/injury.png HTTP/1.1" 200 1325171
[15/May/2026 09:28:45] "GET /static/game/images/icons/stat-assists.svg HTTP/1.1" 200 1179
[15/May/2026 09:28:45] "GET /static/game/images/competitions/dfb-pokal.png HTTP/1.1" 200 26479
[15/May/2026 09:28:45] "GET /static/game/images/competitions/champions-league.png HTTP/1.1" 200 93326
[15/May/2026 09:28:45] "GET /static/game/images/trophies/100.png?v=1767377826 HTTP/1.1" 200 74206
[15/May/2026 09:28:45] "GET /static/game/images/trophies/torjagerkanone-original.png?v=1778712133 HTTP/1.1" 200 2685554
[15/May/2026 09:28:45] "GET /static/game/images/players/28049320.png HTTP/1.1" 200 79774
[15/May/2026 09:28:45] "GET /static/game/images/flags/765.svg HTTP/1.1" 200 1803
[15/May/2026 09:28:45] "GET /static/game/images/flags/789.svg HTTP/1.1" 200 1647
[15/May/2026 09:28:45] "GET /static/game/images/competitions/bundesliga.png HTTP/1.1" 200 22675
[15/May/2026 09:28:45] "GET /static/game/images/icons/stat-goals.svg HTTP/1.1" 200 1058
[15/May/2026 09:28:45] "GET /static/game/images/icons/player-ui-icons.svg HTTP/1.1" 200 4970
[15/May/2026 09:28:45] "GET /static/game/images/brand/favicon-32.png HTTP/1.1" 200 1969
[15/May/2026 09:28:46] "GET /players/552/?awards_page=2 HTTP/1.1" 200 62958
[15/May/2026 09:28:46] "GET /static/game/css/global-dashboard.css HTTP/1.1" 200 211
[15/May/2026 09:28:46] "GET /static/game/css/player-profile.css HTTP/1.1" 200 40765
[15/May/2026 09:28:46] "GET /static/game/css/trophy-cabinet.css HTTP/1.1" 200 12868
[15/May/2026 09:28:46] "GET /static/game/images/brand/matchengine-logo-128.png HTTP/1.1" 200 15483
[15/May/2026 09:28:46] "GET /static/game/images/icons/sidebar/uebersicht.svg HTTP/1.1" 200 360
[15/May/2026 09:28:46] "GET /static/game/images/icons/sidebar/kader.svg HTTP/1.1" 200 615
[15/May/2026 09:28:46] "GET /static/game/images/icons/sidebar/taktik.svg HTTP/1.1" 200 530
[15/May/2026 09:28:46] "GET /static/game/images/icons/sidebar/training.svg HTTP/1.1" 200 582
[15/May/2026 09:28:46] "GET /static/game/images/icons/sidebar/transfers.svg HTTP/1.1" 200 497
[15/May/2026 09:28:46] "GET /static/game/css/global-dashboard/layout-nav.css HTTP/1.1" 200 15543
[15/May/2026 09:28:46] "GET /static/game/css/global-dashboard/dashboard-cards.css HTTP/1.1" 200 12891
[15/May/2026 09:28:46] "GET /static/game/css/global-dashboard/tables-lists.css HTTP/1.1" 200 9923
[15/May/2026 09:28:46] "GET /static/game/css/global-dashboard/responsive.css HTTP/1.1" 200 5122
[15/May/2026 09:28:46] "GET /static/game/images/icons/sidebar/scouting.svg HTTP/1.1" 200 423
[15/May/2026 09:28:46] "GET /static/game/images/icons/sidebar/jugend.svg HTTP/1.1" 200 392
[15/May/2026 09:28:46] "GET /static/game/images/icons/sidebar/finanzen.svg HTTP/1.1" 200 403
[15/May/2026 09:28:46] "GET /static/game/images/icons/sidebar/verein.svg HTTP/1.1" 200 386
[15/May/2026 09:28:46] "GET /static/game/images/icons/sidebar/mitarbeiter.svg HTTP/1.1" 200 522
[15/May/2026 09:28:46] "GET /static/game/images/icons/sidebar/wettbewerbe.svg HTTP/1.1" 200 432
[15/May/2026 09:28:46] "GET /static/game/images/icons/sidebar/posteingang.svg HTTP/1.1" 200 325
[15/May/2026 09:28:46] "GET /static/game/images/icons/sidebar/einstellungen.svg HTTP/1.1" 200 581
[15/May/2026 09:28:46] "GET /static/game/images/crests/915.png HTTP/1.1" 200 148470
[15/May/2026 09:28:46] "GET /static/game/images/nations/federations/765.png HTTP/1.1" 200 95781
[15/May/2026 09:28:46] "GET /static/game/images/icons/trophy-total.png HTTP/1.1" 200 5402
[15/May/2026 09:28:46] "GET /static/game/images/trophies/player-of-the-season-original.png?v=1778775429 HTTP/1.1" 200 1227407
[15/May/2026 09:28:46] "GET /static/game/images/backgrounds/player-profile-stadium-atmosphere.svg HTTP/1.1" 200 5840
[15/May/2026 09:28:46] "GET /static/game/images/backgrounds/trophy-stage.png HTTP/1.1" 200 1946438
[15/May/2026 09:28:46] "GET /static/game/images/backgrounds/spielfeld.png HTTP/1.1" 200 2479542
[15/May/2026 09:28:46] "GET /static/game/images/trophies/podium-trophy.png HTTP/1.1" 200 748570
[15/May/2026 09:28:46] "GET /static/game/images/crests/907.png HTTP/1.1" 200 34735
[15/May/2026 09:28:46] "GET /static/game/images/icons/trophy-heading.png HTTP/1.1" 200 9060
[15/May/2026 09:28:46] "GET /static/game/images/icons/suspension-cards.svg HTTP/1.1" 200 1334
[15/May/2026 09:28:46] "GET /static/game/images/icons/injury.png HTTP/1.1" 200 1325171
[15/May/2026 09:28:46] "GET /static/game/images/icons/stat-assists.svg HTTP/1.1" 200 1179
[15/May/2026 09:28:46] "GET /static/game/images/competitions/supercup.png HTTP/1.1" 200 27978
[15/May/2026 09:28:46] "GET /static/game/images/competitions/dfb-pokal.png HTTP/1.1" 200 26479
[15/May/2026 09:28:46] "GET /static/game/images/competitions/champions-league.png HTTP/1.1" 200 93326
[15/May/2026 09:28:46] "GET /static/game/images/trophies/100.png?v=1767377826 HTTP/1.1" 200 74206
[15/May/2026 09:28:46] "GET /static/game/images/trophies/torjagerkanone-original.png?v=1778712133 HTTP/1.1" 200 2685554
[15/May/2026 09:28:46] "GET /static/game/images/players/28049320.png HTTP/1.1" 200 79774
[15/May/2026 09:28:46] "GET /static/game/images/flags/765.svg HTTP/1.1" 200 1803
[15/May/2026 09:28:46] "GET /static/game/images/flags/789.svg HTTP/1.1" 200 1647
[15/May/2026 09:28:46] "GET /static/game/images/competitions/bundesliga.png HTTP/1.1" 200 22675
[15/May/2026 09:28:46] "GET /static/game/images/icons/stat-goals.svg HTTP/1.1" 200 1058
[15/May/2026 09:28:46] "GET /static/game/images/icons/player-ui-icons.svg HTTP/1.1" 200 4970
[15/May/2026 09:28:46] "GET /static/game/images/brand/favicon-32.png HTTP/1.1" 200 1969
[15/May/2026 09:39:40] "GET /players/552/?awards_page=1 HTTP/1.1" 200 63017
[15/May/2026 09:39:40] "GET /static/game/css/global-dashboard.css HTTP/1.1" 304 0
[15/May/2026 09:39:40] "GET /static/game/css/player-profile.css HTTP/1.1" 200 40765
[15/May/2026 09:39:40] "GET /static/game/css/trophy-cabinet.css HTTP/1.1" 200 12868
[15/May/2026 09:39:40] "GET /static/game/images/brand/matchengine-logo-128.png HTTP/1.1" 304 0
[15/May/2026 09:39:40] "GET /static/game/images/icons/sidebar/uebersicht.svg HTTP/1.1" 304 0
[15/May/2026 09:39:40] "GET /static/game/images/icons/sidebar/kader.svg HTTP/1.1" 304 0
[15/May/2026 09:39:40] "GET /static/game/css/global-dashboard/layout-nav.css HTTP/1.1" 200 15543
[15/May/2026 09:39:40] "GET /static/game/css/global-dashboard/dashboard-cards.css HTTP/1.1" 304 0
[15/May/2026 09:39:40] "GET /static/game/css/global-dashboard/tables-lists.css HTTP/1.1" 304 0
[15/May/2026 09:39:40] "GET /static/game/css/global-dashboard/responsive.css HTTP/1.1" 304 0
[15/May/2026 09:39:40] "GET /static/game/images/icons/sidebar/taktik.svg HTTP/1.1" 304 0
[15/May/2026 09:39:40] "GET /static/game/images/icons/sidebar/training.svg HTTP/1.1" 304 0
[15/May/2026 09:39:40] "GET /static/game/images/icons/sidebar/transfers.svg HTTP/1.1" 304 0
[15/May/2026 09:39:40] "GET /static/game/images/icons/sidebar/scouting.svg HTTP/1.1" 304 0
[15/May/2026 09:39:40] "GET /static/game/images/icons/sidebar/jugend.svg HTTP/1.1" 304 0
[15/May/2026 09:39:40] "GET /static/game/images/icons/sidebar/finanzen.svg HTTP/1.1" 304 0
[15/May/2026 09:39:40] "GET /static/game/images/icons/sidebar/verein.svg HTTP/1.1" 304 0
[15/May/2026 09:39:40] "GET /static/game/images/icons/sidebar/mitarbeiter.svg HTTP/1.1" 304 0
[15/May/2026 09:39:40] "GET /static/game/images/icons/sidebar/wettbewerbe.svg HTTP/1.1" 304 0
[15/May/2026 09:39:40] "GET /static/game/images/icons/sidebar/posteingang.svg HTTP/1.1" 304 0
[15/May/2026 09:39:40] "GET /static/game/images/icons/sidebar/einstellungen.svg HTTP/1.1" 304 0
[15/May/2026 09:39:40] "GET /static/game/images/players/28049320.png HTTP/1.1" 304 0
[15/May/2026 09:39:40] "GET /static/game/images/flags/765.svg HTTP/1.1" 304 0
[15/May/2026 09:39:40] "GET /static/game/images/flags/789.svg HTTP/1.1" 304 0
[15/May/2026 09:39:40] "GET /static/game/images/icons/stat-goals.svg HTTP/1.1" 304 0
[15/May/2026 09:39:40] "GET /static/game/images/icons/stat-assists.svg HTTP/1.1" 304 0
[15/May/2026 09:39:40] "GET /static/game/images/icons/injury.png HTTP/1.1" 304 0
[15/May/2026 09:39:40] "GET /static/game/images/icons/suspension-cards.svg HTTP/1.1" 304 0
[15/May/2026 09:39:40] "GET /static/game/images/icons/trophy-heading.png HTTP/1.1" 304 0
[15/May/2026 09:39:40] "GET /static/game/images/icons/trophy-total.png HTTP/1.1" 304 0
[15/May/2026 09:39:40] "GET /static/game/images/trophies/podium-trophy.png HTTP/1.1" 304 0
[15/May/2026 09:39:40] "GET /static/game/images/icons/player-ui-icons.svg HTTP/1.1" 304 0
[15/May/2026 09:39:40] "GET /static/game/images/backgrounds/player-profile-stadium-atmosphere.svg HTTP/1.1" 304 0
[15/May/2026 09:39:40] "GET /static/game/images/backgrounds/spielfeld.png HTTP/1.1" 304 0
[15/May/2026 09:39:40] "GET /static/game/images/backgrounds/trophy-stage.png HTTP/1.1" 304 0
[15/May/2026 09:39:52] "GET /players/552/?awards_page=2 HTTP/1.1" 200 62958
[15/May/2026 09:39:52] "GET /static/game/images/trophies/torjagerkanone-original.png?v=1778712133 HTTP/1.1" 304 0
[15/May/2026 09:39:52] "GET /static/game/images/trophies/player-of-the-season-original.png?v=1778775429 HTTP/1.1" 304 0
[15/May/2026 09:40:09] "GET /players/552/?awards_page=1 HTTP/1.1" 200 63017
[15/May/2026 09:40:46] "GET /clubs/3/ HTTP/1.1" 200 85068
[15/May/2026 09:40:46] "GET /static/game/images/crests/907.png HTTP/1.1" 200 34735
[15/May/2026 09:40:46] "GET /static/game/images/players/28049320.png HTTP/1.1" 200 79774
[15/May/2026 09:40:46] "GET /static/game/images/kits/915_away.svg HTTP/1.1" 200 103085
[15/May/2026 09:40:46] "GET /static/game/images/kits/915_home.svg HTTP/1.1" 200 83617
[15/May/2026 09:40:46] "GET /static/game/images/flags/802.svg HTTP/1.1" 200 6395
[15/May/2026 09:40:46] "GET /static/game/images/flags/771.svg HTTP/1.1" 200 1599
[15/May/2026 09:40:46] "GET /static/game/images/flags/788.svg HTTP/1.1" 200 5543
[15/May/2026 09:40:46] "GET /static/game/images/kits/915_third.svg HTTP/1.1" 200 45018
[15/May/2026 09:40:46] "GET /static/game/images/flags/116.svg HTTP/1.1" 200 3359
[15/May/2026 09:40:46] "GET /static/game/images/flags/23.svg HTTP/1.1" 200 2686
[15/May/2026 09:40:46] "GET /static/game/images/flags/24.svg HTTP/1.1" 200 1658
[15/May/2026 09:40:46] "GET /static/game/images/flags/1653.svg HTTP/1.1" 200 1604
[15/May/2026 09:40:46] "GET /static/game/images/flags/769.svg HTTP/1.1" 200 1671
[15/May/2026 09:40:46] "GET /static/game/images/flags/135.svg HTTP/1.1" 200 10615
[15/May/2026 09:40:46] "GET /static/game/images/flags/755.svg HTTP/1.1" 200 1479
[15/May/2026 09:40:46] "GET /static/game/images/flags/761.svg HTTP/1.1" 200 5847
[15/May/2026 09:40:46] "GET /static/game/images/flags/20.svg HTTP/1.1" 200 1646
[15/May/2026 09:40:46] "GET /static/game/images/flags/41.svg HTTP/1.1" 200 2650
[15/May/2026 09:40:46] "GET /static/game/images/players/12087972.svg HTTP/1.1" 200 40077
[15/May/2026 09:40:48] "GET /players/552/ HTTP/1.1" 200 63017
[15/May/2026 09:40:48] "GET /static/game/css/trophy-cabinet.css HTTP/1.1" 200 12868
[15/May/2026 09:40:48] "GET /static/game/images/competitions/dfb-pokal.png HTTP/1.1" 200 26479
[15/May/2026 09:40:48] "GET /static/game/images/competitions/supercup.png HTTP/1.1" 200 27978
[15/May/2026 09:40:48] "GET /static/game/css/player-profile.css HTTP/1.1" 200 40765
[15/May/2026 09:40:48] "GET /static/game/images/competitions/champions-league.png HTTP/1.1" 200 93326
[15/May/2026 09:40:48] "GET /static/game/images/nations/federations/765.png HTTP/1.1" 200 95781
[15/May/2026 09:40:48] "GET /static/game/images/icons/suspension-cards.svg HTTP/1.1" 200 1334
[15/May/2026 09:40:51] "GET /players/552/?awards_page=2 HTTP/1.1" 200 62958
[15/May/2026 09:40:51] "GET /static/game/images/trophies/100.png?v=1767377826 HTTP/1.1" 200 74206
[15/May/2026 09:40:51] "GET /static/game/images/trophies/torjagerkanone-original.png?v=1778712133 HTTP/1.1" 200 2685554
[15/May/2026 09:40:52] "GET /players/552/?awards_page=1 HTTP/1.1" 200 63017
[15/May/2026 09:40:53] "GET /players/552/?awards_page=2 HTTP/1.1" 200 62958
[15/May/2026 10:12:32] "GET /players/552/?awards_page=1 HTTP/1.1" 200 62642
[15/May/2026 10:12:32] "GET /static/game/css/global-dashboard.css HTTP/1.1" 200 211
[15/May/2026 10:12:32] "GET /static/game/css/player-profile.css HTTP/1.1" 200 41348
[15/May/2026 10:12:32] "GET /static/game/css/trophy-cabinet.css HTTP/1.1" 200 12868
[15/May/2026 10:12:32] "GET /static/game/images/brand/matchengine-logo-128.png HTTP/1.1" 200 15483
[15/May/2026 10:12:32] "GET /static/game/images/icons/sidebar/uebersicht.svg HTTP/1.1" 200 360
[15/May/2026 10:12:32] "GET /static/game/images/icons/sidebar/kader.svg HTTP/1.1" 200 615
[15/May/2026 10:12:32] "GET /static/game/images/icons/sidebar/taktik.svg HTTP/1.1" 200 530
[15/May/2026 10:12:32] "GET /static/game/images/icons/sidebar/training.svg HTTP/1.1" 200 582
[15/May/2026 10:12:32] "GET /static/game/images/icons/sidebar/transfers.svg HTTP/1.1" 200 497
[15/May/2026 10:12:32] "GET /static/game/css/global-dashboard/layout-nav.css HTTP/1.1" 200 15543
[15/May/2026 10:12:32] "GET /static/game/css/global-dashboard/dashboard-cards.css HTTP/1.1" 200 12891
[15/May/2026 10:12:32] "GET /static/game/css/global-dashboard/tables-lists.css HTTP/1.1" 200 9923
[15/May/2026 10:12:32] "GET /static/game/css/global-dashboard/responsive.css HTTP/1.1" 200 5122
[15/May/2026 10:12:32] "GET /static/game/images/icons/sidebar/scouting.svg HTTP/1.1" 200 423
[15/May/2026 10:12:32] "GET /static/game/images/icons/sidebar/jugend.svg HTTP/1.1" 200 392
[15/May/2026 10:12:32] "GET /static/game/images/icons/sidebar/finanzen.svg HTTP/1.1" 200 403
[15/May/2026 10:12:32] "GET /static/game/images/icons/sidebar/verein.svg HTTP/1.1" 200 386
[15/May/2026 10:12:32] "GET /static/game/images/icons/sidebar/mitarbeiter.svg HTTP/1.1" 200 522
[15/May/2026 10:12:32] "GET /static/game/images/icons/sidebar/wettbewerbe.svg HTTP/1.1" 200 432
[15/May/2026 10:12:32] "GET /static/game/images/icons/sidebar/posteingang.svg HTTP/1.1" 200 325
[15/May/2026 10:12:32] "GET /static/game/images/icons/sidebar/einstellungen.svg HTTP/1.1" 200 581
[15/May/2026 10:12:32] "GET /static/game/images/crests/915.png HTTP/1.1" 200 148470
[15/May/2026 10:12:32] "GET /static/game/images/nations/federations/765.png HTTP/1.1" 200 95781
[15/May/2026 10:12:32] "GET /static/game/images/players/28049320.png HTTP/1.1" 200 79774
[15/May/2026 10:12:32] "GET /static/game/images/flags/765.svg HTTP/1.1" 200 1803
[15/May/2026 10:12:32] "GET /static/game/images/flags/789.svg HTTP/1.1" 200 1647
[15/May/2026 10:12:32] "GET /static/game/images/competitions/bundesliga.png HTTP/1.1" 200 22675
[15/May/2026 10:12:32] "GET /static/game/images/icons/stat-goals.svg HTTP/1.1" 200 1058
[15/May/2026 10:12:32] "GET /static/game/images/icons/stat-assists.svg HTTP/1.1" 200 1179
[15/May/2026 10:12:32] "GET /static/game/images/competitions/champions-league.png HTTP/1.1" 200 93326
[15/May/2026 10:12:32] "GET /static/game/images/competitions/dfb-pokal.png HTTP/1.1" 200 26479
[15/May/2026 10:12:32] "GET /static/game/images/competitions/supercup.png HTTP/1.1" 200 27978
[15/May/2026 10:12:32] "GET /static/game/images/icons/suspension-cards.svg HTTP/1.1" 200 1334
[15/May/2026 10:12:32] "GET /static/game/images/crests/907.png HTTP/1.1" 200 34735
[15/May/2026 10:12:32] "GET /static/game/images/icons/trophy-heading.png HTTP/1.1" 200 9060
[15/May/2026 10:12:32] "GET /static/game/images/icons/trophy-total.png HTTP/1.1" 200 5402
[15/May/2026 10:12:32] "GET /static/game/images/trophies/podium-trophy.png HTTP/1.1" 200 748570
[15/May/2026 10:12:32] "GET /static/game/images/trophies/1301397.png?v=1767377822 HTTP/1.1" 200 72537
[15/May/2026 10:12:32] "GET /static/game/images/trophies/1301394.png?v=1767377828 HTTP/1.1" 200 88300
[15/May/2026 10:12:32] "GET /static/game/images/trophies/1301410.png?v=1767377822 HTTP/1.1" 200 78266
[15/May/2026 10:12:32] "GET /static/game/images/trophies/22.png?v=1767377822 HTTP/1.1" 200 157699
[15/May/2026 10:12:32] "GET /static/game/images/icons/player-ui-icons.svg HTTP/1.1" 200 4970
[15/May/2026 10:12:32] "GET /static/game/images/backgrounds/player-profile-stadium-atmosphere.svg HTTP/1.1" 200 5840
[15/May/2026 10:12:32] "GET /static/game/images/backgrounds/spielfeld.png HTTP/1.1" 200 2479542
[15/May/2026 10:12:32] "GET /static/game/images/backgrounds/injury-card-bg.svg HTTP/1.1" 200 1958
[15/May/2026 10:12:32] "GET /static/game/images/backgrounds/trophy-stage.png HTTP/1.1" 200 1946438
[15/May/2026 10:12:32] "GET /static/game/images/brand/favicon-32.png HTTP/1.1" 200 1969
[15/May/2026 10:23:09] "GET /players/552/?awards_page=1 HTTP/1.1" 200 62642
[15/May/2026 10:23:09] "GET /static/game/css/player-profile.css HTTP/1.1" 200 41348
[15/May/2026 10:23:09] "GET /static/game/css/trophy-cabinet.css HTTP/1.1" 304 0
[15/May/2026 10:23:09] "GET /static/game/css/global-dashboard/layout-nav.css HTTP/1.1" 304 0
[15/May/2026 10:23:09] "GET /static/game/images/backgrounds/injury-card-bg.svg HTTP/1.1" 200 1958
[15/May/2026 10:24:01] "GET /players/552/?awards_page=2 HTTP/1.1" 200 62583
[15/May/2026 10:24:01] "GET /static/game/css/global-dashboard.css HTTP/1.1" 304 0
[15/May/2026 10:24:01] "GET /static/game/css/trophy-cabinet.css HTTP/1.1" 304 0
[15/May/2026 10:24:01] "GET /static/game/css/player-profile.css HTTP/1.1" 200 41348
[15/May/2026 10:24:01] "GET /static/game/images/trophies/player-of-the-season-original.png?v=1778775429 HTTP/1.1" 304 0
[15/May/2026 10:24:01] "GET /static/game/css/global-dashboard/dashboard-cards.css HTTP/1.1" 304 0
[15/May/2026 10:24:01] "GET /static/game/css/global-dashboard/responsive.css HTTP/1.1" 304 0
[15/May/2026 10:24:01] "GET /static/game/css/global-dashboard/tables-lists.css HTTP/1.1" 304 0
[15/May/2026 10:24:01] "GET /static/game/css/global-dashboard/layout-nav.css HTTP/1.1" 200 15543
[15/May/2026 10:24:01] "GET /static/game/images/backgrounds/injury-card-bg.svg HTTP/1.1" 200 1958
[15/May/2026 10:24:11] "GET /players/552/?awards_page=1 HTTP/1.1" 200 62642
[15/May/2026 11:10:37] "GET /players/552/?awards_page=1 HTTP/1.1" 200 62642
[15/May/2026 11:10:37] "GET /static/game/css/global-dashboard.css HTTP/1.1" 200 211
[15/May/2026 11:10:37] "GET /static/game/css/player-profile.css HTTP/1.1" 200 42328
[15/May/2026 11:10:37] "GET /static/game/css/trophy-cabinet.css HTTP/1.1" 200 12921
[15/May/2026 11:10:37] "GET /static/game/images/brand/matchengine-logo-128.png HTTP/1.1" 200 15483
[15/May/2026 11:10:37] "GET /static/game/images/icons/sidebar/uebersicht.svg HTTP/1.1" 200 360
[15/May/2026 11:10:37] "GET /static/game/css/global-dashboard/layout-nav.css HTTP/1.1" 200 15687
[15/May/2026 11:10:37] "GET /static/game/css/global-dashboard/dashboard-cards.css HTTP/1.1" 200 12891
[15/May/2026 11:10:37] "GET /static/game/css/global-dashboard/tables-lists.css HTTP/1.1" 200 9923
[15/May/2026 11:10:37] "GET /static/game/css/global-dashboard/responsive.css HTTP/1.1" 200 5122
[15/May/2026 11:10:37] "GET /static/game/images/icons/sidebar/kader.svg HTTP/1.1" 200 615
[15/May/2026 11:10:37] "GET /static/game/images/icons/sidebar/taktik.svg HTTP/1.1" 200 530
[15/May/2026 11:10:37] "GET /static/game/images/icons/sidebar/training.svg HTTP/1.1" 200 582
[15/May/2026 11:10:37] "GET /static/game/images/icons/sidebar/transfers.svg HTTP/1.1" 200 497
[15/May/2026 11:10:37] "GET /static/game/images/icons/sidebar/scouting.svg HTTP/1.1" 200 423
[15/May/2026 11:10:37] "GET /static/game/images/icons/sidebar/jugend.svg HTTP/1.1" 200 392
[15/May/2026 11:10:37] "GET /static/game/images/icons/sidebar/finanzen.svg HTTP/1.1" 200 403
[15/May/2026 11:10:37] "GET /static/game/images/icons/sidebar/verein.svg HTTP/1.1" 200 386
[15/May/2026 11:10:37] "GET /static/game/images/icons/sidebar/mitarbeiter.svg HTTP/1.1" 200 522
[15/May/2026 11:10:37] "GET /static/game/images/icons/sidebar/wettbewerbe.svg HTTP/1.1" 200 432
[15/May/2026 11:10:37] "GET /static/game/images/icons/sidebar/posteingang.svg HTTP/1.1" 200 325
[15/May/2026 11:10:37] "GET /static/game/images/icons/sidebar/einstellungen.svg HTTP/1.1" 200 581
[15/May/2026 11:10:37] "GET /static/game/images/crests/915.png HTTP/1.1" 200 148470
[15/May/2026 11:10:37] "GET /static/game/images/nations/federations/765.png HTTP/1.1" 200 95781
[15/May/2026 11:10:37] "GET /static/game/images/players/28049320.png HTTP/1.1" 200 79774
[15/May/2026 11:10:37] "GET /static/game/images/flags/765.svg HTTP/1.1" 200 1803
[15/May/2026 11:10:37] "GET /static/game/images/flags/789.svg HTTP/1.1" 200 1647
[15/May/2026 11:10:37] "GET /static/game/images/competitions/bundesliga.png HTTP/1.1" 200 22675
[15/May/2026 11:10:37] "GET /static/game/images/icons/stat-goals.svg HTTP/1.1" 200 1058
[15/May/2026 11:10:37] "GET /static/game/images/icons/stat-assists.svg HTTP/1.1" 200 1179
[15/May/2026 11:10:37] "GET /static/game/images/competitions/champions-league.png HTTP/1.1" 200 93326
[15/May/2026 11:10:37] "GET /static/game/images/competitions/dfb-pokal.png HTTP/1.1" 200 26479
[15/May/2026 11:10:37] "GET /static/game/images/competitions/supercup.png HTTP/1.1" 200 27978
[15/May/2026 11:10:37] "GET /static/game/images/icons/suspension-cards.svg HTTP/1.1" 200 1334
[15/May/2026 11:10:37] "GET /static/game/images/crests/907.png HTTP/1.1" 200 34735
[15/May/2026 11:10:37] "GET /static/game/images/icons/trophy-heading.png HTTP/1.1" 200 9060
[15/May/2026 11:10:37] "GET /static/game/images/icons/trophy-total.png HTTP/1.1" 200 5402
[15/May/2026 11:10:37] "GET /static/game/images/trophies/podium-trophy.png HTTP/1.1" 200 748570
[15/May/2026 11:10:37] "GET /static/game/images/trophies/1301397.png?v=1767377822 HTTP/1.1" 200 72537
[15/May/2026 11:10:37] "GET /static/game/images/trophies/1301394.png?v=1767377828 HTTP/1.1" 200 88300
[15/May/2026 11:10:37] "GET /static/game/images/trophies/1301410.png?v=1767377822 HTTP/1.1" 200 78266
[15/May/2026 11:10:37] "GET /static/game/images/trophies/22.png?v=1767377822 HTTP/1.1" 200 157699
[15/May/2026 11:10:37] "GET /static/game/images/icons/player-ui-icons.svg HTTP/1.1" 200 4970
[15/May/2026 11:10:37] "GET /static/game/images/backgrounds/player-profile-stadium-atmosphere.svg HTTP/1.1" 200 5840
[15/May/2026 11:10:37] "GET /static/game/images/backgrounds/spielfeld.png HTTP/1.1" 200 2479542
[15/May/2026 11:10:37] "GET /static/game/images/backgrounds/injury-card-bg.svg HTTP/1.1" 200 1958
[15/May/2026 11:10:37] "GET /static/game/images/backgrounds/trophy-stage.png HTTP/1.1" 200 1946438
[15/May/2026 11:10:37] "GET /static/game/images/brand/favicon-32.png HTTP/1.1" 200 1969
[15/May/2026 11:10:52] "GET /players/552/?awards_page=1 HTTP/1.1" 200 62642
[15/May/2026 11:10:52] "GET /static/game/css/trophy-cabinet.css HTTP/1.1" 200 12921
[15/May/2026 11:10:52] "GET /static/game/images/icons/trophy-heading.png HTTP/1.1" 304 0
[15/May/2026 11:10:52] "GET /static/game/images/icons/stat-goals.svg HTTP/1.1" 304 0
[15/May/2026 11:10:52] "GET /static/game/images/icons/stat-assists.svg HTTP/1.1" 304 0
[15/May/2026 11:10:52] "GET /static/game/css/player-profile.css HTTP/1.1" 200 42328
[15/May/2026 11:10:52] "GET /static/game/images/icons/trophy-total.png HTTP/1.1" 304 0
[15/May/2026 11:10:52] "GET /static/game/css/global-dashboard/layout-nav.css HTTP/1.1" 200 15687
[15/May/2026 11:10:52] "GET /static/game/images/icons/player-ui-icons.svg HTTP/1.1" 304 0
[15/May/2026 11:10:52] "GET /static/game/images/trophies/podium-trophy.png HTTP/1.1" 304 0
[15/May/2026 11:10:52] "GET /static/game/images/backgrounds/injury-card-bg.svg HTTP/1.1" 304 0
[15/May/2026 11:14:22] "GET /players/552/?awards_page=1 HTTP/1.1" 200 62642
[15/May/2026 11:14:22] "GET /static/game/css/player-profile.css HTTP/1.1" 304 0
[15/May/2026 11:14:22] "GET /static/game/css/trophy-cabinet.css HTTP/1.1" 304 0
[15/May/2026 11:14:22] "GET /static/game/css/global-dashboard/layout-nav.css HTTP/1.1" 304 0
[15/May/2026 11:14:23] "GET /players/552/?awards_page=1 HTTP/1.1" 200 62642
[15/May/2026 11:14:23] "GET /players/552/?awards_page=1 HTTP/1.1" 200 62642
[15/May/2026 11:14:24] "GET /players/552/?awards_page=1 HTTP/1.1" 200 62642
[15/May/2026 11:50:32] "GET /players/552/?awards_page=1 HTTP/1.1" 200 62684
[15/May/2026 11:50:32] "GET /static/game/css/global-dashboard.css HTTP/1.1" 304 0
[15/May/2026 11:50:32] "GET /static/game/css/player-profile.css HTTP/1.1" 304 0
[15/May/2026 11:50:32] "GET /static/game/css/trophy-cabinet.css HTTP/1.1" 304 0
[15/May/2026 11:50:32] "GET /static/game/css/global-dashboard/dashboard-cards.css HTTP/1.1" 304 0
[15/May/2026 11:50:32] "GET /static/game/css/global-dashboard/tables-lists.css HTTP/1.1" 304 0
[15/May/2026 11:50:32] "GET /static/game/css/global-dashboard/responsive.css HTTP/1.1" 304 0
[15/May/2026 11:50:32] "GET /static/game/css/global-dashboard/layout-nav.css HTTP/1.1" 200 16616
[15/May/2026 12:00:06] "GET /players/552/?awards_page=1 HTTP/1.1" 200 62684
[15/May/2026 12:00:06] "GET /static/game/css/global-dashboard.css HTTP/1.1" 304 0
[15/May/2026 12:00:06] "GET /static/game/css/player-profile.css HTTP/1.1" 200 42328
[15/May/2026 12:00:06] "GET /static/game/css/trophy-cabinet.css HTTP/1.1" 200 12921
[15/May/2026 12:00:06] "GET /static/game/images/icons/suspension-cards.svg HTTP/1.1" 304 0
[15/May/2026 12:00:07] "GET /static/game/css/global-dashboard/tables-lists.css HTTP/1.1" 304 0
[15/May/2026 12:00:07] "GET /static/game/css/global-dashboard/dashboard-cards.css HTTP/1.1" 304 0
[15/May/2026 12:00:07] "GET /static/game/css/global-dashboard/responsive.css HTTP/1.1" 304 0
[15/May/2026 12:00:07] "GET /static/game/css/global-dashboard/layout-nav.css HTTP/1.1" 200 16616
[15/May/2026 12:00:07] "GET /static/game/images/backgrounds/injury-card-bg.svg HTTP/1.1" 304 0
[15/May/2026 12:02:12] "GET /players/552/?awards_page=1 HTTP/1.1" 200 62684
[15/May/2026 12:02:12] "GET /static/game/css/global-dashboard.css HTTP/1.1" 200 211
[15/May/2026 12:02:12] "GET /static/game/css/player-profile.css HTTP/1.1" 200 42328
[15/May/2026 12:02:12] "GET /static/game/css/trophy-cabinet.css HTTP/1.1" 200 12921
[15/May/2026 12:02:12] "GET /static/game/images/brand/matchengine-logo-128.png HTTP/1.1" 200 15483
[15/May/2026 12:02:12] "GET /static/game/images/icons/sidebar/uebersicht.svg HTTP/1.1" 200 360
[15/May/2026 12:02:12] "GET /static/game/images/icons/sidebar/kader.svg HTTP/1.1" 200 615
[15/May/2026 12:02:12] "GET /static/game/images/icons/sidebar/taktik.svg HTTP/1.1" 200 530
[15/May/2026 12:02:12] "GET /static/game/images/icons/sidebar/training.svg HTTP/1.1" 200 582
[15/May/2026 12:02:12] "GET /static/game/images/icons/sidebar/transfers.svg HTTP/1.1" 200 497
[15/May/2026 12:02:12] "GET /static/game/css/global-dashboard/layout-nav.css HTTP/1.1" 200 16616
[15/May/2026 12:02:12] "GET /static/game/css/global-dashboard/dashboard-cards.css HTTP/1.1" 200 12891
[15/May/2026 12:02:12] "GET /static/game/css/global-dashboard/tables-lists.css HTTP/1.1" 200 9923
[15/May/2026 12:02:12] "GET /static/game/css/global-dashboard/responsive.css HTTP/1.1" 200 5122
[15/May/2026 12:02:12] "GET /static/game/images/icons/sidebar/scouting.svg HTTP/1.1" 200 423
[15/May/2026 12:02:12] "GET /static/game/images/icons/sidebar/jugend.svg HTTP/1.1" 200 392
[15/May/2026 12:02:12] "GET /static/game/images/icons/sidebar/finanzen.svg HTTP/1.1" 200 403
[15/May/2026 12:02:12] "GET /static/game/images/icons/sidebar/verein.svg HTTP/1.1" 200 386
[15/May/2026 12:02:12] "GET /static/game/images/icons/sidebar/mitarbeiter.svg HTTP/1.1" 200 522
[15/May/2026 12:02:12] "GET /static/game/images/icons/sidebar/wettbewerbe.svg HTTP/1.1" 200 432
[15/May/2026 12:02:12] "GET /static/game/images/icons/sidebar/posteingang.svg HTTP/1.1" 200 325
[15/May/2026 12:02:12] "GET /static/game/images/icons/sidebar/einstellungen.svg HTTP/1.1" 200 581
[15/May/2026 12:02:12] "GET /static/game/images/crests/915.png HTTP/1.1" 200 148470
[15/May/2026 12:02:12] "GET /static/game/images/nations/federations/765.png HTTP/1.1" 200 95781
[15/May/2026 12:02:12] "GET /static/game/images/players/28049320.png HTTP/1.1" 200 79774
[15/May/2026 12:02:12] "GET /static/game/images/flags/765.svg HTTP/1.1" 200 1803
[15/May/2026 12:02:12] "GET /static/game/images/flags/789.svg HTTP/1.1" 200 1647
[15/May/2026 12:02:12] "GET /static/game/images/competitions/bundesliga.png HTTP/1.1" 200 22675
[15/May/2026 12:02:12] "GET /static/game/images/icons/stat-goals.svg HTTP/1.1" 200 1058
[15/May/2026 12:02:12] "GET /static/game/images/icons/stat-assists.svg HTTP/1.1" 200 1179
[15/May/2026 12:02:12] "GET /static/game/images/competitions/champions-league.png HTTP/1.1" 200 93326
[15/May/2026 12:02:12] "GET /static/game/images/competitions/dfb-pokal.png HTTP/1.1" 200 26479
[15/May/2026 12:02:12] "GET /static/game/images/competitions/supercup.png HTTP/1.1" 200 27978
[15/May/2026 12:02:12] "GET /static/game/images/icons/suspension-cards.svg HTTP/1.1" 200 1334
[15/May/2026 12:02:12] "GET /static/game/images/crests/907.png HTTP/1.1" 200 34735
[15/May/2026 12:02:12] "GET /static/game/images/icons/trophy-heading.png HTTP/1.1" 200 9060
[15/May/2026 12:02:12] "GET /static/game/images/icons/trophy-total.png HTTP/1.1" 200 5402
[15/May/2026 12:02:12] "GET /static/game/images/trophies/podium-trophy.png HTTP/1.1" 200 748570
[15/May/2026 12:02:12] "GET /static/game/images/trophies/1301397.png?v=1767377822 HTTP/1.1" 200 72537
[15/May/2026 12:02:12] "GET /static/game/images/trophies/1301394.png?v=1767377828 HTTP/1.1" 200 88300
[15/May/2026 12:02:12] "GET /static/game/images/trophies/1301410.png?v=1767377822 HTTP/1.1" 200 78266
[15/May/2026 12:02:12] "GET /static/game/images/trophies/22.png?v=1767377822 HTTP/1.1" 200 157699
[15/May/2026 12:02:12] "GET /static/game/images/icons/player-ui-icons.svg HTTP/1.1" 200 4970
[15/May/2026 12:02:12] "GET /static/game/images/backgrounds/player-profile-stadium-atmosphere.svg HTTP/1.1" 200 5840
[15/May/2026 12:02:12] "GET /static/game/images/backgrounds/spielfeld.png HTTP/1.1" 200 2479542
[15/May/2026 12:02:12] "GET /static/game/images/backgrounds/injury-card-bg.svg HTTP/1.1" 200 1958
[15/May/2026 12:02:13] "GET /static/game/images/backgrounds/trophy-stage.png HTTP/1.1" 200 1946438
[15/May/2026 12:02:13] "GET /static/game/images/brand/favicon-32.png HTTP/1.1" 200 1969
[15/May/2026 12:17:30] "GET /players/552/?awards_page=1 HTTP/1.1" 200 62684
[15/May/2026 12:17:30] "GET /static/game/css/global-dashboard.css HTTP/1.1" 200 211
[15/May/2026 12:17:30] "GET /static/game/css/player-profile.css HTTP/1.1" 200 42328
[15/May/2026 12:17:30] "GET /static/game/css/trophy-cabinet.css HTTP/1.1" 200 12971
[15/May/2026 12:17:30] "GET /static/game/images/brand/matchengine-logo-128.png HTTP/1.1" 200 15483
[15/May/2026 12:17:30] "GET /static/game/images/icons/sidebar/uebersicht.svg HTTP/1.1" 200 360
[15/May/2026 12:17:30] "GET /static/game/images/icons/sidebar/kader.svg HTTP/1.1" 200 615
[15/May/2026 12:17:30] "GET /static/game/css/global-dashboard/layout-nav.css HTTP/1.1" 200 16616
[15/May/2026 12:17:30] "GET /static/game/css/global-dashboard/dashboard-cards.css HTTP/1.1" 200 12891
[15/May/2026 12:17:30] "GET /static/game/css/global-dashboard/tables-lists.css HTTP/1.1" 200 9923
[15/May/2026 12:17:30] "GET /static/game/css/global-dashboard/responsive.css HTTP/1.1" 200 5122
[15/May/2026 12:17:30] "GET /static/game/images/icons/sidebar/taktik.svg HTTP/1.1" 200 530
[15/May/2026 12:17:30] "GET /static/game/images/icons/sidebar/training.svg HTTP/1.1" 200 582
[15/May/2026 12:17:30] "GET /static/game/images/icons/sidebar/transfers.svg HTTP/1.1" 200 497
[15/May/2026 12:17:30] "GET /static/game/images/icons/sidebar/scouting.svg HTTP/1.1" 200 423
[15/May/2026 12:17:30] "GET /static/game/images/icons/sidebar/jugend.svg HTTP/1.1" 200 392
[15/May/2026 12:17:30] "GET /static/game/images/icons/sidebar/finanzen.svg HTTP/1.1" 200 403
[15/May/2026 12:17:30] "GET /static/game/images/icons/sidebar/verein.svg HTTP/1.1" 200 386
[15/May/2026 12:17:30] "GET /static/game/images/icons/sidebar/mitarbeiter.svg HTTP/1.1" 200 522
[15/May/2026 12:17:30] "GET /static/game/images/icons/sidebar/wettbewerbe.svg HTTP/1.1" 200 432
[15/May/2026 12:17:30] "GET /static/game/images/icons/sidebar/posteingang.svg HTTP/1.1" 200 325
[15/May/2026 12:17:30] "GET /static/game/images/icons/sidebar/einstellungen.svg HTTP/1.1" 200 581
[15/May/2026 12:17:30] "GET /static/game/images/crests/915.png HTTP/1.1" 200 148470
[15/May/2026 12:17:30] "GET /static/game/images/nations/federations/765.png HTTP/1.1" 200 95781
[15/May/2026 12:17:31] "GET /static/game/images/crests/907.png HTTP/1.1" 200 34735
[15/May/2026 12:17:31] "GET /static/game/images/backgrounds/injury-card-bg.svg HTTP/1.1" 200 1958
[15/May/2026 12:17:31] "GET /static/game/images/backgrounds/player-profile-stadium-atmosphere.svg HTTP/1.1" 200 5840
[15/May/2026 12:17:31] "GET /static/game/images/icons/suspension-cards.svg HTTP/1.1" 200 1334
[15/May/2026 12:17:31] "GET /static/game/images/icons/trophy-heading.png HTTP/1.1" 200 9060
[15/May/2026 12:17:31] "GET /static/game/images/icons/trophy-total.png HTTP/1.1" 200 5402
[15/May/2026 12:17:31] "GET /static/game/images/icons/stat-assists.svg HTTP/1.1" 200 1179
[15/May/2026 12:17:31] "GET /static/game/images/competitions/supercup.png HTTP/1.1" 200 27978
[15/May/2026 12:17:31] "GET /static/game/images/competitions/dfb-pokal.png HTTP/1.1" 200 26479
[15/May/2026 12:17:31] "GET /static/game/images/flags/765.svg HTTP/1.1" 200 1803
[15/May/2026 12:17:31] "GET /static/game/images/flags/789.svg HTTP/1.1" 200 1647
[15/May/2026 12:17:31] "GET /static/game/images/competitions/champions-league.png HTTP/1.1" 200 93326
[15/May/2026 12:17:31] "GET /static/game/images/competitions/bundesliga.png HTTP/1.1" 200 22675
[15/May/2026 12:17:31] "GET /static/game/images/icons/stat-goals.svg HTTP/1.1" 200 1058
[15/May/2026 12:17:31] "GET /static/game/images/players/28049320.png HTTP/1.1" 200 79774
[15/May/2026 12:17:31] "GET /static/game/images/trophies/1301394.png?v=1767377828 HTTP/1.1" 200 88300
[15/May/2026 12:17:31] "GET /static/game/images/trophies/1301397.png?v=1767377822 HTTP/1.1" 200 72537
[15/May/2026 12:17:31] "GET /static/game/images/trophies/1301410.png?v=1767377822 HTTP/1.1" 200 78266
[15/May/2026 12:17:31] "GET /static/game/images/icons/player-ui-icons.svg HTTP/1.1" 200 4970
[15/May/2026 12:17:31] "GET /static/game/images/trophies/22.png?v=1767377822 HTTP/1.1" 200 157699
[15/May/2026 12:17:31] "GET /static/game/images/trophies/podium-trophy.png HTTP/1.1" 200 748570
[15/May/2026 12:17:31] "GET /static/game/images/backgrounds/trophy-stage.png HTTP/1.1" 200 1946438
[15/May/2026 12:17:31] "GET /static/game/images/backgrounds/spielfeld.png HTTP/1.1" 200 2479542
[15/May/2026 12:17:31] "GET /static/game/images/brand/favicon-32.png HTTP/1.1" 200 1969
[15/May/2026 14:22:32] "GET /players/552/?awards_page=1 HTTP/1.1" 200 62684
[15/May/2026 14:22:33] "GET /static/game/css/global-dashboard.css HTTP/1.1" 304 0
[15/May/2026 14:22:33] "GET /static/game/css/player-profile.css HTTP/1.1" 304 0
[15/May/2026 14:22:33] "GET /static/game/images/icons/suspension-cards.svg HTTP/1.1" 304 0
[15/May/2026 14:22:33] "GET /static/game/css/trophy-cabinet.css HTTP/1.1" 200 12971
[15/May/2026 14:22:33] "GET /static/game/css/global-dashboard/tables-lists.css HTTP/1.1" 304 0
[15/May/2026 14:22:33] "GET /static/game/css/global-dashboard/layout-nav.css HTTP/1.1" 304 0
[15/May/2026 14:22:33] "GET /static/game/css/global-dashboard/dashboard-cards.css HTTP/1.1" 304 0
[15/May/2026 14:22:33] "GET /static/game/css/global-dashboard/responsive.css HTTP/1.1" 304 0
[15/May/2026 14:22:33] "GET /static/game/images/backgrounds/trophy-stage.png HTTP/1.1" 304 0
[15/May/2026 14:22:34] "GET /players/552/?awards_page=2 HTTP/1.1" 200 62625
[15/May/2026 14:22:34] "GET /static/game/images/trophies/player-of-the-season-original.png?v=1778775429 HTTP/1.1" 304 0
[15/May/2026 14:22:34] "GET /static/game/images/trophies/100.png?v=1767377826 HTTP/1.1" 200 74206
[15/May/2026 14:22:34] "GET /static/game/images/trophies/torjagerkanone-original.png?v=1778712133 HTTP/1.1" 200 2685554
[15/May/2026 14:22:36] "GET /players/552/?awards_page=1 HTTP/1.1" 200 62684
[15/May/2026 14:34:18] "GET / HTTP/1.1" 200 16663
[15/May/2026 14:34:18] "GET /static/game/css/global-dashboard.css HTTP/1.1" 200 211
[15/May/2026 14:34:18] "GET /players/552?awards_page=2 HTTP/1.1" 301 0
[15/May/2026 14:34:18] "GET /players/552 HTTP/1.1" 301 0
[15/May/2026 14:34:18] "GET /players/552?awards_page=2&asset_reload=1778773076 HTTP/1.1" 301 0
[15/May/2026 14:34:18] "GET /players/552?awards_page=1 HTTP/1.1" 301 0
[15/May/2026 14:34:18] "GET /players/552?awards_page=2&asset_reload=1778773860 HTTP/1.1" 301 0
[15/May/2026 14:34:18] "GET /players/552/ HTTP/1.1" 200 62684
[15/May/2026 14:34:18] "GET /players/552/?awards_page=1 HTTP/1.1" 200 62684
[15/May/2026 14:34:18] "GET /players/552/?awards_page=2&asset_reload=1778773076 HTTP/1.1" 200 62625
[15/May/2026 14:34:18] "GET /players/552/?awards_page=2 HTTP/1.1" 200 62625
[15/May/2026 14:34:18] "GET /players/552/?awards_page=2&asset_reload=1778773860 HTTP/1.1" 200 62625
[15/May/2026 14:34:20] "GET / HTTP/1.1" 200 16663
[15/May/2026 14:34:20] "GET /static/game/css/global-dashboard.css HTTP/1.1" 304 0
[15/May/2026 14:34:20] "GET /static/game/images/players/29221846.svg HTTP/1.1" 304 0
[15/May/2026 14:34:20] "GET /static/game/images/players/28124579.svg HTTP/1.1" 304 0
[15/May/2026 14:34:20] "GET /static/game/css/global-dashboard/layout-nav.css HTTP/1.1" 304 0
[15/May/2026 14:34:20] "GET /static/game/css/global-dashboard/dashboard-cards.css HTTP/1.1" 304 0
[15/May/2026 14:34:20] "GET /static/game/css/global-dashboard/tables-lists.css HTTP/1.1" 304 0
[15/May/2026 14:34:20] "GET /static/game/images/players/2000171034.svg HTTP/1.1" 304 0
[15/May/2026 14:34:20] "GET /static/game/css/global-dashboard/responsive.css HTTP/1.1" 304 0
[15/May/2026 14:34:20] "GET /static/game/images/players/76049803.svg HTTP/1.1" 304 0
[15/May/2026 14:34:54] "GET / HTTP/1.1" 200 16663
C:\Users\mashu\Documents\Codex\Websoccer\Websoccer\game\views.py changed, reloading.
Watching for file changes with StatReloader
C:\Users\mashu\Documents\Codex\Websoccer\Websoccer\game\views.py changed, reloading.
Watching for file changes with StatReloader
[15/May/2026 14:42:29] "GET / HTTP/1.1" 200 20744
[15/May/2026 14:43:06] "GET /static/game/css/global-dashboard.css HTTP/1.1" 200 255
[15/May/2026 14:43:06,327] - Broken pipe from ('127.0.0.1', 49871)
[15/May/2026 14:43:06] "GET /static/game/css/global-dashboard/header.css HTTP/1.1" 200 4547
[15/May/2026 14:43:06,363] - Broken pipe from ('127.0.0.1', 49872)
[15/May/2026 14:43:29] "GET / HTTP/1.1" 200 20824
[15/May/2026 14:43:29] "GET /static/game/css/global-dashboard/header.css HTTP/1.1" 200 4547
[15/May/2026 14:43:29] "GET /static/game/css/global-dashboard/layout-nav.css HTTP/1.1" 200 16720
[15/May/2026 14:43:34] "GET / HTTP/1.1" 200 20824
[15/May/2026 14:43:34] "GET /static/game/css/global-dashboard/header.css HTTP/1.1" 200 4547
C:\Users\mashu\Documents\Codex\Websoccer\Websoccer\game\views.py changed, reloading.
Watching for file changes with StatReloader
C:\Users\mashu\Documents\Codex\Websoccer\Websoccer\game\views.py changed, reloading.
Watching for file changes with StatReloader
[15/May/2026 14:44:55] "GET / HTTP/1.1" 200 20859
[15/May/2026 14:44:55] "GET /static/game/css/global-dashboard/header.css HTTP/1.1" 304 0
[15/May/2026 14:44:55] "GET /?calendar_offset=1 HTTP/1.1" 200 20858
[15/May/2026 14:45:36] "GET / HTTP/1.1" 200 20859
[15/May/2026 14:45:36] "GET /static/game/css/global-dashboard/header.css HTTP/1.1" 304 0
[15/May/2026 14:45:50] "GET / HTTP/1.1" 200 20859
[15/May/2026 14:46:11] "GET /clubs/ HTTP/1.1" 200 14741
Not Found: /players/1/
Not Found: /clubs/1/
[15/May/2026 14:46:11] "GET /players/1/ HTTP/1.1" 404 3444
[15/May/2026 14:46:11] "GET /clubs/1/ HTTP/1.1" 404 3149
[15/May/2026 14:46:11,961] - Broken pipe from ('127.0.0.1', 54431)
[15/May/2026 14:46:12,073] - Broken pipe from ('127.0.0.1', 54432)
[15/May/2026 14:46:12,073] - Broken pipe from ('127.0.0.1', 54433)
[15/May/2026 14:46:42] "GET /?calendar_offset=1 HTTP/1.1" 200 20858
[15/May/2026 14:46:42] "GET /players/503/ HTTP/1.1" 200 25600
[15/May/2026 14:46:42] "GET /clubs/2/ HTTP/1.1" 200 91092
[15/May/2026 14:46:42,558] - Broken pipe from ('127.0.0.1', 63093)
[15/May/2026 14:46:42,571] - Broken pipe from ('127.0.0.1', 63092)
[15/May/2026 14:46:42,602] - Broken pipe from ('127.0.0.1', 63091)
[15/May/2026 14:47:17] "GET / HTTP/1.1" 200 20859
[15/May/2026 14:47:17] "GET /static/game/css/global-dashboard/header.css HTTP/1.1" 304 0
[15/May/2026 14:47:17] "GET /static/game/css/global-dashboard/layout-nav.css HTTP/1.1" 304 0
[15/May/2026 14:47:19] "GET /?calendar_offset=-1 HTTP/1.1" 200 20859
[15/May/2026 14:47:20] "GET /?calendar_offset=-2 HTTP/1.1" 200 20860
[15/May/2026 14:47:21] "GET /?calendar_offset=-1 HTTP/1.1" 200 20859
[15/May/2026 14:47:22] "GET /?calendar_offset=0 HTTP/1.1" 200 20859
[15/May/2026 14:47:31] "GET /?calendar_offset=-1 HTTP/1.1" 200 20859
[15/May/2026 14:47:31] "GET /?calendar_offset=-2 HTTP/1.1" 200 20860
[15/May/2026 14:47:32] "GET /?calendar_offset=-3 HTTP/1.1" 200 20859
[15/May/2026 14:47:33] "GET /?calendar_offset=-2 HTTP/1.1" 200 20860
[15/May/2026 14:47:34] "GET /?calendar_offset=-1 HTTP/1.1" 200 20859
[15/May/2026 14:47:42] "GET / HTTP/1.1" 200 20859
[15/May/2026 14:47:43] "GET / HTTP/1.1" 200 20859
[15/May/2026 14:47:43] "GET / HTTP/1.1" 200 20859
[15/May/2026 14:47:44] "GET /?calendar_offset=-1 HTTP/1.1" 200 20859
[15/May/2026 14:47:45] "GET /?calendar_offset=-2 HTTP/1.1" 200 20860
[15/May/2026 14:47:45] "GET / HTTP/1.1" 200 20859
[15/May/2026 14:47:47] "GET /clubs/ HTTP/1.1" 200 14741
[15/May/2026 14:47:47] "GET / HTTP/1.1" 200 20859
[15/May/2026 14:47:49] "GET /clubs/ HTTP/1.1" 200 14741
[15/May/2026 14:47:50] "GET / HTTP/1.1" 200 20859
[15/May/2026 14:47:52] "GET /clubs/ HTTP/1.1" 200 14741
[15/May/2026 14:47:56] "GET /clubs/ HTTP/1.1" 200 14741
[15/May/2026 14:47:56] "GET /static/game/css/global-dashboard/header.css HTTP/1.1" 304 0
[15/May/2026 14:47:56] "GET /static/game/css/global-dashboard/layout-nav.css HTTP/1.1" 304 0
[15/May/2026 14:47:57] "GET /clubs/ HTTP/1.1" 200 14741
[15/May/2026 14:47:58] "GET / HTTP/1.1" 200 20859
[15/May/2026 14:47:58] "GET /clubs/ HTTP/1.1" 200 14741
[15/May/2026 14:48:01] "GET / HTTP/1.1" 200 20859
[15/May/2026 14:48:08] "GET /clubs/3/ HTTP/1.1" 200 89347
[15/May/2026 14:48:09] "GET /static/game/images/players/28049320.png HTTP/1.1" 200 79774
[15/May/2026 14:48:09] "GET /static/game/images/flags/788.svg HTTP/1.1" 200 5543
[15/May/2026 14:48:09] "GET /static/game/images/flags/116.svg HTTP/1.1" 200 3359
[15/May/2026 14:48:09] "GET /static/game/images/flags/135.svg HTTP/1.1" 200 10615
[15/May/2026 14:48:09] "GET /static/game/images/kits/915_home.svg HTTP/1.1" 200 83617
[15/May/2026 14:48:09] "GET /static/game/images/flags/24.svg HTTP/1.1" 200 1658
[15/May/2026 14:48:09] "GET /static/game/images/flags/769.svg HTTP/1.1" 200 1671
[15/May/2026 14:48:09] "GET /static/game/images/flags/23.svg HTTP/1.1" 200 2686
[15/May/2026 14:48:09] "GET /static/game/images/flags/1653.svg HTTP/1.1" 200 1604
[15/May/2026 14:48:09] "GET /static/game/images/flags/364.svg HTTP/1.1" 200 4043
[15/May/2026 14:48:09] "GET /static/game/images/flags/27.svg HTTP/1.1" 200 3098
[15/May/2026 14:48:09] "GET /static/game/images/flags/755.svg HTTP/1.1" 200 1479
[15/May/2026 14:48:09] "GET /static/game/images/flags/761.svg HTTP/1.1" 200 5847
[15/May/2026 14:48:09] "GET /static/game/images/players/12087972.svg HTTP/1.1" 200 40077
[15/May/2026 14:48:09] "GET /static/game/images/flags/41.svg HTTP/1.1" 200 2650
[15/May/2026 14:48:09] "GET /static/game/images/flags/20.svg HTTP/1.1" 200 1646
[15/May/2026 14:48:09] "GET /static/game/images/kits/915_away.svg HTTP/1.1" 200 103085
[15/May/2026 14:48:09] "GET /static/game/images/flags/802.svg HTTP/1.1" 200 6395
[15/May/2026 14:48:09] "GET /static/game/images/kits/915_third.svg HTTP/1.1" 200 45018
[15/May/2026 14:48:09] "GET /static/game/images/flags/771.svg HTTP/1.1" 200 1599
[15/May/2026 14:48:16] "GET /players/541/ HTTP/1.1" 200 25640
[15/May/2026 14:48:16] "GET /static/game/css/player-profile.css HTTP/1.1" 304 0
[15/May/2026 14:48:16] "GET /static/game/images/trophies/podium-trophy.png HTTP/1.1" 304 0
[15/May/2026 14:48:16] "GET /static/game/css/trophy-cabinet.css HTTP/1.1" 304 0
[15/May/2026 14:48:16] "GET /static/game/images/icons/trophy-heading.png HTTP/1.1" 200 9060
[15/May/2026 14:48:16] "GET /static/game/images/icons/trophy-total.png HTTP/1.1" 200 5402
[15/May/2026 14:48:16] "GET /static/game/images/icons/stat-goals.svg HTTP/1.1" 200 1058
[15/May/2026 14:48:16] "GET /static/game/images/nations/federations/771.png HTTP/1.1" 200 134589
[15/May/2026 14:48:16] "GET /static/game/images/icons/stat-assists.svg HTTP/1.1" 200 1179
[15/May/2026 14:48:16] "GET /static/game/images/icons/player-ui-icons.svg HTTP/1.1" 200 4970
[15/May/2026 14:48:16] "GET /static/game/images/backgrounds/player-profile-stadium-atmosphere.svg HTTP/1.1" 200 5840
[15/May/2026 14:48:16] "GET /static/game/images/backgrounds/injury-card-bg.svg HTTP/1.1" 200 1958
[15/May/2026 14:48:16] "GET /static/game/images/backgrounds/trophy-stage.png HTTP/1.1" 200 1946438
[15/May/2026 14:48:16] "GET /static/game/images/backgrounds/spielfeld.png HTTP/1.1" 200 2479542
[15/May/2026 14:48:26] "GET / HTTP/1.1" 200 20859
[15/May/2026 14:48:41] "GET /?calendar_offset=-1 HTTP/1.1" 200 20859
[15/May/2026 14:48:41] "GET /static/game/css/global-dashboard/header.css HTTP/1.1" 304 0
[15/May/2026 14:48:41] "GET /static/game/css/global-dashboard/layout-nav.css HTTP/1.1" 304 0
[15/May/2026 14:48:43] "GET /?calendar_offset=-1 HTTP/1.1" 200 20859
[15/May/2026 14:48:43] "GET /?calendar_offset=-1 HTTP/1.1" 200 20859
[15/May/2026 14:48:44] "GET /?calendar_offset=-2 HTTP/1.1" 200 20860
[15/May/2026 14:49:24] "GET /?calendar_offset=-3 HTTP/1.1" 200 20859
[15/May/2026 14:49:27] "GET /?calendar_offset=-2 HTTP/1.1" 200 20860
[15/May/2026 14:49:31] "GET /?calendar_offset=-3 HTTP/1.1" 200 20859
[15/May/2026 14:49:31] "GET /static/game/css/global-dashboard/header.css HTTP/1.1" 304 0
[15/May/2026 14:49:31] "GET /static/game/css/global-dashboard/layout-nav.css HTTP/1.1" 304 0
[15/May/2026 14:49:32] "GET /?calendar_offset=-2 HTTP/1.1" 200 20860
[15/May/2026 14:49:33] "GET /?calendar_offset=-1 HTTP/1.1" 200 20859
[15/May/2026 14:49:34] "GET /?calendar_offset=0 HTTP/1.1" 200 20859
[15/May/2026 14:49:35] "GET /?calendar_offset=1 HTTP/1.1" 200 20858
C:\Users\mashu\Documents\Codex\Websoccer\Websoccer\game\views.py changed, reloading.
Watching for file changes with StatReloader
[15/May/2026 14:52:27] "GET /?calendar_offset=1 HTTP/1.1" 200 20102
[15/May/2026 14:52:27] "GET /static/game/css/global-dashboard/layout-nav.css HTTP/1.1" 304 0
[15/May/2026 14:52:27] "GET /static/game/css/global-dashboard/header.css HTTP/1.1" 200 5139
[15/May/2026 14:52:32] "GET /?calendar_offset=0 HTTP/1.1" 200 20874
[15/May/2026 14:52:32] "GET /static/game/css/global-dashboard/header.css HTTP/1.1" 304 0
[15/May/2026 14:52:33] "GET /?calendar_offset=1 HTTP/1.1" 200 20102
[15/May/2026 14:52:33] "GET /static/game/css/global-dashboard/header.css HTTP/1.1" 304 0
[15/May/2026 14:52:33] "GET /?calendar_offset=2 HTTP/1.1" 200 20102
[15/May/2026 14:52:35] "GET /?calendar_offset=1 HTTP/1.1" 200 20102
[15/May/2026 14:52:35] "GET /static/game/css/global-dashboard/header.css HTTP/1.1" 304 0
[15/May/2026 14:52:35] "GET /?calendar_offset=0 HTTP/1.1" 200 20874
[15/May/2026 14:52:35] "GET /?calendar_offset=-1 HTTP/1.1" 200 20874
[15/May/2026 14:52:36] "GET /?calendar_offset=0 HTTP/1.1" 200 20874
[15/May/2026 14:52:36] "GET /static/game/css/global-dashboard/header.css HTTP/1.1" 304 0
[15/May/2026 14:52:49] "GET /?calendar_offset=1 HTTP/1.1" 200 20102
[15/May/2026 14:52:49,223] - Broken pipe from ('127.0.0.1', 53512)
[15/May/2026 14:53:12] "GET / HTTP/1.1" 200 20874
[15/May/2026 14:53:12] "GET /static/game/css/global-dashboard/header.css HTTP/1.1" 200 5139
[15/May/2026 14:53:13] "GET /static/game/css/global-dashboard/layout-nav.css HTTP/1.1" 200 16720
[15/May/2026 14:53:15] "GET /?calendar_offset=1 HTTP/1.1" 200 20102
C:\Users\mashu\Documents\Codex\Websoccer\Websoccer\game\views.py changed, reloading.
Watching for file changes with StatReloader
[15/May/2026 14:53:53] "GET /?calendar_offset=1 HTTP/1.1" 200 20102
[15/May/2026 14:53:53,620] - Broken pipe from ('127.0.0.1', 58002)
[15/May/2026 14:54:11] "GET / HTTP/1.1" 200 20874
[15/May/2026 14:54:11] "GET /static/game/css/global-dashboard/header.css HTTP/1.1" 304 0
[15/May/2026 14:54:12] "GET /?calendar_offset=1 HTTP/1.1" 200 20102
[15/May/2026 14:54:29] "GET / HTTP/1.1" 200 20874
[15/May/2026 14:54:29] "GET /static/game/css/global-dashboard/header.css HTTP/1.1" 304 0
[15/May/2026 14:54:29] "GET /static/game/css/global-dashboard/layout-nav.css HTTP/1.1" 304 0
[15/May/2026 14:55:04] "GET /?calendar_offset=0 HTTP/1.1" 200 20874
[15/May/2026 14:55:04] "GET /static/game/css/global-dashboard/header.css HTTP/1.1" 304 0
[15/May/2026 14:55:04] "GET /static/game/css/global-dashboard/layout-nav.css HTTP/1.1" 304 0
[15/May/2026 14:55:05] "GET /?calendar_offset=0 HTTP/1.1" 200 20874
C:\Users\mashu\Documents\Codex\Websoccer\Websoccer\game\views.py changed, reloading.
Watching for file changes with StatReloader
[15/May/2026 14:57:12] "GET / HTTP/1.1" 200 21135
[15/May/2026 14:57:12,122] - Broken pipe from ('127.0.0.1', 52854)
[15/May/2026 14:57:12] "GET /static/game/images/stadiums/germany/b-dortmund.jpg HTTP/1.1" 200 149529
[15/May/2026 14:57:12,198] - Broken pipe from ('127.0.0.1', 52853)
[15/May/2026 14:57:53] "GET / HTTP/1.1" 200 21135
[15/May/2026 14:57:53] "GET /static/game/css/global-dashboard/header.css HTTP/1.1" 200 5655
[15/May/2026 14:57:53] "GET /static/game/css/global-dashboard/layout-nav.css HTTP/1.1" 304 0
[15/May/2026 14:57:53] "GET /static/game/images/stadiums/germany/b-dortmund.jpg HTTP/1.1" 200 149529
C:\Users\mashu\Documents\Codex\Websoccer\Websoccer\game\views.py changed, reloading.
Watching for file changes with StatReloader
[15/May/2026 14:59:01] "GET / HTTP/1.1" 200 21139
[15/May/2026 14:59:01,693] - Broken pipe from ('127.0.0.1', 59713)
[15/May/2026 14:59:34] "GET /?calendar_offset=0 HTTP/1.1" 200 21139
[15/May/2026 14:59:34] "GET /static/game/css/global-dashboard/layout-nav.css HTTP/1.1" 304 0
[15/May/2026 14:59:34] "GET /static/game/css/global-dashboard/header.css HTTP/1.1" 200 5655
[15/May/2026 14:59:34] "GET /static/game/images/stadiums/germany/b-dortmund.jpg HTTP/1.1" 200 149529
[15/May/2026 14:59:35] "GET /?calendar_offset=-1 HTTP/1.1" 200 21139
[15/May/2026 14:59:36] "GET /?calendar_offset=-2 HTTP/1.1" 200 20275
[15/May/2026 14:59:36] "GET /?calendar_offset=-3 HTTP/1.1" 200 20274
[15/May/2026 14:59:37] "GET /?calendar_offset=-4 HTTP/1.1" 200 20264
[15/May/2026 14:59:37] "GET /?calendar_offset=-5 HTTP/1.1" 200 19404
[15/May/2026 14:59:38] "GET /?calendar_offset=-4 HTTP/1.1" 200 20264
[15/May/2026 14:59:38] "GET /?calendar_offset=-3 HTTP/1.1" 200 20274
[15/May/2026 14:59:38] "GET /?calendar_offset=-2 HTTP/1.1" 200 20275
[15/May/2026 14:59:38] "GET /?calendar_offset=-1 HTTP/1.1" 200 21139
[15/May/2026 14:59:38] "GET /?calendar_offset=0 HTTP/1.1" 200 21139
[15/May/2026 14:59:38] "GET /?calendar_offset=1 HTTP/1.1" 200 20280
[15/May/2026 14:59:40] "GET /?calendar_offset=0 HTTP/1.1" 200 21139
[15/May/2026 15:10:28] "GET / HTTP/1.1" 200 21221
[15/May/2026 15:10:28,900] - Broken pipe from ('127.0.0.1', 64467)
[15/May/2026 15:10:53] "GET / HTTP/1.1" 200 21221
[15/May/2026 15:10:53] "GET /static/game/css/global-dashboard/header.css HTTP/1.1" 200 6266
[15/May/2026 15:10:53] "GET /static/game/css/global-dashboard/layout-nav.css HTTP/1.1" 304 0
[15/May/2026 15:11:28] "GET /?calendar_offset=0 HTTP/1.1" 200 21221
[15/May/2026 15:11:28] "GET /static/game/css/global-dashboard/header.css HTTP/1.1" 200 6266
[15/May/2026 15:11:28] "GET /static/game/css/global-dashboard/layout-nav.css HTTP/1.1" 304 0
[15/May/2026 15:11:32] "GET /?calendar_offset=1 HTTP/1.1" 200 20362
[15/May/2026 15:11:33] "GET /?calendar_offset=0 HTTP/1.1" 200 21221
[15/May/2026 15:11:34] "GET /?calendar_offset=-1 HTTP/1.1" 200 21221
[15/May/2026 15:12:21] "GET /?calendar_offset=-1 HTTP/1.1" 200 21221
[15/May/2026 15:12:21] "GET /static/game/css/global-dashboard/header.css HTTP/1.1" 304 0
[15/May/2026 15:12:22] "GET /?calendar_offset=-1 HTTP/1.1" 200 21221
[15/May/2026 15:13:01] "GET / HTTP/1.1" 200 21221
[15/May/2026 15:13:01] "GET /static/game/css/global-dashboard/header.css HTTP/1.1" 200 6266
[15/May/2026 15:13:01] "GET /static/game/css/global-dashboard.css HTTP/1.1" 200 209
[15/May/2026 15:13:01] "GET /players/552 HTTP/1.1" 301 0
[15/May/2026 15:13:01] "GET /players/552?awards_page=1 HTTP/1.1" 301 0
[15/May/2026 15:13:01] "GET /players/552?awards_page=2 HTTP/1.1" 301 0
[15/May/2026 15:13:01] "GET /players/552?awards_page=2&asset_reload=1778773860 HTTP/1.1" 301 0
[15/May/2026 15:13:01] "GET /players/552?awards_page=2&asset_reload=1778773076 HTTP/1.1" 301 0
[15/May/2026 15:13:01] "GET /players/552/?awards_page=1 HTTP/1.1" 200 67422
[15/May/2026 15:13:01] "GET /players/552/?awards_page=2 HTTP/1.1" 200 67363
[15/May/2026 15:13:01] "GET /players/552/?awards_page=2&asset_reload=1778773076 HTTP/1.1" 200 67363
[15/May/2026 15:13:01] "GET /players/552/?awards_page=2&asset_reload=1778773860 HTTP/1.1" 200 67363
[15/May/2026 15:13:01] "GET /players/552/ HTTP/1.1" 200 67422
[15/May/2026 15:13:04] "GET / HTTP/1.1" 200 21221
[15/May/2026 15:13:04] "GET /static/game/css/global-dashboard/header.css HTTP/1.1" 304 0
[15/May/2026 15:23:22] "GET /clubs/ HTTP/1.1" 200 15100
[15/May/2026 15:23:22] "GET /static/game/css/global-dashboard/header.css HTTP/1.1" 304 0
[15/May/2026 15:23:22] "GET /static/game/css/global-dashboard/layout-nav.css HTTP/1.1" 304 0
[15/May/2026 15:23:22] "GET /static/game/images/stadiums/germany/fc-bayern.jpg HTTP/1.1" 200 208463
[15/May/2026 15:23:26] "GET / HTTP/1.1" 200 21221
[15/May/2026 15:23:30] "GET /clubs/3/ HTTP/1.1" 200 89709
[15/May/2026 15:23:30] "GET /static/game/images/players/28049320.png HTTP/1.1" 200 79774
[15/May/2026 15:23:30] "GET /static/game/images/kits/915_home.svg HTTP/1.1" 200 83617
[15/May/2026 15:23:30] "GET /static/game/images/kits/915_away.svg HTTP/1.1" 200 103085
[15/May/2026 15:23:30] "GET /static/game/images/flags/771.svg HTTP/1.1" 200 1599
[15/May/2026 15:23:30] "GET /static/game/images/kits/915_third.svg HTTP/1.1" 200 45018
[15/May/2026 15:23:30] "GET /static/game/images/flags/116.svg HTTP/1.1" 200 3359
[15/May/2026 15:23:30] "GET /static/game/images/flags/24.svg HTTP/1.1" 200 1658
[15/May/2026 15:23:30] "GET /static/game/images/flags/788.svg HTTP/1.1" 200 5543
[15/May/2026 15:23:30] "GET /static/game/images/flags/769.svg HTTP/1.1" 200 1671
[15/May/2026 15:23:30] "GET /static/game/images/flags/23.svg HTTP/1.1" 200 2686
[15/May/2026 15:23:30] "GET /static/game/images/flags/1653.svg HTTP/1.1" 200 1604
[15/May/2026 15:23:30] "GET /static/game/images/flags/802.svg HTTP/1.1" 200 6395
[15/May/2026 15:23:30] "GET /static/game/images/flags/135.svg HTTP/1.1" 200 10615
[15/May/2026 15:23:30] "GET /static/game/images/flags/27.svg HTTP/1.1" 200 3098
[15/May/2026 15:23:30] "GET /static/game/images/flags/364.svg HTTP/1.1" 200 4043
[15/May/2026 15:23:30] "GET /static/game/images/flags/761.svg HTTP/1.1" 200 5847
[15/May/2026 15:23:30] "GET /static/game/images/flags/41.svg HTTP/1.1" 200 2650
[15/May/2026 15:23:30] "GET /static/game/images/flags/755.svg HTTP/1.1" 200 1479
[15/May/2026 15:23:30] "GET /static/game/images/flags/20.svg HTTP/1.1" 200 1646
[15/May/2026 15:23:30] "GET /static/game/images/players/12087972.svg HTTP/1.1" 200 40077
[15/May/2026 15:23:38] "GET /players/552/ HTTP/1.1" 200 67422
[15/May/2026 15:23:38] "GET /static/game/css/trophy-cabinet.css HTTP/1.1" 304 0
[15/May/2026 15:23:38] "GET /static/game/css/player-profile.css HTTP/1.1" 304 0
[15/May/2026 15:23:38] "GET /static/game/images/icons/stat-goals.svg HTTP/1.1" 200 1058
[15/May/2026 15:23:38] "GET /static/game/images/icons/stat-assists.svg HTTP/1.1" 200 1179
[15/May/2026 15:23:38] "GET /static/game/images/competitions/champions-league.png HTTP/1.1" 200 93326
[15/May/2026 15:23:38] "GET /static/game/images/nations/federations/765.png HTTP/1.1" 200 95781
[15/May/2026 15:23:38] "GET /static/game/images/competitions/dfb-pokal.png HTTP/1.1" 200 26479
[15/May/2026 15:23:38] "GET /static/game/images/competitions/supercup.png HTTP/1.1" 200 27978
[15/May/2026 15:23:38] "GET /static/game/images/icons/trophy-heading.png HTTP/1.1" 200 9060
[15/May/2026 15:23:38] "GET /static/game/images/icons/suspension-cards.svg HTTP/1.1" 200 1334
[15/May/2026 15:23:38] "GET /static/game/images/icons/trophy-total.png HTTP/1.1" 200 5402
[15/May/2026 15:23:38] "GET /static/game/images/backgrounds/player-profile-stadium-atmosphere.svg HTTP/1.1" 200 5840
[15/May/2026 15:23:38] "GET /static/game/images/icons/player-ui-icons.svg HTTP/1.1" 200 4970
[15/May/2026 15:23:38] "GET /static/game/images/backgrounds/injury-card-bg.svg HTTP/1.1" 200 1958
[15/May/2026 15:23:38] "GET /static/game/images/backgrounds/spielfeld.png HTTP/1.1" 200 2479542
[15/May/2026 15:23:38] "GET /static/game/images/backgrounds/trophy-stage.png HTTP/1.1" 200 1946438
[15/May/2026 15:27:24] "GET / HTTP/1.1" 200 21637
[15/May/2026 15:27:24] "GET /static/game/css/global-dashboard.css HTTP/1.1" 200 209
[15/May/2026 15:27:24] "GET /static/game/images/icons/sidebar/uebersicht.svg HTTP/1.1" 304 0
[15/May/2026 15:27:24] "GET /static/game/css/global-dashboard/header.css HTTP/1.1" 200 6266
[15/May/2026 15:27:24] "GET /static/game/images/default_player.png HTTP/1.1" 200 527
[15/May/2026 15:27:25] "GET /static/game/images/icons/sidebar/verein.svg HTTP/1.1" 304 0
[15/May/2026 15:27:25] "GET /static/game/images/icons/sidebar/kader.svg HTTP/1.1" 304 0
[15/May/2026 15:27:25] "GET /static/game/css/global-dashboard/layout-nav.css HTTP/1.1" 200 19639
[15/May/2026 15:27:25] "GET /static/game/css/global-dashboard/dashboard-cards.css HTTP/1.1" 200 12891
[15/May/2026 15:27:25] "GET /static/game/images/icons/sidebar/taktik.svg HTTP/1.1" 304 0
[15/May/2026 15:27:25] "GET /static/game/css/global-dashboard/responsive.css HTTP/1.1" 200 5122
[15/May/2026 15:27:25] "GET /static/game/css/global-dashboard/tables-lists.css HTTP/1.1" 200 9923
[15/May/2026 15:27:25] "GET /static/game/images/icons/sidebar/jugend.svg HTTP/1.1" 304 0
[15/May/2026 15:27:25] "GET /static/game/images/icons/sidebar/transfers.svg HTTP/1.1" 304 0
[15/May/2026 15:27:25] "GET /static/game/images/icons/sidebar/scouting.svg HTTP/1.1" 304 0
[15/May/2026 15:27:25] "GET /static/game/images/icons/sidebar/mitarbeiter.svg HTTP/1.1" 304 0
[15/May/2026 15:27:25] "GET /static/game/images/icons/sidebar/wettbewerbe.svg HTTP/1.1" 304 0
[15/May/2026 15:27:25] "GET /static/game/images/players/29221846.svg HTTP/1.1" 304 0
[15/May/2026 15:27:25] "GET /static/game/images/players/28124579.svg HTTP/1.1" 304 0
[15/May/2026 15:27:25] "GET /static/game/images/players/2000171034.svg HTTP/1.1" 304 0
[15/May/2026 15:27:25] "GET /static/game/images/players/76049803.svg HTTP/1.1" 304 0
[15/May/2026 15:27:25] "GET /static/game/images/stadiums/germany/b-dortmund.jpg HTTP/1.1" 200 149529
[15/May/2026 15:27:46] "GET /admin/ HTTP/1.1" 200 15893
[15/May/2026 15:27:46] "GET /static/admin/css/base.css HTTP/1.1" 304 0
[15/May/2026 15:27:46] "GET /static/admin/css/dark_mode.css HTTP/1.1" 304 0
[15/May/2026 15:27:46] "GET /static/admin/css/nav_sidebar.css HTTP/1.1" 304 0
[15/May/2026 15:27:46] "GET /static/admin/css/responsive.css HTTP/1.1" 304 0
[15/May/2026 15:27:46] "GET /static/admin/js/theme.js HTTP/1.1" 304 0
[15/May/2026 15:27:46] "GET /static/admin/css/dashboard.css HTTP/1.1" 200 441
[15/May/2026 15:27:46] "GET /static/admin/js/nav_sidebar.js HTTP/1.1" 304 0
[15/May/2026 15:27:46] "GET /static/admin/img/icon-addlink.svg HTTP/1.1" 304 0
[15/May/2026 15:27:46] "GET /static/admin/img/icon-changelink.svg HTTP/1.1" 200 978
[15/May/2026 15:28:12] "GET / HTTP/1.1" 200 21637
[15/May/2026 15:28:12] "GET /static/game/css/global-dashboard/layout-nav.css HTTP/1.1" 304 0
[15/May/2026 15:29:05] "GET /admin/ HTTP/1.1" 200 15893
[15/May/2026 15:29:09] "GET /players/552/ HTTP/1.1" 200 67832
[15/May/2026 15:29:09] "GET /static/game/css/global-dashboard/header.css HTTP/1.1" 304 0
[15/May/2026 15:29:09] "GET /static/game/images/default_player.png HTTP/1.1" 200 527
[15/May/2026 15:29:09] "GET /static/game/css/global-dashboard/layout-nav.css HTTP/1.1" 200 19639
Not Found: /notifications/
[15/May/2026 15:29:30] "GET /notifications/ HTTP/1.1" 404 3582
Not Found: /inbox/
[15/May/2026 15:29:30] "GET /inbox/ HTTP/1.1" 404 3558
[15/May/2026 15:29:34] "GET /clubs/ HTTP/1.1" 200 15516
[15/May/2026 15:29:37] "GET / HTTP/1.1" 200 21637
Not Found: /inbox/
[15/May/2026 15:29:37] "GET /inbox/ HTTP/1.1" 404 3558
Not Found: /notifications/
[15/May/2026 15:29:38] "GET /notifications/ HTTP/1.1" 404 3582
[15/May/2026 15:29:38] "GET / HTTP/1.1" 200 21637
Not Found: /forum/
[15/May/2026 15:29:38] "GET /forum/ HTTP/1.1" 404 3558
[15/May/2026 15:29:39] "GET /clubs/ HTTP/1.1" 200 15516
[15/May/2026 15:29:39] "GET /clubs/ HTTP/1.1" 200 15516
[15/May/2026 15:29:40] "GET /clubs/ HTTP/1.1" 200 15516
[15/May/2026 15:29:40] "GET /clubs/ HTTP/1.1" 200 15516
[15/May/2026 15:29:45] "GET /admin/ HTTP/1.1" 200 15893
[15/May/2026 15:29:48] "GET /admin/ HTTP/1.1" 200 19599
[15/May/2026 15:29:48] "GET /static/admin/css/dark_mode.css HTTP/1.1" 200 3538
[15/May/2026 15:29:48] "GET /static/admin/css/base.css HTTP/1.1" 200 23100
[15/May/2026 15:29:48] "GET /static/admin/js/theme.js HTTP/1.1" 200 1653
[15/May/2026 15:29:48] "GET /static/admin/css/nav_sidebar.css HTTP/1.1" 200 2810
[15/May/2026 15:29:48] "GET /static/admin/css/dashboard.css HTTP/1.1" 200 441
[15/May/2026 15:29:48] "GET /static/admin/css/responsive.css HTTP/1.1" 200 16273
[15/May/2026 15:29:48] "GET /static/admin/js/nav_sidebar.js HTTP/1.1" 200 3063
[15/May/2026 15:29:48] "GET /static/admin/img/icon-changelink.svg HTTP/1.1" 200 978
[15/May/2026 15:29:48] "GET /static/admin/img/icon-addlink.svg HTTP/1.1" 200 593
Not Found: /forum/
[15/May/2026 15:29:52] "GET /forum/ HTTP/1.1" 404 3558
[15/May/2026 15:29:54] "GET /clubs/ HTTP/1.1" 200 15510
[15/May/2026 15:29:54] "GET /static/game/css/global-dashboard/layout-nav.css HTTP/1.1" 304 0
[15/May/2026 15:30:00] "GET / HTTP/1.1" 200 21631
[15/May/2026 15:40:55] "GET / HTTP/1.1" 200 21862
[15/May/2026 15:40:55] "GET /static/game/css/global-dashboard.css HTTP/1.1" 304 0
[15/May/2026 15:40:55] "GET /static/game/css/global-dashboard/header.css HTTP/1.1" 304 0
[15/May/2026 15:40:55] "GET /static/game/css/global-dashboard/layout-nav.css HTTP/1.1" 200 19964
[15/May/2026 15:41:19] "GET / HTTP/1.1" 200 21856
[15/May/2026 15:41:19] "GET /static/game/css/global-dashboard/header.css HTTP/1.1" 304 0
[15/May/2026 15:41:19] "GET /static/game/css/global-dashboard/layout-nav.css HTTP/1.1" 200 19964
[15/May/2026 15:41:21] "GET /admin/ HTTP/1.1" 200 19599
[15/May/2026 15:41:24] "GET /admin/ HTTP/1.1" 200 19599
[15/May/2026 15:41:26] "GET /admin/ HTTP/1.1" 200 19599
[15/May/2026 15:41:39] "GET /clubs/ HTTP/1.1" 200 15735
[15/May/2026 15:41:39] "GET /static/game/css/global-dashboard/layout-nav.css HTTP/1.1" 304 0
[15/May/2026 15:41:41] "GET / HTTP/1.1" 200 21856
[15/May/2026 15:43:49] "GET / HTTP/1.1" 200 21862
[15/May/2026 15:43:49] "GET /static/game/css/global-dashboard/layout-nav.css HTTP/1.1" 200 20223
[15/May/2026 15:44:02] "GET / HTTP/1.1" 200 21856
[15/May/2026 15:44:02] "GET /static/game/css/global-dashboard/layout-nav.css HTTP/1.1" 200 20223
[15/May/2026 15:52:38] "GET /clubs/3/ HTTP/1.1" 200 90344
[15/May/2026 15:52:38] "GET /static/game/css/global-dashboard/header.css HTTP/1.1" 304 0
[15/May/2026 15:52:38] "GET /static/game/css/global-dashboard/layout-nav.css HTTP/1.1" 304 0
[15/May/2026 15:52:43] "GET /players/552/ HTTP/1.1" 200 68057
[15/May/2026 15:52:43] "GET /static/game/css/player-profile.css HTTP/1.1" 304 0
[15/May/2026 15:52:43] "GET /static/game/css/trophy-cabinet.css HTTP/1.1" 304 0
[15/May/2026 15:53:34] "GET / HTTP/1.1" 200 21856
[15/May/2026 15:53:34] "GET /static/game/css/global-dashboard/layout-nav.css HTTP/1.1" 304 0
[15/May/2026 15:56:30] "GET / HTTP/1.1" 200 21859
[15/May/2026 15:56:30] "GET /static/game/css/global-dashboard/header.css HTTP/1.1" 200 6266
[15/May/2026 15:56:30] "GET /static/game/css/global-dashboard.css HTTP/1.1" 200 209
[15/May/2026 15:56:30] "GET /players/552?awards_page=2 HTTP/1.1" 301 0
[15/May/2026 15:56:30] "GET /players/552?awards_page=1 HTTP/1.1" 301 0
[15/May/2026 15:56:30] "GET /players/552 HTTP/1.1" 301 0
[15/May/2026 15:56:30] "GET /players/552?awards_page=2&asset_reload=1778773076 HTTP/1.1" 301 0
[15/May/2026 15:56:30] "GET /players/552?awards_page=2&asset_reload=1778773860 HTTP/1.1" 301 0
[15/May/2026 15:56:30] "GET /players/552/ HTTP/1.1" 200 68060
[15/May/2026 15:56:30] "GET /players/552/?awards_page=2&asset_reload=1778773076 HTTP/1.1" 200 68001
[15/May/2026 15:56:30] "GET /players/552/?awards_page=2&asset_reload=1778773860 HTTP/1.1" 200 68001
[15/May/2026 15:56:30] "GET /players/552/?awards_page=2 HTTP/1.1" 200 68001
[15/May/2026 15:56:30] "GET /players/552/?awards_page=1 HTTP/1.1" 200 68060
[15/May/2026 15:56:43] "GET / HTTP/1.1" 200 21859
[15/May/2026 15:56:43] "GET /static/game/images/default_player.png HTTP/1.1" 200 527
[15/May/2026 15:56:43] "GET /static/game/css/global-dashboard/header.css HTTP/1.1" 304 0
[15/May/2026 15:56:43] "GET /static/game/css/global-dashboard/layout-nav.css HTTP/1.1" 200 20223
Internal Server Error: /
Traceback (most recent call last):
  File "C:\Users\mashu\Documents\Codex\Websoccer\Websoccer\.venv\Lib\site-packages\django\core\handlers\exception.py", line 55, in inner
    response = get_response(request)
               ^^^^^^^^^^^^^^^^^^^^^
  File "C:\Users\mashu\Documents\Codex\Websoccer\Websoccer\.venv\Lib\site-packages\django\core\handlers\base.py", line 198, in _get_response
    response = wrapped_callback(request, *callback_args, **callback_kwargs)
               ^^^^^^^^^^^^^^^^^^^^^^^^^^^^^^^^^^^^^^^^^^^^^^^^^^^^^^^^^^^^
  File "C:\Users\mashu\Documents\Codex\Websoccer\Websoccer\game\views.py", line 720, in home
    return render(
           ^^^^^^^
  File "C:\Users\mashu\Documents\Codex\Websoccer\Websoccer\.venv\Lib\site-packages\django\shortcuts.py", line 25, in render
    content = loader.render_to_string(template_name, context, request, using=using)
              ^^^^^^^^^^^^^^^^^^^^^^^^^^^^^^^^^^^^^^^^^^^^^^^^^^^^^^^^^^^^^^^^^^^^^
  File "C:\Users\mashu\Documents\Codex\Websoccer\Websoccer\.venv\Lib\site-packages\django\template\loader.py", line 61, in render_to_string
    template = get_template(template_name, using=using)
               ^^^^^^^^^^^^^^^^^^^^^^^^^^^^^^^^^^^^^^^^
  File "C:\Users\mashu\Documents\Codex\Websoccer\Websoccer\.venv\Lib\site-packages\django\template\loader.py", line 19, in get_template
    raise TemplateDoesNotExist(template_name, chain=chain)
django.template.exceptions.TemplateDoesNotExist: game/home.html
[15/May/2026 16:02:14] "GET / HTTP/1.1" 500 91509
[15/May/2026 16:04:29] "GET / HTTP/1.1" 200 12520
[15/May/2026 16:04:29] "GET /static/game/css/global-dashboard/header.css HTTP/1.1" 304 0
[15/May/2026 16:04:29] "GET /static/game/css/global-dashboard/layout-nav.css HTTP/1.1" 304 0
[15/May/2026 16:04:29] "GET /static/game/images/crests/907.png HTTP/1.1" 200 34735
[15/May/2026 16:04:29] "GET /static/game/images/crests/915.png HTTP/1.1" 200 148470
C:\Users\mashu\Documents\Codex\Websoccer\Websoccer\game\views.py changed, reloading.
Watching for file changes with StatReloader
[15/May/2026 16:07:05] "GET / HTTP/1.1" 200 24847
[15/May/2026 16:07:05] "GET /static/game/css/global-dashboard/dashboard-cards.css HTTP/1.1" 304 0
[15/May/2026 16:07:05] "GET /static/game/css/global-dashboard/layout-nav.css HTTP/1.1" 304 0
[15/May/2026 16:07:05] "GET /static/game/css/global-dashboard/tables-lists.css HTTP/1.1" 304 0
[15/May/2026 16:07:05] "GET /static/game/css/global-dashboard/responsive.css HTTP/1.1" 304 0
[15/May/2026 16:09:43] "GET / HTTP/1.1" 200 24850
[15/May/2026 16:09:43,937] - Broken pipe from ('127.0.0.1', 53359)
[15/May/2026 16:09:57] "GET / HTTP/1.1" 200 24847
[15/May/2026 16:09:57] "GET /static/game/css/global-dashboard/header.css HTTP/1.1" 304 0
[15/May/2026 16:09:57] "GET /static/game/css/global-dashboard.css HTTP/1.1" 200 265
[15/May/2026 16:09:57] "GET /static/game/css/global-dashboard/layout-nav.css HTTP/1.1" 304 0
[15/May/2026 16:09:57] "GET /static/game/css/global-dashboard/overview-dashboard.css HTTP/1.1" 200 18643
[15/May/2026 16:09:57] "GET /static/game/images/backgrounds/fc-bayern-stadium.jpg HTTP/1.1" 200 208463
[15/May/2026 16:10:05] "GET / HTTP/1.1" 200 24853
[15/May/2026 16:10:05] "GET /static/game/css/global-dashboard.css HTTP/1.1" 200 265
[15/May/2026 16:10:05] "GET /static/game/css/global-dashboard/header.css HTTP/1.1" 304 0
[15/May/2026 16:10:05] "GET /static/game/css/global-dashboard/layout-nav.css HTTP/1.1" 304 0
[15/May/2026 16:10:05] "GET /static/game/css/global-dashboard/overview-dashboard.css HTTP/1.1" 200 18643
[15/May/2026 16:10:05] "GET /static/game/images/players/92088306.svg HTTP/1.1" 304 0
[15/May/2026 16:10:05] "GET /static/game/images/flags/771.svg HTTP/1.1" 304 0
[15/May/2026 16:10:05] "GET /static/game/images/players/28113827.svg HTTP/1.1" 304 0
[15/May/2026 16:10:05] "GET /static/game/images/players/16279486.svg HTTP/1.1" 304 0
[15/May/2026 16:10:06] "GET /static/game/images/backgrounds/spielfeld.png HTTP/1.1" 304 0
[15/May/2026 16:10:06] "GET /static/game/images/backgrounds/fc-bayern-stadium.jpg HTTP/1.1" 304 0
[15/May/2026 16:10:44] "GET / HTTP/1.1" 200 24853
[15/May/2026 16:10:44] "GET /static/game/css/global-dashboard/overview-dashboard.css HTTP/1.1" 200 18643
[15/May/2026 16:10:47] "GET / HTTP/1.1" 200 24847
[15/May/2026 16:10:47] "GET /static/game/css/global-dashboard/overview-dashboard.css HTTP/1.1" 200 18643
[15/May/2026 16:11:26] "GET / HTTP/1.1" 200 24853
[15/May/2026 16:11:26] "GET /static/game/css/global-dashboard.css HTTP/1.1" 304 0
[15/May/2026 16:11:26] "GET /static/game/css/global-dashboard/overview-dashboard.css HTTP/1.1" 200 18657
[15/May/2026 16:12:14] "GET / HTTP/1.1" 200 24853
[15/May/2026 16:12:14] "GET /static/game/css/global-dashboard/overview-dashboard.css HTTP/1.1" 200 18702
[15/May/2026 16:12:56] "GET / HTTP/1.1" 200 24853
[15/May/2026 16:12:56] "GET /static/game/css/global-dashboard.css HTTP/1.1" 304 0
[15/May/2026 16:12:56] "GET /static/game/css/global-dashboard/layout-nav.css HTTP/1.1" 304 0
[15/May/2026 16:12:56] "GET /static/game/css/global-dashboard/overview-dashboard.css HTTP/1.1" 200 18739
[15/May/2026 16:14:27] "GET / HTTP/1.1" 200 24853
[15/May/2026 16:14:27] "GET /static/game/css/global-dashboard.css HTTP/1.1" 304 0
[15/May/2026 16:14:27] "GET /static/game/css/global-dashboard/overview-dashboard.css HTTP/1.1" 304 0
[15/May/2026 16:15:28] "GET / HTTP/1.1" 200 24853
[15/May/2026 16:15:28] "GET /static/game/css/global-dashboard/overview-dashboard.css HTTP/1.1" 304 0
[15/May/2026 16:18:07] "GET / HTTP/1.1" 200 24853
[15/May/2026 16:18:07] "GET /static/game/css/global-dashboard.css HTTP/1.1" 304 0
[15/May/2026 16:18:07] "GET /static/game/css/global-dashboard/header.css HTTP/1.1" 304 0
[15/May/2026 16:18:07] "GET /static/game/css/global-dashboard/layout-nav.css HTTP/1.1" 304 0
[15/May/2026 16:18:07] "GET /static/game/css/global-dashboard/overview-dashboard.css HTTP/1.1" 304 0
[15/May/2026 16:21:41] "GET / HTTP/1.1" 200 24847
[15/May/2026 16:21:41] "GET /static/game/css/global-dashboard.css HTTP/1.1" 304 0
[15/May/2026 16:21:41] "GET /static/game/css/global-dashboard/header.css HTTP/1.1" 304 0
[15/May/2026 16:21:41] "GET /static/game/css/global-dashboard/layout-nav.css HTTP/1.1" 304 0
[15/May/2026 16:21:41] "GET /static/game/css/global-dashboard/overview-dashboard.css HTTP/1.1" 200 18739
[15/May/2026 16:26:12] "GET /players/507/ HTTP/1.1" 200 26670
[15/May/2026 16:26:12] "GET /players/507/ HTTP/1.1" 200 26670
[15/May/2026 16:26:12] "GET /players/507/ HTTP/1.1" 200 26670
[15/May/2026 16:26:13] "GET /players/507/ HTTP/1.1" 200 26670
[15/May/2026 16:27:34] "GET / HTTP/1.1" 200 24847
[15/May/2026 16:27:34] "GET /static/game/css/global-dashboard.css HTTP/1.1" 304 0
[15/May/2026 16:27:34] "GET /static/game/css/global-dashboard/layout-nav.css HTTP/1.1" 304 0
[15/May/2026 16:27:34] "GET /static/game/css/global-dashboard/overview-dashboard.css HTTP/1.1" 304 0
[15/May/2026 16:27:35] "GET / HTTP/1.1" 200 24847
[15/May/2026 16:29:48] "GET / HTTP/1.1" 200 24847
[15/May/2026 16:29:48] "GET /static/game/css/global-dashboard/header.css HTTP/1.1" 304 0
[15/May/2026 16:29:48] "GET /static/game/css/global-dashboard/overview-dashboard.css HTTP/1.1" 304 0
[15/May/2026 16:29:49] "GET / HTTP/1.1" 200 24847
[15/May/2026 16:29:55] "GET /players/507/ HTTP/1.1" 200 26664
[15/May/2026 16:29:55] "GET /static/game/css/player-profile.css HTTP/1.1" 304 0
[15/May/2026 16:29:55] "GET /static/game/css/trophy-cabinet.css HTTP/1.1" 304 0
[15/May/2026 16:29:55] "GET /static/game/images/competitions/bundesliga.png HTTP/1.1" 200 22675
[15/May/2026 16:29:55] "GET /static/game/images/nations/federations/771.png HTTP/1.1" 200 134589
[15/May/2026 16:29:55] "GET /static/game/images/backgrounds/injury-card-bg.svg HTTP/1.1" 304 0
[15/May/2026 16:30:36] "GET / HTTP/1.1" 200 24847
[15/May/2026 16:30:36] "GET /static/game/css/global-dashboard.css HTTP/1.1" 304 0
C:\Users\mashu\Documents\Codex\Websoccer\Websoccer\game\views.py changed, reloading.
Watching for file changes with StatReloader
Internal Server Error: /
Traceback (most recent call last):
  File "C:\Users\mashu\Documents\Codex\Websoccer\Websoccer\.venv\Lib\site-packages\django\core\handlers\exception.py", line 55, in inner
    response = get_response(request)
               ^^^^^^^^^^^^^^^^^^^^^
  File "C:\Users\mashu\Documents\Codex\Websoccer\Websoccer\.venv\Lib\site-packages\django\core\handlers\base.py", line 198, in _get_response
    response = wrapped_callback(request, *callback_args, **callback_kwargs)
               ^^^^^^^^^^^^^^^^^^^^^^^^^^^^^^^^^^^^^^^^^^^^^^^^^^^^^^^^^^^^
  File "C:\Users\mashu\Documents\Codex\Websoccer\Websoccer\game\views.py", line 747, in home
    'budget_label': money_short(primary_club.budget if primary_club else 42800000),
                    ^^^^^^^^^^^
NameError: name 'money_short' is not defined
[15/May/2026 16:33:08] "GET / HTTP/1.1" 500 68358
C:\Users\mashu\Documents\Codex\Websoccer\Websoccer\game\views.py changed, reloading.
Watching for file changes with StatReloader
[15/May/2026 16:34:54] "GET / HTTP/1.1" 200 24869
[15/May/2026 16:34:54] "GET /static/game/css/global-dashboard.css HTTP/1.1" 304 0
[15/May/2026 16:34:54] "GET /static/game/css/global-dashboard/layout-nav.css HTTP/1.1" 304 0
[15/May/2026 16:34:54] "GET /static/game/css/global-dashboard/overview-dashboard.css HTTP/1.1" 304 0
[15/May/2026 16:36:11] "GET / HTTP/1.1" 200 34464
[15/May/2026 16:36:11] "GET /static/game/images/stadiums/germany/b-dortmund.jpg HTTP/1.1" 200 149529
[15/May/2026 16:36:26] "GET / HTTP/1.1" 200 34464
[15/May/2026 16:36:56] "GET / HTTP/1.1" 200 34464
[15/May/2026 16:36:57] "GET / HTTP/1.1" 200 34464
[15/May/2026 16:38:46] "GET / HTTP/1.1" 200 34464
[15/May/2026 16:38:46] "GET /static/game/css/global-dashboard/header.css HTTP/1.1" 304 0
[15/May/2026 16:38:46] "GET /static/game/css/global-dashboard.css HTTP/1.1" 304 0
[15/May/2026 16:38:46] "GET /static/game/css/global-dashboard/overview-dashboard.css HTTP/1.1" 200 18941
[15/May/2026 16:38:46] "GET /static/game/images/city/915.jpg HTTP/1.1" 200 55646
[15/May/2026 16:39:40] "GET /players/552/?awards_page=2 HTTP/1.1" 200 68007
[15/May/2026 16:39:40] "GET /static/game/images/trophies/player-of-the-season-original.png?v=1778775429 HTTP/1.1" 304 0
[15/May/2026 16:39:40] "GET /static/game/images/trophies/100.png?v=1767377826 HTTP/1.1" 200 74206
[15/May/2026 16:39:40] "GET /static/game/css/global-dashboard/overview-dashboard.css HTTP/1.1" 200 20707
[15/May/2026 16:39:40] "GET /static/game/images/trophies/torjagerkanone-original.png?v=1778712133 HTTP/1.1" 200 2685554
[15/May/2026 16:39:42] "GET /players/552/?awards_page=1 HTTP/1.1" 200 68066
[15/May/2026 16:39:42] "GET /players/552/?awards_page=2 HTTP/1.1" 200 68007
[15/May/2026 16:39:45] "GET /players/552/?awards_page=1 HTTP/1.1" 200 68066
[15/May/2026 16:39:45] "GET /static/game/css/global-dashboard/overview-dashboard.css HTTP/1.1" 304 0
[15/May/2026 16:39:58] "GET / HTTP/1.1" 200 34464
[15/May/2026 16:39:58] "GET /static/game/css/global-dashboard/overview-dashboard.css HTTP/1.1" 200 24425
[15/May/2026 16:40:22] "GET /players/552/?awards_page=2 HTTP/1.1" 200 68007
[15/May/2026 16:40:22] "GET /static/game/css/global-dashboard/layout-nav.css HTTP/1.1" 304 0
[15/May/2026 16:40:22] "GET /static/game/css/global-dashboard/overview-dashboard.css HTTP/1.1" 304 0
[15/May/2026 16:41:24] "GET /players/552/?awards_page=2 HTTP/1.1" 200 68007
[15/May/2026 16:41:24] "GET /static/game/css/global-dashboard/overview-dashboard.css HTTP/1.1" 200 24480
[15/May/2026 16:43:04] "GET / HTTP/1.1" 200 34672
[15/May/2026 16:43:04] "GET /static/game/css/global-dashboard.css HTTP/1.1" 304 0
[15/May/2026 16:43:04] "GET /static/game/css/global-dashboard/overview-dashboard.css HTTP/1.1" 304 0
[15/May/2026 16:43:05] "GET / HTTP/1.1" 200 34672
[15/May/2026 16:43:33] "GET / HTTP/1.1" 200 34678
[15/May/2026 16:43:33] "GET /static/game/css/global-dashboard.css HTTP/1.1" 304 0
[15/May/2026 16:43:33] "GET /static/game/css/global-dashboard/header.css HTTP/1.1" 304 0
[15/May/2026 16:43:34] "GET /static/game/css/global-dashboard/layout-nav.css HTTP/1.1" 304 0
[15/May/2026 16:43:34] "GET /static/game/css/global-dashboard/overview-dashboard.css HTTP/1.1" 200 24480
[15/May/2026 16:43:34] "GET /static/game/images/city/915.jpg HTTP/1.1" 200 55646
[15/May/2026 16:43:34] "GET /static/game/images/stadiums/germany/fc-bayern.jpg HTTP/1.1" 200 208463
[15/May/2026 16:44:14] "GET / HTTP/1.1" 200 34672
[15/May/2026 16:44:14] "GET /static/game/css/global-dashboard/overview-dashboard.css HTTP/1.1" 304 0
C:\Users\mashu\Documents\Codex\Websoccer\Websoccer\game\views.py changed, reloading.
Watching for file changes with StatReloader
[15/May/2026 16:46:33] "GET / HTTP/1.1" 200 35375
[15/May/2026 16:46:33] "GET /static/game/css/global-dashboard/layout-nav.css HTTP/1.1" 304 0
[15/May/2026 16:46:33] "GET /static/game/css/global-dashboard/overview-dashboard.css HTTP/1.1" 200 24920
[15/May/2026 16:46:33] "GET /static/game/images/city/915.jpg HTTP/1.1" 304 0
[15/May/2026 16:47:55] "GET / HTTP/1.1" 200 35375
[15/May/2026 16:47:55] "GET /static/game/css/global-dashboard.css HTTP/1.1" 304 0
[15/May/2026 16:47:55] "GET /static/game/css/global-dashboard/header.css HTTP/1.1" 304 0
[15/May/2026 16:47:55] "GET /static/game/css/global-dashboard/overview-dashboard.css HTTP/1.1" 304 0
[15/May/2026 16:47:56] "GET / HTTP/1.1" 200 35375
[15/May/2026 16:47:56] "GET / HTTP/1.1" 200 35375
[15/May/2026 16:49:12] "GET / HTTP/1.1" 200 35375
[15/May/2026 16:49:12] "GET /static/game/css/global-dashboard/overview-dashboard.css HTTP/1.1" 304 0
[15/May/2026 16:49:13] "GET / HTTP/1.1" 200 35375
[15/May/2026 16:50:55] "GET / HTTP/1.1" 200 35381
[15/May/2026 16:50:55] "GET /static/game/css/global-dashboard.css HTTP/1.1" 304 0
[15/May/2026 16:50:55] "GET /static/game/css/global-dashboard/layout-nav.css HTTP/1.1" 304 0
[15/May/2026 16:50:55] "GET /static/game/css/global-dashboard/overview-dashboard.css HTTP/1.1" 200 21684
[15/May/2026 16:50:55] "GET /static/game/images/players/28049320.png HTTP/1.1" 304 0
[15/May/2026 16:50:55] "GET /static/game/images/city/915.jpg HTTP/1.1" 304 0
[15/May/2026 16:52:02] "GET / HTTP/1.1" 200 35375
[15/May/2026 16:52:02] "GET /static/game/css/global-dashboard/overview-dashboard.css HTTP/1.1" 200 21684
[15/May/2026 16:53:32] "GET / HTTP/1.1" 200 35381
[15/May/2026 16:53:32] "GET /static/game/css/global-dashboard/header.css HTTP/1.1" 304 0
[15/May/2026 16:53:32] "GET /static/game/css/global-dashboard/overview-dashboard.css HTTP/1.1" 200 21753
[15/May/2026 16:53:51] "GET / HTTP/1.1" 200 35381
[15/May/2026 16:53:51] "GET /static/game/css/global-dashboard/overview-dashboard.css HTTP/1.1" 304 0
[15/May/2026 16:54:21] "GET / HTTP/1.1" 200 35375
[15/May/2026 16:54:21] "GET /static/game/css/global-dashboard.css HTTP/1.1" 304 0
[15/May/2026 16:54:21] "GET /static/game/css/global-dashboard/layout-nav.css HTTP/1.1" 304 0
[15/May/2026 16:54:21] "GET /static/game/css/global-dashboard/overview-dashboard.css HTTP/1.1" 200 21753
[15/May/2026 16:54:21] "GET /static/game/images/city/915.jpg HTTP/1.1" 304 0
[15/May/2026 16:54:22] "GET / HTTP/1.1" 200 35375
[15/May/2026 16:55:05] "GET / HTTP/1.1" 200 35375
[15/May/2026 16:55:05] "GET /static/game/css/global-dashboard/overview-dashboard.css HTTP/1.1" 304 0
[15/May/2026 16:55:32] "GET / HTTP/1.1" 200 35375
[15/May/2026 16:55:32] "GET /static/game/css/global-dashboard/overview-dashboard.css HTTP/1.1" 304 0
[15/May/2026 16:55:32] "GET / HTTP/1.1" 200 35375
[15/May/2026 16:55:33] "GET / HTTP/1.1" 200 35375
[15/May/2026 16:58:30] "GET / HTTP/1.1" 200 35375
[15/May/2026 16:58:31] "GET /static/game/css/global-dashboard/header.css HTTP/1.1" 304 0
[15/May/2026 16:58:31] "GET /static/game/css/global-dashboard/overview-dashboard.css HTTP/1.1" 304 0
[15/May/2026 16:58:31] "GET / HTTP/1.1" 200 35375
C:\Users\mashu\Documents\Codex\Websoccer\Websoccer\game\views.py changed, reloading.
Watching for file changes with StatReloader
[15/May/2026 17:00:07] "GET / HTTP/1.1" 200 40177
[15/May/2026 17:00:07] "GET /static/game/css/global-dashboard.css HTTP/1.1" 304 0
[15/May/2026 17:00:07] "GET /static/game/css/global-dashboard/overview-dashboard.css HTTP/1.1" 200 21753
[15/May/2026 17:01:14] "GET / HTTP/1.1" 200 40177
[15/May/2026 17:01:14] "GET /static/game/css/global-dashboard/overview-dashboard.css HTTP/1.1" 200 21753
C:\Users\mashu\Documents\Codex\Websoccer\Websoccer\game\views.py changed, reloading.
Watching for file changes with StatReloader
[15/May/2026 17:01:48] "GET / HTTP/1.1" 200 40201
[15/May/2026 17:01:48] "GET /static/game/css/global-dashboard/layout-nav.css HTTP/1.1" 304 0
[15/May/2026 17:01:48] "GET /static/game/css/global-dashboard/overview-dashboard.css HTTP/1.1" 200 23701
[15/May/2026 17:02:46] "GET / HTTP/1.1" 200 40207
[15/May/2026 17:02:46] "GET /static/game/css/global-dashboard.css HTTP/1.1" 304 0
[15/May/2026 17:02:47] "GET /static/game/css/global-dashboard/layout-nav.css HTTP/1.1" 304 0
[15/May/2026 17:02:47] "GET /static/game/css/global-dashboard/overview-dashboard.css HTTP/1.1" 200 23701
[15/May/2026 17:02:47] "GET /static/game/images/city/915.jpg HTTP/1.1" 304 0
[15/May/2026 17:04:11] "GET / HTTP/1.1" 200 40207
[15/May/2026 17:04:11] "GET /static/game/css/global-dashboard/header.css HTTP/1.1" 304 0
[15/May/2026 17:04:11] "GET /static/game/css/global-dashboard/overview-dashboard.css HTTP/1.1" 200 23865
[15/May/2026 17:04:51] "GET / HTTP/1.1" 200 40201
[15/May/2026 17:04:51] "GET /static/game/css/global-dashboard/overview-dashboard.css HTTP/1.1" 200 23861
[15/May/2026 17:04:51] "GET /static/game/images/city/915.jpg HTTP/1.1" 304 0
[15/May/2026 17:05:14] "GET / HTTP/1.1" 200 40207
[15/May/2026 17:05:15] "GET /static/game/css/global-dashboard/overview-dashboard.css HTTP/1.1" 200 23861
[15/May/2026 17:06:01] "GET /players/507/ HTTP/1.1" 200 26670
[15/May/2026 17:06:01] "GET /static/game/css/trophy-cabinet.css HTTP/1.1" 200 12971
[15/May/2026 17:06:01] "GET /static/game/css/player-profile.css HTTP/1.1" 200 42328
[15/May/2026 17:06:02] "GET /static/game/images/icons/trophy-heading.png HTTP/1.1" 200 9060
[15/May/2026 17:06:02] "GET /static/game/images/nations/federations/771.png HTTP/1.1" 200 134589
[15/May/2026 17:06:02] "GET /static/game/css/global-dashboard/overview-dashboard.css HTTP/1.1" 304 0
[15/May/2026 17:06:02] "GET /static/game/images/backgrounds/player-profile-stadium-atmosphere.svg HTTP/1.1" 304 0
[15/May/2026 17:06:02] "GET /static/game/images/icons/stat-goals.svg HTTP/1.1" 200 1058
[15/May/2026 17:06:02] "GET /static/game/images/icons/stat-assists.svg HTTP/1.1" 200 1179
[15/May/2026 17:06:02] "GET /static/game/images/icons/player-ui-icons.svg HTTP/1.1" 200 4970
[15/May/2026 17:06:02] "GET /static/game/images/icons/trophy-total.png HTTP/1.1" 200 5402
[15/May/2026 17:06:02] "GET /static/game/images/backgrounds/injury-card-bg.svg HTTP/1.1" 200 1958
[15/May/2026 17:06:02] "GET /static/game/images/trophies/podium-trophy.png HTTP/1.1" 200 748570
[15/May/2026 17:06:02] "GET /static/game/images/backgrounds/trophy-stage.png HTTP/1.1" 304 0
[15/May/2026 17:06:16] "GET / HTTP/1.1" 200 40201
[15/May/2026 17:06:16] "GET /static/game/css/global-dashboard.css HTTP/1.1" 304 0
[15/May/2026 17:06:16] "GET /static/game/css/global-dashboard/overview-dashboard.css HTTP/1.1" 200 23861
[15/May/2026 17:06:21] "GET / HTTP/1.1" 200 40207
[15/May/2026 17:06:21] "GET /static/game/css/global-dashboard/overview-dashboard.css HTTP/1.1" 304 0
[15/May/2026 17:06:44] "GET / HTTP/1.1" 200 40207
[15/May/2026 17:06:45] "GET /static/game/css/global-dashboard/overview-dashboard.css HTTP/1.1" 304 0
[15/May/2026 17:07:58] "GET / HTTP/1.1" 200 40207
[15/May/2026 17:07:58] "GET /static/game/css/global-dashboard/overview-dashboard.css HTTP/1.1" 200 24160
[15/May/2026 17:08:15] "GET / HTTP/1.1" 200 40201
[15/May/2026 17:08:15] "GET /static/game/css/global-dashboard/overview-dashboard.css HTTP/1.1" 200 24160
[15/May/2026 17:08:16] "GET / HTTP/1.1" 200 40201
[15/May/2026 17:08:17] "GET / HTTP/1.1" 200 40201
[15/May/2026 17:12:09] "GET / HTTP/1.1" 200 40207
[15/May/2026 17:12:09] "GET /static/game/css/global-dashboard.css HTTP/1.1" 304 0
[15/May/2026 17:12:10] "GET /static/game/css/global-dashboard/layout-nav.css HTTP/1.1" 304 0
[15/May/2026 17:12:10] "GET /static/game/css/global-dashboard/overview-dashboard.css HTTP/1.1" 200 24378
[15/May/2026 17:12:10] "GET /static/game/images/city/915.jpg HTTP/1.1" 304 0
[15/May/2026 17:12:24] "GET / HTTP/1.1" 200 40201
[15/May/2026 17:12:24] "GET /static/game/css/global-dashboard/header.css HTTP/1.1" 304 0
[15/May/2026 17:12:24] "GET /static/game/css/global-dashboard/layout-nav.css HTTP/1.1" 304 0
[15/May/2026 17:12:24] "GET /static/game/css/global-dashboard/overview-dashboard.css HTTP/1.1" 200 24378
[15/May/2026 17:12:40] "GET / HTTP/1.1" 200 40207
[15/May/2026 17:12:40] "GET /static/game/css/global-dashboard/overview-dashboard.css HTTP/1.1" 304 0
[15/May/2026 17:13:26] "GET / HTTP/1.1" 200 40201
[15/May/2026 17:13:26] "GET /static/game/css/global-dashboard.css HTTP/1.1" 304 0
[15/May/2026 17:13:26] "GET /static/game/css/global-dashboard/overview-dashboard.css HTTP/1.1" 304 0
[15/May/2026 17:16:26] "GET / HTTP/1.1" 200 40201
[15/May/2026 17:16:26] "GET /static/game/css/global-dashboard/overview-dashboard.css HTTP/1.1" 304 0
[15/May/2026 17:16:26] "GET /static/game/images/city/915.jpg HTTP/1.1" 304 0
[15/May/2026 17:16:27] "GET / HTTP/1.1" 200 40201
[15/May/2026 17:18:34] "GET / HTTP/1.1" 200 40747
[15/May/2026 17:18:34] "GET /static/game/css/global-dashboard/overview-dashboard.css HTTP/1.1" 200 24556
[15/May/2026 17:18:37] "GET / HTTP/1.1" 200 40747
[15/May/2026 17:18:38] "GET / HTTP/1.1" 200 40747
[15/May/2026 17:18:38] "GET /static/game/css/global-dashboard/overview-dashboard.css HTTP/1.1" 200 24645
[15/May/2026 17:18:38] "GET / HTTP/1.1" 200 40747
[15/May/2026 17:18:38] "GET /static/game/css/global-dashboard/overview-dashboard.css HTTP/1.1" 304 0
[15/May/2026 17:18:38] "GET / HTTP/1.1" 200 40747
[15/May/2026 17:18:38] "GET /static/game/css/global-dashboard/overview-dashboard.css HTTP/1.1" 304 0
[15/May/2026 17:18:39] "GET / HTTP/1.1" 200 40747
[15/May/2026 17:18:39] "GET /static/game/css/global-dashboard/overview-dashboard.css HTTP/1.1" 304 0
[15/May/2026 17:18:39] "GET / HTTP/1.1" 200 40747
[15/May/2026 17:18:39] "GET /static/game/css/global-dashboard/overview-dashboard.css HTTP/1.1" 304 0
[15/May/2026 17:18:39] "GET / HTTP/1.1" 200 40747
[15/May/2026 17:18:39] "GET /static/game/css/global-dashboard/overview-dashboard.css HTTP/1.1" 304 0
[15/May/2026 17:18:39] "GET / HTTP/1.1" 200 40747
[15/May/2026 17:18:39] "GET /static/game/css/global-dashboard/overview-dashboard.css HTTP/1.1" 304 0
[15/May/2026 17:18:40] "GET / HTTP/1.1" 200 40747
[15/May/2026 17:18:40] "GET /static/game/css/global-dashboard/overview-dashboard.css HTTP/1.1" 304 0
[15/May/2026 17:18:40] "GET / HTTP/1.1" 200 40747
[15/May/2026 17:18:40] "GET / HTTP/1.1" 200 40747
[15/May/2026 17:18:40] "GET / HTTP/1.1" 200 40747
[15/May/2026 17:18:40] "GET /static/game/css/global-dashboard/overview-dashboard.css HTTP/1.1" 304 0
[15/May/2026 17:18:40] "GET / HTTP/1.1" 200 40747
[15/May/2026 17:18:40] "GET /static/game/css/global-dashboard/overview-dashboard.css HTTP/1.1" 304 0
[15/May/2026 17:18:40] "GET / HTTP/1.1" 200 40747
[15/May/2026 17:18:40] "GET /static/game/css/global-dashboard/overview-dashboard.css HTTP/1.1" 304 0
[15/May/2026 17:18:40] "GET / HTTP/1.1" 200 40747
[15/May/2026 17:18:40] "GET /static/game/css/global-dashboard/overview-dashboard.css HTTP/1.1" 304 0
[15/May/2026 17:18:40] "GET / HTTP/1.1" 200 40747
[15/May/2026 17:18:41] "GET /static/game/css/global-dashboard/overview-dashboard.css HTTP/1.1" 304 0
[15/May/2026 17:18:41] "GET / HTTP/1.1" 200 40747
[15/May/2026 17:18:41] "GET / HTTP/1.1" 200 40747
[15/May/2026 17:18:41] "GET / HTTP/1.1" 200 40747
[15/May/2026 17:18:41] "GET / HTTP/1.1" 200 40747
[15/May/2026 17:18:41] "GET /static/game/css/global-dashboard/overview-dashboard.css HTTP/1.1" 304 0
[15/May/2026 17:18:41] "GET / HTTP/1.1" 200 40747
[15/May/2026 17:18:41] "GET /static/game/css/global-dashboard/overview-dashboard.css HTTP/1.1" 304 0
[15/May/2026 17:18:41] "GET / HTTP/1.1" 200 40747
[15/May/2026 17:18:41] "GET /static/game/css/global-dashboard/overview-dashboard.css HTTP/1.1" 304 0
[15/May/2026 17:18:41] "GET / HTTP/1.1" 200 40747
[15/May/2026 17:18:41] "GET /static/game/css/global-dashboard/overview-dashboard.css HTTP/1.1" 304 0
[15/May/2026 17:18:42] "GET / HTTP/1.1" 200 40747
[15/May/2026 17:18:42] "GET /static/game/css/global-dashboard/overview-dashboard.css HTTP/1.1" 304 0
[15/May/2026 17:18:42] "GET / HTTP/1.1" 200 40747
[15/May/2026 17:18:42] "GET / HTTP/1.1" 200 40747
[15/May/2026 17:18:42] "GET / HTTP/1.1" 200 40747
[15/May/2026 17:18:42] "GET / HTTP/1.1" 200 40747
[15/May/2026 17:18:42] "GET /static/game/css/global-dashboard/overview-dashboard.css HTTP/1.1" 304 0
[15/May/2026 17:18:42] "GET / HTTP/1.1" 200 40747
[15/May/2026 17:18:42] "GET /static/game/css/global-dashboard/overview-dashboard.css HTTP/1.1" 304 0
[15/May/2026 17:18:42] "GET / HTTP/1.1" 200 40747
[15/May/2026 17:18:42] "GET /static/game/css/global-dashboard/overview-dashboard.css HTTP/1.1" 304 0
[15/May/2026 17:18:43] "GET / HTTP/1.1" 200 40747
[15/May/2026 17:18:43] "GET /static/game/css/global-dashboard/overview-dashboard.css HTTP/1.1" 304 0
[15/May/2026 17:18:43] "GET / HTTP/1.1" 200 40747
[15/May/2026 17:18:43] "GET / HTTP/1.1" 200 40747
[15/May/2026 17:18:43] "GET / HTTP/1.1" 200 40747
[15/May/2026 17:18:43] "GET / HTTP/1.1" 200 40747
[15/May/2026 17:18:43] "GET / HTTP/1.1" 200 40747
[15/May/2026 17:18:43] "GET /static/game/css/global-dashboard/overview-dashboard.css HTTP/1.1" 304 0
[15/May/2026 17:18:43] "GET / HTTP/1.1" 200 40747
[15/May/2026 17:18:43] "GET /static/game/css/global-dashboard/overview-dashboard.css HTTP/1.1" 304 0
[15/May/2026 17:18:44] "GET / HTTP/1.1" 200 40747
[15/May/2026 17:18:44] "GET /static/game/css/global-dashboard/overview-dashboard.css HTTP/1.1" 304 0
[15/May/2026 17:18:44] "GET / HTTP/1.1" 200 40747
[15/May/2026 17:18:44] "GET / HTTP/1.1" 200 40747
[15/May/2026 17:18:44] "GET / HTTP/1.1" 200 40747
[15/May/2026 17:18:44] "GET / HTTP/1.1" 200 40747
[15/May/2026 17:18:44] "GET / HTTP/1.1" 200 40747
[15/May/2026 17:18:44] "GET /static/game/css/global-dashboard/overview-dashboard.css HTTP/1.1" 304 0
[15/May/2026 17:18:44] "GET / HTTP/1.1" 200 40747
[15/May/2026 17:18:44] "GET /static/game/css/global-dashboard/overview-dashboard.css HTTP/1.1" 304 0
[15/May/2026 17:18:45] "GET / HTTP/1.1" 200 40747
[15/May/2026 17:18:45] "GET /static/game/css/global-dashboard/overview-dashboard.css HTTP/1.1" 304 0
[15/May/2026 17:18:45] "GET / HTTP/1.1" 200 40747
[15/May/2026 17:18:45] "GET / HTTP/1.1" 200 40747
[15/May/2026 17:18:45] "GET / HTTP/1.1" 200 40747
[15/May/2026 17:18:45] "GET / HTTP/1.1" 200 40747
[15/May/2026 17:18:45] "GET / HTTP/1.1" 200 40747
[15/May/2026 17:18:45] "GET / HTTP/1.1" 200 40747
[15/May/2026 17:18:45] "GET /static/game/css/global-dashboard/overview-dashboard.css HTTP/1.1" 304 0
[15/May/2026 17:18:46] "GET / HTTP/1.1" 200 40747
[15/May/2026 17:18:46] "GET /static/game/css/global-dashboard/overview-dashboard.css HTTP/1.1" 304 0
[15/May/2026 17:18:46] "GET / HTTP/1.1" 200 40747
[15/May/2026 17:18:46] "GET / HTTP/1.1" 200 40747
[15/May/2026 17:18:46] "GET / HTTP/1.1" 200 40747
[15/May/2026 17:18:46] "GET / HTTP/1.1" 200 40747
[15/May/2026 17:18:46] "GET / HTTP/1.1" 200 40747
[15/May/2026 17:18:46] "GET / HTTP/1.1" 200 40747
[15/May/2026 17:18:47] "GET / HTTP/1.1" 200 40747
[15/May/2026 17:18:47] "GET /static/game/css/global-dashboard/overview-dashboard.css HTTP/1.1" 304 0
[15/May/2026 17:18:47] "GET / HTTP/1.1" 200 40747
[15/May/2026 17:18:47] "GET / HTTP/1.1" 200 40747
[15/May/2026 17:18:47] "GET / HTTP/1.1" 200 40747
[15/May/2026 17:18:47] "GET / HTTP/1.1" 200 40747
[15/May/2026 17:18:47] "GET / HTTP/1.1" 200 40747
[15/May/2026 17:18:47] "GET / HTTP/1.1" 200 40747
[15/May/2026 17:18:48] "GET / HTTP/1.1" 200 40747
[15/May/2026 17:18:48] "GET /static/game/css/global-dashboard/overview-dashboard.css HTTP/1.1" 304 0
[15/May/2026 17:18:48] "GET / HTTP/1.1" 200 40747
[15/May/2026 17:18:48] "GET / HTTP/1.1" 200 40747
[15/May/2026 17:19:09] "GET / HTTP/1.1" 200 40747
[15/May/2026 17:19:09] "GET /static/game/css/global-dashboard/overview-dashboard.css HTTP/1.1" 304 0
[15/May/2026 17:19:09] "GET / HTTP/1.1" 200 40747
[15/May/2026 17:19:09] "GET / HTTP/1.1" 200 40747
[15/May/2026 17:19:10] "GET / HTTP/1.1" 200 40747
[15/May/2026 17:19:10] "GET / HTTP/1.1" 200 40747
[15/May/2026 17:19:10] "GET / HTTP/1.1" 200 40747
[15/May/2026 17:19:10] "GET / HTTP/1.1" 200 40747
[15/May/2026 17:19:10] "GET / HTTP/1.1" 200 40747
[15/May/2026 17:22:52] "GET / HTTP/1.1" 200 40753
[15/May/2026 17:22:52] "GET /static/game/css/global-dashboard/header.css HTTP/1.1" 304 0
[15/May/2026 17:22:52] "GET /static/game/css/global-dashboard.css HTTP/1.1" 304 0
[15/May/2026 17:22:53] "GET /static/game/css/global-dashboard/layout-nav.css HTTP/1.1" 304 0
[15/May/2026 17:22:53] "GET /static/game/css/global-dashboard/dashboard-cards.css HTTP/1.1" 304 0
[15/May/2026 17:22:53] "GET /static/game/css/global-dashboard/responsive.css HTTP/1.1" 304 0
[15/May/2026 17:22:53] "GET /static/game/css/global-dashboard/overview-dashboard.css HTTP/1.1" 200 24788
[15/May/2026 17:22:53] "GET /static/game/css/global-dashboard/tables-lists.css HTTP/1.1" 304 0
[15/May/2026 17:22:53] "GET /static/game/images/city/915.jpg HTTP/1.1" 304 0
[15/May/2026 17:25:47] "GET / HTTP/1.1" 200 41024
[15/May/2026 17:25:47] "GET /static/game/css/global-dashboard/overview-dashboard.css HTTP/1.1" 304 0
[15/May/2026 17:26:40] "GET /players/507/ HTTP/1.1" 200 26670
[15/May/2026 17:26:41] "GET /static/game/css/global-dashboard/overview-dashboard.css HTTP/1.1" 304 0
[15/May/2026 17:26:42] "GET / HTTP/1.1" 200 41024
[17/May/2026 19:21:13] "GET / HTTP/1.1" 200 41018
[17/May/2026 19:21:13] "GET /static/game/css/global-dashboard.css HTTP/1.1" 304 0
[17/May/2026 19:21:13] "GET /static/game/css/global-dashboard/header.css HTTP/1.1" 304 0
[17/May/2026 19:21:13] "GET /static/game/images/default_player.png HTTP/1.1" 304 0
[17/May/2026 19:21:13] "GET /static/game/images/icons/sidebar/uebersicht.svg HTTP/1.1" 304 0
[17/May/2026 19:21:13] "GET /static/game/images/icons/sidebar/taktik.svg HTTP/1.1" 304 0
[17/May/2026 19:21:13] "GET /static/game/images/icons/sidebar/verein.svg HTTP/1.1" 304 0
[17/May/2026 19:21:13] "GET /static/game/images/icons/sidebar/kader.svg HTTP/1.1" 304 0
[17/May/2026 19:21:13] "GET /static/game/css/global-dashboard/layout-nav.css HTTP/1.1" 304 0
[17/May/2026 19:21:13] "GET /static/game/css/global-dashboard/dashboard-cards.css HTTP/1.1" 304 0
[17/May/2026 19:21:13] "GET /static/game/css/global-dashboard/tables-lists.css HTTP/1.1" 304 0
[17/May/2026 19:21:13] "GET /static/game/images/icons/sidebar/transfers.svg HTTP/1.1" 304 0
[17/May/2026 19:21:13] "GET /static/game/css/global-dashboard/responsive.css HTTP/1.1" 304 0
[17/May/2026 19:21:13] "GET /static/game/images/icons/sidebar/jugend.svg HTTP/1.1" 304 0
[17/May/2026 19:21:13] "GET /static/game/css/global-dashboard/overview-dashboard.css HTTP/1.1" 200 24788
[17/May/2026 19:21:13] "GET /static/game/images/icons/sidebar/scouting.svg HTTP/1.1" 304 0
[17/May/2026 19:21:13] "GET /static/game/images/icons/sidebar/mitarbeiter.svg HTTP/1.1" 304 0
[17/May/2026 19:21:13] "GET /static/game/images/players/92088306.svg HTTP/1.1" 304 0
[17/May/2026 19:21:13] "GET /static/game/images/flags/771.svg HTTP/1.1" 304 0
[17/May/2026 19:21:13] "GET /static/game/images/players/28049320.png HTTP/1.1" 304 0
[17/May/2026 19:21:13] "GET /static/game/images/icons/sidebar/wettbewerbe.svg HTTP/1.1" 304 0
[17/May/2026 19:21:13] "GET /static/game/images/players/28113827.svg HTTP/1.1" 304 0
[17/May/2026 19:21:13] "GET /static/game/images/players/16279486.svg HTTP/1.1" 304 0
[17/May/2026 19:21:13] "GET /static/game/images/stadiums/germany/b-dortmund.jpg HTTP/1.1" 304 0
[17/May/2026 19:21:13] "GET /static/game/images/backgrounds/player-profile-stadium-atmosphere.svg HTTP/1.1" 304 0
[17/May/2026 19:21:14] "GET /static/game/images/city/915.jpg HTTP/1.1" 304 0
[17/May/2026 19:21:14] "GET /static/game/images/stadiums/germany/fc-bayern.jpg HTTP/1.1" 304 0
[17/May/2026 19:21:14] "GET /static/game/images/backgrounds/fc-bayern-stadium.jpg HTTP/1.1" 304 0
[17/May/2026 19:21:14] "GET /static/game/images/brand/favicon-32.png HTTP/1.1" 304 0
[17/May/2026 19:21:15] "GET / HTTP/1.1" 200 41018
[17/May/2026 19:21:30] "GET /static/game/images/trophies/100.png?v=1767377826 HTTP/1.1" 200 74206
[17/May/2026 19:21:30] "GET /static/game/images/trophies/torjagerkanone-original.png?v=1778712133 HTTP/1.1" 200 2685554
[17/May/2026 19:24:12] "GET /players/507/ HTTP/1.1" 200 26670
[17/May/2026 19:24:12] "GET /static/game/css/global-dashboard.css HTTP/1.1" 304 0
[17/May/2026 19:24:12] "GET /static/game/images/icons/sidebar/uebersicht.svg HTTP/1.1" 304 0
[17/May/2026 19:24:12] "GET /static/game/css/player-profile.css HTTP/1.1" 304 0
[17/May/2026 19:24:12] "GET /static/game/css/global-dashboard/header.css HTTP/1.1" 304 0
[17/May/2026 19:24:12] "GET /static/game/images/default_player.png HTTP/1.1" 304 0
[17/May/2026 19:24:12] "GET /static/game/css/trophy-cabinet.css HTTP/1.1" 304 0
[17/May/2026 19:24:13] "GET /static/game/images/icons/sidebar/kader.svg HTTP/1.1" 304 0
[17/May/2026 19:24:13] "GET /static/game/images/icons/sidebar/verein.svg HTTP/1.1" 304 0
[17/May/2026 19:24:13] "GET /static/game/css/global-dashboard/layout-nav.css HTTP/1.1" 304 0
[17/May/2026 19:24:13] "GET /static/game/images/icons/sidebar/taktik.svg HTTP/1.1" 304 0
[17/May/2026 19:24:13] "GET /static/game/css/global-dashboard/overview-dashboard.css HTTP/1.1" 304 0
[17/May/2026 19:24:13] "GET /static/game/css/global-dashboard/dashboard-cards.css HTTP/1.1" 304 0
[17/May/2026 19:24:13] "GET /static/game/css/global-dashboard/responsive.css HTTP/1.1" 304 0
[17/May/2026 19:24:13] "GET /static/game/css/global-dashboard/tables-lists.css HTTP/1.1" 304 0
[17/May/2026 19:24:13] "GET /static/game/images/icons/sidebar/scouting.svg HTTP/1.1" 304 0
[17/May/2026 19:24:13] "GET /static/game/images/icons/sidebar/jugend.svg HTTP/1.1" 304 0
[17/May/2026 19:24:13] "GET /static/game/images/icons/sidebar/transfers.svg HTTP/1.1" 304 0
[17/May/2026 19:24:13] "GET /static/game/images/icons/sidebar/wettbewerbe.svg HTTP/1.1" 304 0
[17/May/2026 19:24:13] "GET /static/game/images/icons/sidebar/mitarbeiter.svg HTTP/1.1" 304 0
[17/May/2026 19:24:13] "GET /static/game/images/icons/trophy-heading.png HTTP/1.1" 304 0
[17/May/2026 19:24:13] "GET /static/game/images/players/92088306.svg HTTP/1.1" 304 0
[17/May/2026 19:24:13] "GET /static/game/images/flags/771.svg HTTP/1.1" 304 0
[17/May/2026 19:24:13] "GET /static/game/images/icons/trophy-total.png HTTP/1.1" 304 0
[17/May/2026 19:24:13] "GET /static/game/images/trophies/podium-trophy.png HTTP/1.1" 304 0
[17/May/2026 19:24:13] "GET /static/game/images/icons/stat-goals.svg HTTP/1.1" 304 0
[17/May/2026 19:24:13] "GET /static/game/images/stadiums/germany/fc-bayern.jpg HTTP/1.1" 304 0
[17/May/2026 19:24:13] "GET /static/game/images/backgrounds/player-profile-stadium-atmosphere.svg HTTP/1.1" 304 0
[17/May/2026 19:24:13] "GET /static/game/images/icons/stat-assists.svg HTTP/1.1" 304 0
[17/May/2026 19:24:13] "GET /static/game/images/backgrounds/trophy-stage.png HTTP/1.1" 304 0
[17/May/2026 19:24:13] "GET /static/game/images/backgrounds/spielfeld.png HTTP/1.1" 304 0
[17/May/2026 19:24:13] "GET /static/game/images/backgrounds/injury-card-bg.svg HTTP/1.1" 304 0
[17/May/2026 19:24:13] "GET /static/game/images/icons/player-ui-icons.svg HTTP/1.1" 304 0
[17/May/2026 19:32:12] "GET / HTTP/1.1" 200 41018
C:\Users\mashu\Documents\Codex\Websoccer\Websoccer\game\views.py changed, reloading.
Watching for file changes with StatReloader
[17/May/2026 19:34:16] "GET / HTTP/1.1" 200 41018
[17/May/2026 19:34:17] "GET / HTTP/1.1" 200 41018
[17/May/2026 19:34:18] "GET / HTTP/1.1" 200 41018
[17/May/2026 19:36:01] "GET / HTTP/1.1" 200 41520
[17/May/2026 19:36:29] "GET / HTTP/1.1" 200 41520
[17/May/2026 19:36:30] "GET / HTTP/1.1" 200 41520
[17/May/2026 19:37:10] "GET / HTTP/1.1" 200 41520
[17/May/2026 19:39:55] "GET / HTTP/1.1" 200 41520
[17/May/2026 19:39:56] "GET / HTTP/1.1" 200 41520
[17/May/2026 19:39:57] "GET / HTTP/1.1" 200 41520
[17/May/2026 19:39:57] "GET / HTTP/1.1" 200 41520
[17/May/2026 19:39:57] "GET / HTTP/1.1" 200 41520
[17/May/2026 19:39:57] "GET / HTTP/1.1" 200 41520
[17/May/2026 19:39:57] "GET / HTTP/1.1" 200 41520
[17/May/2026 19:43:03] "GET / HTTP/1.1" 200 41526
[17/May/2026 19:43:03] "GET /static/game/images/players/28049320.png HTTP/1.1" 304 0
[17/May/2026 19:43:03] "GET /static/game/images/players/28113827.svg HTTP/1.1" 304 0
[17/May/2026 19:43:03] "GET /static/game/images/stadiums/germany/b-dortmund.jpg HTTP/1.1" 304 0
[17/May/2026 19:43:03] "GET /static/game/images/players/16279486.svg HTTP/1.1" 304 0
[17/May/2026 19:43:03] "GET /static/game/images/city/915.jpg HTTP/1.1" 304 0
[17/May/2026 19:43:03] "GET /static/game/images/backgrounds/fc-bayern-stadium.jpg HTTP/1.1" 304 0
[17/May/2026 19:43:07] "GET / HTTP/1.1" 200 41520
[17/May/2026 19:43:07] "GET / HTTP/1.1" 200 41520
[17/May/2026 19:43:08] "GET / HTTP/1.1" 200 41520
[17/May/2026 19:43:08] "GET / HTTP/1.1" 200 41520
[17/May/2026 19:43:50] "GET / HTTP/1.1" 200 41520
[17/May/2026 19:43:52] "GET / HTTP/1.1" 200 41520
[17/May/2026 19:52:41] "GET / HTTP/1.1" 200 41520
[17/May/2026 19:52:42] "GET / HTTP/1.1" 200 41520
[17/May/2026 19:53:58] "GET / HTTP/1.1" 200 41520
[17/May/2026 19:53:59] "GET / HTTP/1.1" 200 41520
[17/May/2026 19:54:16] "GET / HTTP/1.1" 200 41526
[17/May/2026 19:55:51] "GET / HTTP/1.1" 200 41520
[17/May/2026 19:55:52] "GET / HTTP/1.1" 200 41520
[17/May/2026 19:57:09] "GET / HTTP/1.1" 200 41740
[17/May/2026 20:00:19] "GET / HTTP/1.1" 200 41734
[17/May/2026 20:02:06] "GET / HTTP/1.1" 200 41734
[17/May/2026 20:02:07] "GET / HTTP/1.1" 200 41734
[17/May/2026 20:02:08] "GET / HTTP/1.1" 200 41734
[17/May/2026 20:03:06] "GET / HTTP/1.1" 200 41740
[17/May/2026 20:04:20] "GET / HTTP/1.1" 200 41734
[17/May/2026 20:04:21] "GET / HTTP/1.1" 200 41734
[17/May/2026 20:05:56] "GET / HTTP/1.1" 200 41740
[17/May/2026 20:08:30] "GET / HTTP/1.1" 200 41734
[17/May/2026 20:08:30] "GET / HTTP/1.1" 200 41734
[17/May/2026 20:08:31] "GET / HTTP/1.1" 200 41734
[17/May/2026 20:10:09] "GET /?qa=1779041408893 HTTP/1.1" 200 41740
[17/May/2026 20:10:18] "GET / HTTP/1.1" 200 41734
[17/May/2026 20:10:18] "GET / HTTP/1.1" 200 41734
[17/May/2026 20:10:19] "GET / HTTP/1.1" 200 41734
[17/May/2026 20:10:19] "GET / HTTP/1.1" 200 41734
[17/May/2026 20:16:35] "GET /?qa=1779041795542 HTTP/1.1" 200 41855
[17/May/2026 20:16:35] "GET /static/game/css/global-dashboard/overview-dashboard.css?v=overview-20260517-2 HTTP/1.1" 200 26096
[17/May/2026 20:19:57] "GET / HTTP/1.1" 200 41849
[17/May/2026 20:19:57] "GET /static/game/css/global-dashboard/overview-dashboard.css?v=overview-20260517-2 HTTP/1.1" 200 26096
[17/May/2026 20:20:03] "GET / HTTP/1.1" 200 41849
[17/May/2026 20:20:04] "GET / HTTP/1.1" 200 41849
[17/May/2026 21:22:26] "GET / HTTP/1.1" 200 41849
[17/May/2026 21:22:26] "GET /static/game/css/global-dashboard/overview-dashboard.css?v=overview-20260517-2 HTTP/1.1" 304 0
C:\Users\mashu\Documents\Codex\Websoccer\Websoccer\game\views.py changed, reloading.
Watching for file changes with StatReloader
[17/May/2026 21:45:26] "GET /?qa=1779047125946 HTTP/1.1" 200 46623
[17/May/2026 21:45:26] "GET /static/game/css/global-dashboard/overview-dashboard.css?v=overview-20260517-3 HTTP/1.1" 200 26784
[17/May/2026 21:47:26] "GET /?qa=1779047246182 HTTP/1.1" 200 46623
[17/May/2026 21:47:26] "GET /static/game/css/global-dashboard/overview-dashboard.css?v=overview-20260517-3 HTTP/1.1" 200 26783
[17/May/2026 21:52:28] "GET / HTTP/1.1" 200 46617
[17/May/2026 21:52:28] "GET /static/game/images/icons/stat-goals.svg HTTP/1.1" 200 1058
[17/May/2026 21:52:28] "GET /static/game/css/global-dashboard/overview-dashboard.css?v=overview-20260517-3 HTTP/1.1" 200 26783
C:\Users\mashu\Documents\Codex\Websoccer\Websoccer\game\views.py changed, reloading.
Watching for file changes with StatReloader
[17/May/2026 22:06:57] "GET /?qa=1779048416939 HTTP/1.1" 200 47549
[17/May/2026 22:06:57] "GET /static/game/css/global-dashboard/overview-dashboard.css?v=overview-20260517-4 HTTP/1.1" 200 26858
[17/May/2026 22:06:57] "GET /static/game/images/players/29221846.svg HTTP/1.1" 304 0
[17/May/2026 22:11:09] "GET /?qa=1779048669160 HTTP/1.1" 200 47549
[17/May/2026 22:11:09] "GET /static/game/css/global-dashboard/overview-dashboard.css?v=overview-20260517-4 HTTP/1.1" 200 26858
[17/May/2026 22:22:29] "GET /?qa=1779048669160 HTTP/1.1" 200 47549
[17/May/2026 22:22:29] "GET /static/game/css/global-dashboard/overview-dashboard.css?v=overview-20260517-4 HTTP/1.1" 304 0
[17/May/2026 22:23:52] "GET / HTTP/1.1" 200 47543
[17/May/2026 22:23:52] "GET /static/game/images/players/29221846.svg HTTP/1.1" 200 55001
[17/May/2026 22:23:52] "GET /static/game/css/global-dashboard/overview-dashboard.css?v=overview-20260517-4 HTTP/1.1" 200 26858
[17/May/2026 22:46:15] "GET / HTTP/1.1" 200 47543
[17/May/2026 22:46:15] "GET /static/game/css/global-dashboard/overview-dashboard.css?v=overview-20260517-4 HTTP/1.1" 304 0
[17/May/2026 22:46:17] "GET / HTTP/1.1" 200 47543
[17/May/2026 22:46:17] "GET / HTTP/1.1" 200 47543
[17/May/2026 22:51:17] "GET /?qa=1779051077182 HTTP/1.1" 200 47549
[17/May/2026 22:51:17] "GET /static/game/css/global-dashboard/overview-dashboard.css?v=overview-20260517-5 HTTP/1.1" 200 28029
[17/May/2026 22:51:17] "GET /static/game/images/backgrounds/overview-manager-bg.svg HTTP/1.1" 200 1320
[17/May/2026 22:51:17] "GET /static/game/images/backgrounds/overview-chat-bg.svg HTTP/1.1" 200 722
[17/May/2026 22:51:17] "GET /static/game/images/backgrounds/overview-social-bg.svg HTTP/1.1" 200 1193
[17/May/2026 22:51:17] "GET /static/game/images/backgrounds/overview-table-bg.svg HTTP/1.1" 200 1329
[17/May/2026 22:51:17] "GET /static/game/images/backgrounds/overview-transfer-bg.svg HTTP/1.1" 200 891
[17/May/2026 22:51:17] "GET /static/game/images/backgrounds/overview-stats-bg.svg HTTP/1.1" 200 1117
[17/May/2026 22:51:17] "GET /static/game/images/backgrounds/overview-news-bg.svg HTTP/1.1" 200 975
[17/May/2026 22:51:17] "GET /static/game/images/backgrounds/overview-live-bg.svg HTTP/1.1" 200 989
[17/May/2026 22:54:12] "GET / HTTP/1.1" 200 47543
[17/May/2026 22:54:12] "GET /static/game/css/global-dashboard/overview-dashboard.css?v=overview-20260517-5 HTTP/1.1" 200 28029
[17/May/2026 22:54:12] "GET /static/game/images/backgrounds/overview-manager-bg.svg HTTP/1.1" 200 1320
[17/May/2026 22:54:12] "GET /static/game/images/backgrounds/overview-chat-bg.svg HTTP/1.1" 200 722
[17/May/2026 22:54:12] "GET /static/game/images/backgrounds/overview-transfer-bg.svg HTTP/1.1" 200 891
[17/May/2026 22:54:12] "GET /static/game/images/backgrounds/overview-table-bg.svg HTTP/1.1" 200 1329
[17/May/2026 22:54:12] "GET /static/game/images/backgrounds/overview-stats-bg.svg HTTP/1.1" 200 1117
[17/May/2026 22:54:12] "GET /static/game/images/backgrounds/overview-news-bg.svg HTTP/1.1" 200 975
[17/May/2026 22:54:12] "GET /static/game/images/backgrounds/overview-social-bg.svg HTTP/1.1" 200 1193
[17/May/2026 22:54:12] "GET /static/game/images/backgrounds/overview-live-bg.svg HTTP/1.1" 200 989
[17/May/2026 23:13:01] "GET / HTTP/1.1" 200 47543
[17/May/2026 23:13:01] "GET /static/game/css/global-dashboard/overview-dashboard.css?v=overview-20260517-6 HTTP/1.1" 200 28037
[17/May/2026 23:13:01] "GET /static/game/images/backgrounds/overview-manager-bg.svg HTTP/1.1" 304 0
[17/May/2026 23:13:01] "GET /static/game/images/backgrounds/overview-chat-bg.svg HTTP/1.1" 304 0
[17/May/2026 23:13:01] "GET /static/game/images/backgrounds/overview-transfer-bg.svg HTTP/1.1" 304 0
[17/May/2026 23:13:01] "GET /static/game/images/backgrounds/overview-live-bg.svg HTTP/1.1" 304 0
[17/May/2026 23:13:01] "GET /static/game/images/backgrounds/overview-stats-bg.svg HTTP/1.1" 304 0
[17/May/2026 23:13:01] "GET /static/game/images/backgrounds/overview-table-bg.svg?v=2 HTTP/1.1" 200 2073
[17/May/2026 23:13:01] "GET /static/game/images/backgrounds/overview-news-bg.svg HTTP/1.1" 304 0
[17/May/2026 23:13:01] "GET /static/game/images/backgrounds/overview-social-bg.svg?v=2 HTTP/1.1" 200 2300
[17/May/2026 23:13:11] "GET /?qa=1779052391160 HTTP/1.1" 200 47549
[17/May/2026 23:13:11] "GET /static/game/css/global-dashboard/overview-dashboard.css?v=overview-20260517-6 HTTP/1.1" 200 28037
[17/May/2026 23:13:11] "GET /static/game/images/backgrounds/overview-manager-bg.svg HTTP/1.1" 304 0
[17/May/2026 23:13:11] "GET /static/game/images/backgrounds/overview-chat-bg.svg HTTP/1.1" 304 0
[17/May/2026 23:13:11] "GET /static/game/images/backgrounds/overview-live-bg.svg HTTP/1.1" 304 0
[17/May/2026 23:13:11] "GET /static/game/images/backgrounds/overview-stats-bg.svg HTTP/1.1" 304 0
[17/May/2026 23:13:11] "GET /static/game/images/backgrounds/overview-transfer-bg.svg HTTP/1.1" 304 0
[17/May/2026 23:13:11] "GET /static/game/images/backgrounds/overview-table-bg.svg?v=2 HTTP/1.1" 200 2073
[17/May/2026 23:13:11] "GET /static/game/images/backgrounds/overview-news-bg.svg HTTP/1.1" 304 0
[17/May/2026 23:13:11] "GET /static/game/images/backgrounds/overview-social-bg.svg?v=2 HTTP/1.1" 200 2300
[17/May/2026 23:14:48] "GET / HTTP/1.1" 200 47543
[17/May/2026 23:14:48] "GET /static/game/css/global-dashboard/overview-dashboard.css?v=overview-20260517-6 HTTP/1.1" 304 0
[17/May/2026 23:14:48] "GET /static/game/images/backgrounds/overview-table-bg.svg?v=2 HTTP/1.1" 304 0
[17/May/2026 23:14:48] "GET /static/game/images/backgrounds/overview-social-bg.svg?v=2 HTTP/1.1" 304 0
[17/May/2026 23:26:19] "GET /clubs/ HTTP/1.1" 200 15744
[17/May/2026 23:26:20] "GET /clubs/3/ HTTP/1.1" 200 90353
[17/May/2026 23:26:20] "GET /static/game/images/players/92039023.svg HTTP/1.1" 200 38805
[17/May/2026 23:26:20] "GET /static/game/images/players/28124579.svg HTTP/1.1" 200 38409
[17/May/2026 23:26:20] "GET /static/game/images/players/76049803.svg HTTP/1.1" 200 41493
[17/May/2026 23:26:20] "GET /static/game/images/kits/915_home.svg HTTP/1.1" 200 83617
[17/May/2026 23:26:20] "GET /static/game/images/players/16182894.svg HTTP/1.1" 200 43149
[17/May/2026 23:26:20] "GET /static/game/images/players/91119700.svg HTTP/1.1" 200 42889
[17/May/2026 23:26:20] "GET /static/game/images/players/20041862.svg HTTP/1.1" 200 41701
[17/May/2026 23:26:20] "GET /static/game/images/kits/915_third.svg HTTP/1.1" 200 45018
[17/May/2026 23:26:20] "GET /static/game/images/kits/915_away.svg HTTP/1.1" 200 103085
[17/May/2026 23:26:20] "GET /static/game/images/flags/788.svg HTTP/1.1" 200 5543
[17/May/2026 23:26:20] "GET /static/game/images/flags/802.svg HTTP/1.1" 200 6395
[17/May/2026 23:26:20] "GET /static/game/images/players/2000262633.svg HTTP/1.1" 200 41939
[17/May/2026 23:26:20] "GET /static/game/images/players/2000171034.svg HTTP/1.1" 200 38003
[17/May/2026 23:26:20] "GET /static/game/images/flags/116.svg HTTP/1.1" 200 3359
[17/May/2026 23:26:20] "GET /static/game/images/players/45109024.svg HTTP/1.1" 200 44825
[17/May/2026 23:26:20] "GET /static/game/images/players/89063073.svg HTTP/1.1" 200 42001
[17/May/2026 23:26:21] "GET /static/game/images/flags/24.svg HTTP/1.1" 200 1658
[17/May/2026 23:26:21] "GET /static/game/images/flags/769.svg HTTP/1.1" 200 1671
[17/May/2026 23:26:21] "GET /static/game/images/flags/135.svg HTTP/1.1" 200 10615
[17/May/2026 23:26:21] "GET /static/game/images/flags/23.svg HTTP/1.1" 200 2686
[17/May/2026 23:26:21] "GET /static/game/images/flags/1653.svg HTTP/1.1" 200 1604
[17/May/2026 23:26:21] "GET /static/game/images/flags/765.svg HTTP/1.1" 304 0
[17/May/2026 23:26:21] "GET /static/game/images/flags/27.svg HTTP/1.1" 200 3098
[17/May/2026 23:26:21] "GET /static/game/images/flags/364.svg HTTP/1.1" 200 4043
[17/May/2026 23:26:21] "GET /static/game/images/players/2000375662.svg HTTP/1.1" 200 38755
[17/May/2026 23:26:21] "GET /static/game/images/players/85045409.svg HTTP/1.1" 200 42693
[17/May/2026 23:26:21] "GET /static/game/images/players/16147659.svg HTTP/1.1" 200 46005
[17/May/2026 23:26:21] "GET /static/game/images/flags/755.svg HTTP/1.1" 200 1479
[17/May/2026 23:26:21] "GET /static/game/images/flags/41.svg HTTP/1.1" 200 2650
[17/May/2026 23:26:21] "GET /static/game/images/flags/761.svg HTTP/1.1" 200 5847
[17/May/2026 23:26:21] "GET /static/game/images/players/91190673.svg HTTP/1.1" 200 40437
[17/May/2026 23:26:21] "GET /static/game/images/flags/20.svg HTTP/1.1" 200 1646
[17/May/2026 23:26:21] "GET /static/game/images/players/12087972.svg HTTP/1.1" 200 40077
[17/May/2026 23:26:21] "GET /static/game/images/players/28066083.svg HTTP/1.1" 200 41029
[17/May/2026 23:26:21] "GET /static/game/images/flags/789.svg HTTP/1.1" 304 0
[17/May/2026 23:26:21] "GET /static/game/images/players/2000259380.svg HTTP/1.1" 200 38515
[17/May/2026 23:26:21] "GET /static/game/images/players/8718372.svg HTTP/1.1" 200 42792
[17/May/2026 23:26:21] "GET /static/game/images/players/91207698.svg HTTP/1.1" 200 42501
[17/May/2026 23:26:21] "GET /static/game/images/players/2000147056.svg HTTP/1.1" 200 39219
[17/May/2026 23:26:21] "GET /static/game/images/players/35008097.svg HTTP/1.1" 200 38889
[17/May/2026 23:26:21] "GET /static/game/images/players/91104807.svg HTTP/1.1" 200 40029
[17/May/2026 23:26:21] "GET /static/game/images/default_player.svg HTTP/1.1" 200 987
[17/May/2026 23:27:03] "GET /players/552/ HTTP/1.1" 200 68066
[17/May/2026 23:27:03] "GET /static/game/css/trophy-cabinet.css HTTP/1.1" 304 0
[17/May/2026 23:27:03] "GET /static/game/css/player-profile.css HTTP/1.1" 304 0
[17/May/2026 23:27:03] "GET /static/game/images/icons/stat-assists.svg HTTP/1.1" 200 1179
[17/May/2026 23:27:03] "GET /static/game/images/competitions/dfb-pokal.png HTTP/1.1" 200 26479
[17/May/2026 23:27:03] "GET /static/game/images/nations/federations/765.png HTTP/1.1" 200 95781
[17/May/2026 23:27:03] "GET /static/game/images/competitions/champions-league.png HTTP/1.1" 200 93326
[17/May/2026 23:27:03] "GET /static/game/images/icons/suspension-cards.svg HTTP/1.1" 200 1334
[17/May/2026 23:27:03] "GET /static/game/images/competitions/supercup.png HTTP/1.1" 200 27978
[17/May/2026 23:27:03] "GET /static/game/images/icons/trophy-heading.png HTTP/1.1" 200 9060
[17/May/2026 23:27:03] "GET /static/game/images/icons/trophy-total.png HTTP/1.1" 200 5402
[17/May/2026 23:27:03] "GET /static/game/images/trophies/1301397.png?v=1767377822 HTTP/1.1" 200 72537
[17/May/2026 23:27:03] "GET /static/game/images/trophies/podium-trophy.png HTTP/1.1" 304 0
[17/May/2026 23:27:03] "GET /static/game/images/icons/player-ui-icons.svg HTTP/1.1" 200 4970
[17/May/2026 23:27:03] "GET /static/game/images/trophies/1301394.png?v=1767377828 HTTP/1.1" 200 88300
[17/May/2026 23:27:03] "GET /static/game/images/trophies/1301410.png?v=1767377822 HTTP/1.1" 200 78266
[17/May/2026 23:27:03] "GET /static/game/images/trophies/22.png?v=1767377822 HTTP/1.1" 200 157699
[17/May/2026 23:27:03] "GET /static/game/images/backgrounds/injury-card-bg.svg HTTP/1.1" 200 1958
[17/May/2026 23:27:03] "GET /static/game/images/backgrounds/spielfeld.png HTTP/1.1" 200 2479542
[17/May/2026 23:27:03] "GET /static/game/images/backgrounds/trophy-stage.png HTTP/1.1" 200 1946438
[17/May/2026 23:27:23] "GET / HTTP/1.1" 200 47543
[17/May/2026 23:27:23] "GET /static/game/css/global-dashboard/overview-dashboard.css?v=overview-20260517-6 HTTP/1.1" 200 28083
[17/May/2026 23:27:23] "GET /static/game/images/backgrounds/overview/overview-chat.png HTTP/1.1" 200 1298364
[17/May/2026 23:27:23] "GET /static/game/images/backgrounds/overview/overview-transfer.png HTTP/1.1" 200 1276956
[17/May/2026 23:27:23] "GET /static/game/images/backgrounds/overview/overview-table.png HTTP/1.1" 200 1373315
[17/May/2026 23:27:23] "GET /static/game/images/backgrounds/overview/overview-social.png HTTP/1.1" 200 1375532
[17/May/2026 23:27:23] "GET /static/game/images/backgrounds/overview/overview-news.png HTTP/1.1" 200 1539822
[17/May/2026 23:27:23] "GET /static/game/images/backgrounds/overview/overview-manager.png HTTP/1.1" 200 1781080
[17/May/2026 23:27:23] "GET /static/game/images/backgrounds/overview/overview-live.png HTTP/1.1" 200 1377367
[17/May/2026 23:27:23] "GET /static/game/images/backgrounds/overview/overview-stats.png HTTP/1.1" 200 1422550
[17/May/2026 23:27:57] "GET /clubs/ HTTP/1.1" 200 15744
[17/May/2026 23:27:58] "GET /clubs/3/ HTTP/1.1" 200 90353
[17/May/2026 23:30:12] "GET / HTTP/1.1" 200 47543
[17/May/2026 23:30:12] "GET /static/game/css/global-dashboard/overview-dashboard.css?v=overview-20260517-7 HTTP/1.1" 200 28083
[17/May/2026 23:30:41] "GET /?qa=1779053440777 HTTP/1.1" 200 47549
[17/May/2026 23:30:41] "GET /static/game/css/global-dashboard/overview-dashboard.css?v=overview-20260517-7 HTTP/1.1" 200 28083
[17/May/2026 23:30:41] "GET /static/game/images/backgrounds/overview/overview-chat.png HTTP/1.1" 200 1298364
[17/May/2026 23:30:41] "GET /static/game/images/backgrounds/overview/overview-table.png HTTP/1.1" 200 1373315
[17/May/2026 23:30:41] "GET /static/game/images/backgrounds/overview/overview-transfer.png HTTP/1.1" 200 1276956
[17/May/2026 23:30:41] "GET /static/game/images/backgrounds/overview/overview-social.png HTTP/1.1" 200 1375532
[17/May/2026 23:30:41] "GET /static/game/images/backgrounds/overview/overview-news.png HTTP/1.1" 200 1539822
[17/May/2026 23:30:41] "GET /static/game/images/backgrounds/overview/overview-manager.png HTTP/1.1" 200 1781080
[17/May/2026 23:30:41] "GET /static/game/images/backgrounds/overview/overview-stats.png HTTP/1.1" 200 1422550
[17/May/2026 23:30:41] "GET /static/game/images/backgrounds/overview/overview-live.png HTTP/1.1" 200 1377367
[17/May/2026 23:30:45] "GET / HTTP/1.1" 200 47543
[17/May/2026 23:30:45] "GET /static/game/css/global-dashboard/overview-dashboard.css?v=overview-20260517-7 HTTP/1.1" 304 0
[17/May/2026 23:31:30] "GET / HTTP/1.1" 200 47543
[17/May/2026 23:31:30] "GET /static/game/css/global-dashboard/overview-dashboard.css?v=overview-20260517-7 HTTP/1.1" 304 0
[17/May/2026 23:31:30] "GET /static/game/images/backgrounds/overview/overview-table.png HTTP/1.1" 304 0
[17/May/2026 23:31:30] "GET /static/game/images/backgrounds/overview/overview-social.png HTTP/1.1" 304 0
[17/May/2026 23:39:14] "GET / HTTP/1.1" 200 47543
[17/May/2026 23:39:14] "GET /static/game/css/global-dashboard/overview-dashboard.css?v=overview-20260517-7 HTTP/1.1" 304 0
[17/May/2026 23:39:14] "GET /static/game/images/backgrounds/overview/overview-manager.png HTTP/1.1" 304 0
[17/May/2026 23:39:14] "GET /static/game/images/backgrounds/overview/overview-chat.png HTTP/1.1" 304 0
[17/May/2026 23:39:14] "GET /static/game/images/backgrounds/overview/overview-transfer.png HTTP/1.1" 304 0
[17/May/2026 23:39:14] "GET /static/game/images/backgrounds/overview/overview-table.png HTTP/1.1" 304 0
[17/May/2026 23:39:14] "GET /static/game/images/backgrounds/overview/overview-news.png HTTP/1.1" 304 0
[17/May/2026 23:39:14] "GET /static/game/images/backgrounds/overview/overview-live.png HTTP/1.1" 304 0
[17/May/2026 23:39:14] "GET /static/game/images/backgrounds/overview/overview-stats.png HTTP/1.1" 304 0
[17/May/2026 23:39:14] "GET /static/game/images/backgrounds/overview/overview-social.png HTTP/1.1" 304 0
[17/May/2026 23:39:15] "GET / HTTP/1.1" 200 47543
[17/May/2026 23:40:48] "GET /?qa=1779053440777 HTTP/1.1" 200 47549
[17/May/2026 23:40:48] "GET /static/game/css/global-dashboard/overview-dashboard.css?v=overview-20260517-7 HTTP/1.1" 304 0
[17/May/2026 23:40:48] "GET /static/game/images/backgrounds/overview/overview-manager.png HTTP/1.1" 304 0
[17/May/2026 23:40:48] "GET /static/game/images/backgrounds/overview/overview-chat.png HTTP/1.1" 304 0
[17/May/2026 23:40:48] "GET /static/game/images/backgrounds/overview/overview-live.png HTTP/1.1" 304 0
[17/May/2026 23:40:48] "GET /static/game/images/backgrounds/overview/overview-stats.png HTTP/1.1" 304 0
[17/May/2026 23:40:48] "GET /static/game/images/backgrounds/overview/overview-news.png HTTP/1.1" 304 0
[17/May/2026 23:40:48] "GET /static/game/images/backgrounds/overview/overview-table.png HTTP/1.1" 304 0
[17/May/2026 23:40:48] "GET /static/game/images/backgrounds/overview/overview-transfer.png HTTP/1.1" 304 0
[17/May/2026 23:40:48] "GET /static/game/images/backgrounds/overview/overview-social.png HTTP/1.1" 304 0
[17/May/2026 23:50:09] "GET / HTTP/1.1" 200 47543
[17/May/2026 23:50:09] "GET /static/game/css/global-dashboard/overview-dashboard.css?v=overview-20260517-7 HTTP/1.1" 304 0
[17/May/2026 23:50:09] "GET /static/game/images/backgrounds/overview/overview-manager.png HTTP/1.1" 304 0
[17/May/2026 23:50:09] "GET /static/game/images/backgrounds/overview/overview-chat.png HTTP/1.1" 304 0
[17/May/2026 23:50:09] "GET /static/game/images/backgrounds/overview/overview-live.png HTTP/1.1" 304 0
[17/May/2026 23:50:09] "GET /static/game/images/backgrounds/overview/overview-transfer.png HTTP/1.1" 304 0
[17/May/2026 23:50:09] "GET /static/game/images/backgrounds/overview/overview-stats.png HTTP/1.1" 304 0
[17/May/2026 23:50:09] "GET /static/game/images/backgrounds/overview/overview-table.png HTTP/1.1" 304 0
[17/May/2026 23:50:09] "GET /static/game/images/backgrounds/overview/overview-news.png HTTP/1.1" 304 0
[17/May/2026 23:50:09] "GET /static/game/images/backgrounds/overview/overview-social.png HTTP/1.1" 304 0
[18/May/2026 00:01:59] "GET /clubs/ HTTP/1.1" 200 15744
[18/May/2026 00:02:00] "GET /clubs/3/ HTTP/1.1" 200 90353
[18/May/2026 00:02:03] "GET /players/552/ HTTP/1.1" 200 68066
[18/May/2026 00:02:31] "GET / HTTP/1.1" 200 47543
[18/May/2026 00:02:31] "GET /static/game/css/global-dashboard/overview-dashboard.css?v=overview-20260517-7 HTTP/1.1" 304 0
[18/May/2026 00:02:31] "GET /static/game/images/backgrounds/overview/overview-manager.png HTTP/1.1" 304 0
[18/May/2026 00:02:31] "GET /static/game/images/backgrounds/overview/overview-chat.png HTTP/1.1" 304 0
[18/May/2026 00:02:31] "GET /static/game/images/backgrounds/overview/overview-transfer.png HTTP/1.1" 304 0
[18/May/2026 00:02:31] "GET /static/game/images/backgrounds/overview/overview-news.png HTTP/1.1" 304 0
[18/May/2026 00:02:31] "GET /static/game/images/backgrounds/overview/overview-table.png HTTP/1.1" 304 0
[18/May/2026 00:02:31] "GET /static/game/images/backgrounds/overview/overview-social.png HTTP/1.1" 304 0
[18/May/2026 00:02:31] "GET /static/game/images/backgrounds/overview/overview-live.png HTTP/1.1" 304 0
[18/May/2026 00:02:31] "GET /static/game/images/backgrounds/overview/overview-stats.png HTTP/1.1" 304 0
[18/May/2026 00:09:49] "GET / HTTP/1.1" 200 47491
[18/May/2026 00:09:49] "GET /static/game/css/global-dashboard/overview-dashboard.css?v=overview-20260517-8 HTTP/1.1" 200 28083
[18/May/2026 00:18:20] "GET /?qa=1779056300584 HTTP/1.1" 200 47497
[18/May/2026 00:18:20] "GET /static/game/css/global-dashboard/overview-dashboard.css?v=overview-20260517-8 HTTP/1.1" 200 29835
[18/May/2026 00:18:21] "GET /static/game/images/backgrounds/overview/overview-manager.png HTTP/1.1" 304 0
[18/May/2026 00:18:21] "GET /static/game/images/backgrounds/overview/overview-chat.png HTTP/1.1" 304 0
[18/May/2026 00:18:21] "GET /static/game/images/backgrounds/overview/overview-transfer.png HTTP/1.1" 304 0
[18/May/2026 00:18:21] "GET /static/game/images/backgrounds/overview/overview-table.png HTTP/1.1" 304 0
[18/May/2026 00:18:21] "GET /static/game/images/backgrounds/overview/overview-news.png HTTP/1.1" 304 0
[18/May/2026 00:18:21] "GET /static/game/images/backgrounds/overview/overview-live.png HTTP/1.1" 304 0
[18/May/2026 00:18:21] "GET /static/game/images/backgrounds/overview/overview-social.png HTTP/1.1" 304 0
[18/May/2026 00:18:21] "GET /static/game/images/backgrounds/overview/overview-stats.png HTTP/1.1" 304 0
[18/May/2026 00:18:21] "GET /static/game/images/backgrounds/overview/overview-sim-news.png HTTP/1.1" 200 1370347
[18/May/2026 00:18:21] "GET /static/game/images/backgrounds/overview/overview-navigation.png HTTP/1.1" 200 1282276
[18/May/2026 00:21:31] "GET / HTTP/1.1" 200 47491
[18/May/2026 00:21:31] "GET /static/game/css/global-dashboard/overview-dashboard.css?v=overview-20260517-8 HTTP/1.1" 200 29835
[18/May/2026 00:21:31] "GET /static/game/css/global-dashboard/overview-dashboard.css HTTP/1.1" 200 29835
[18/May/2026 00:21:31] "GET /static/game/images/backgrounds/overview/overview-navigation.png HTTP/1.1" 200 1282276
[18/May/2026 00:21:31] "GET /static/game/images/backgrounds/overview/overview-manager.png HTTP/1.1" 304 0
[18/May/2026 00:21:31] "GET /static/game/images/backgrounds/overview/overview-chat.png HTTP/1.1" 304 0
[18/May/2026 00:21:31] "GET /static/game/images/backgrounds/overview/overview-transfer.png HTTP/1.1" 304 0
[18/May/2026 00:21:31] "GET /static/game/images/backgrounds/overview/overview-news.png HTTP/1.1" 304 0
[18/May/2026 00:21:31] "GET /static/game/images/backgrounds/overview/overview-social.png HTTP/1.1" 304 0
[18/May/2026 00:21:31] "GET /static/game/images/backgrounds/overview/overview-table.png HTTP/1.1" 304 0
[18/May/2026 00:21:31] "GET /static/game/images/backgrounds/overview/overview-live.png HTTP/1.1" 304 0
[18/May/2026 00:21:31] "GET /static/game/images/backgrounds/overview/overview-stats.png HTTP/1.1" 304 0
[18/May/2026 00:21:31] "GET /static/game/images/backgrounds/overview/overview-sim-news.png HTTP/1.1" 200 1370347
[18/May/2026 00:26:18] "GET /?qa=1779056778307 HTTP/1.1" 200 47497
[18/May/2026 00:26:18] "GET /static/game/css/global-dashboard/overview-dashboard.css?v=overview-20260517-8 HTTP/1.1" 304 0
[18/May/2026 00:26:18] "GET /static/game/css/global-dashboard/overview-dashboard.css HTTP/1.1" 200 29835
[18/May/2026 00:27:16] "GET / HTTP/1.1" 200 47491
[18/May/2026 00:27:16] "GET /static/game/css/global-dashboard/overview-dashboard.css?v=overview-20260517-8 HTTP/1.1" 304 0
[18/May/2026 00:27:16] "GET /static/game/css/global-dashboard/overview-dashboard.css HTTP/1.1" 304 0
[18/May/2026 00:27:17] "GET / HTTP/1.1" 200 47491
[18/May/2026 00:31:22] "GET / HTTP/1.1" 200 47491
[18/May/2026 00:31:22] "GET /static/game/css/global-dashboard.css HTTP/1.1" 304 0
[18/May/2026 00:31:22] "GET /static/game/css/global-dashboard/overview-dashboard.css?v=overview-20260517-8 HTTP/1.1" 200 30110
[18/May/2026 00:31:22] "GET /static/game/css/global-dashboard/layout-nav.css HTTP/1.1" 304 0
[18/May/2026 00:31:22] "GET /static/game/css/global-dashboard/overview-dashboard.css HTTP/1.1" 200 30110
[18/May/2026 00:31:22] "GET /static/game/images/backgrounds/overview/overview-navigation.png HTTP/1.1" 304 0
[18/May/2026 00:31:22] "GET /static/game/images/backgrounds/overview/overview-social.png HTTP/1.1" 304 0
[18/May/2026 00:31:22] "GET /static/game/images/backgrounds/overview/overview-table.png HTTP/1.1" 304 0
[18/May/2026 00:32:35] "GET /?qa=1779057154685 HTTP/1.1" 200 47497
[18/May/2026 00:32:35] "GET /static/game/css/global-dashboard.css HTTP/1.1" 304 0
[18/May/2026 00:32:35] "GET /static/game/css/global-dashboard/overview-dashboard.css?v=overview-20260517-8 HTTP/1.1" 200 30110
[18/May/2026 00:32:35] "GET /static/game/css/global-dashboard/overview-dashboard.css HTTP/1.1" 200 30110
[18/May/2026 00:32:35] "GET /static/game/images/backgrounds/overview/overview-navigation.png HTTP/1.1" 304 0
[18/May/2026 00:32:35] "GET /static/game/images/backgrounds/overview/overview-manager.png HTTP/1.1" 304 0
[18/May/2026 00:32:35] "GET /static/game/images/backgrounds/overview/overview-chat.png HTTP/1.1" 304 0
[18/May/2026 00:32:35] "GET /static/game/images/backgrounds/overview/overview-table.png HTTP/1.1" 304 0
[18/May/2026 00:32:35] "GET /static/game/images/backgrounds/overview/overview-news.png HTTP/1.1" 304 0
[18/May/2026 00:32:35] "GET /static/game/images/backgrounds/overview/overview-transfer.png HTTP/1.1" 304 0
[18/May/2026 00:32:35] "GET /static/game/images/backgrounds/overview/overview-sim-news.png HTTP/1.1" 304 0
[18/May/2026 00:32:35] "GET /static/game/images/backgrounds/overview/overview-live.png HTTP/1.1" 304 0
[18/May/2026 00:32:35] "GET /static/game/images/backgrounds/overview/overview-stats.png HTTP/1.1" 304 0
[18/May/2026 00:32:35] "GET /static/game/images/backgrounds/overview/overview-social.png HTTP/1.1" 304 0
[18/May/2026 00:33:05] "GET / HTTP/1.1" 200 47491
[18/May/2026 00:33:05] "GET /static/game/css/global-dashboard/overview-dashboard.css?v=overview-20260517-8 HTTP/1.1" 304 0
[18/May/2026 00:33:05] "GET /static/game/css/global-dashboard/overview-dashboard.css HTTP/1.1" 304 0
[18/May/2026 00:33:05] "GET /static/game/images/city/915.jpg HTTP/1.1" 304 0
[18/May/2026 00:33:05] "GET /static/game/images/backgrounds/overview/overview-manager.png HTTP/1.1" 304 0
[18/May/2026 00:33:05] "GET /static/game/images/backgrounds/overview/overview-chat.png HTTP/1.1" 304 0
[18/May/2026 00:33:05] "GET /static/game/images/backgrounds/overview/overview-live.png HTTP/1.1" 304 0
[18/May/2026 00:33:05] "GET /static/game/images/backgrounds/overview/overview-news.png HTTP/1.1" 304 0
[18/May/2026 00:33:05] "GET /static/game/images/backgrounds/overview/overview-transfer.png HTTP/1.1" 304 0
[18/May/2026 00:33:05] "GET /static/game/images/backgrounds/overview/overview-sim-news.png HTTP/1.1" 304 0
[18/May/2026 00:33:05] "GET /static/game/images/backgrounds/overview/overview-stats.png HTTP/1.1" 304 0
[18/May/2026 00:38:25] "GET / HTTP/1.1" 200 47491
[18/May/2026 00:38:25] "GET /static/game/css/global-dashboard/header.css HTTP/1.1" 304 0
[18/May/2026 00:38:25] "GET /static/game/css/global-dashboard/overview-dashboard.css?v=overview-20260517-8 HTTP/1.1" 304 0
[18/May/2026 00:38:25] "GET /static/game/css/global-dashboard/overview-dashboard.css HTTP/1.1" 304 0
[18/May/2026 00:38:26] "GET / HTTP/1.1" 200 47491
[18/May/2026 00:38:27] "GET / HTTP/1.1" 200 47491
[18/May/2026 00:40:53] "GET / HTTP/1.1" 200 47491
[18/May/2026 00:40:53] "GET /static/game/css/global-dashboard/overview-dashboard.css?v=overview-20260517-8 HTTP/1.1" 304 0
[18/May/2026 00:40:53] "GET /static/game/css/global-dashboard/overview-dashboard.css HTTP/1.1" 304 0
[18/May/2026 00:40:54] "GET / HTTP/1.1" 200 47491
[18/May/2026 00:41:41] "GET /clubs/ HTTP/1.1" 200 15744
[18/May/2026 00:41:43] "GET /clubs/3/ HTTP/1.1" 200 90353
[18/May/2026 00:41:51] "GET /players/530/ HTTP/1.1" 200 26616
[18/May/2026 00:41:51] "GET /static/game/images/nations/federations/771.png HTTP/1.1" 200 134589
[18/May/2026 00:44:25] "GET / HTTP/1.1" 200 47494
[18/May/2026 00:44:25] "GET /static/game/css/global-dashboard/header.css HTTP/1.1" 200 6266
[18/May/2026 00:44:25] "GET /static/game/css/global-dashboard.css HTTP/1.1" 200 265
[18/May/2026 00:44:25] "GET /players/552 HTTP/1.1" 301 0
[18/May/2026 00:44:25] "GET /players/552?awards_page=2 HTTP/1.1" 301 0
[18/May/2026 00:44:25] "GET /players/552?awards_page=1 HTTP/1.1" 301 0
[18/May/2026 00:44:25] "GET /players/552?awards_page=2&asset_reload=1778773860 HTTP/1.1" 301 0
[18/May/2026 00:44:25] "GET /players/552?awards_page=2&asset_reload=1778773076 HTTP/1.1" 301 0
[18/May/2026 00:44:25] "GET /players/552/?awards_page=2 HTTP/1.1" 200 68010
[18/May/2026 00:44:25] "GET /players/552/?awards_page=1 HTTP/1.1" 200 68069
[18/May/2026 00:44:25] "GET /players/552/?awards_page=2&asset_reload=1778773860 HTTP/1.1" 200 68010
[18/May/2026 00:44:25] "GET /players/552/?awards_page=2&asset_reload=1778773076 HTTP/1.1" 200 68010
[18/May/2026 00:44:25] "GET /players/552/ HTTP/1.1" 200 68069
[18/May/2026 00:44:46] "GET / HTTP/1.1" 200 47494
[18/May/2026 00:44:46] "GET /static/game/css/global-dashboard.css HTTP/1.1" 200 265
[18/May/2026 00:44:46] "GET /static/game/css/global-dashboard/overview-dashboard.css?v=overview-20260517-8 HTTP/1.1" 200 30110
[18/May/2026 00:44:46] "GET /static/game/css/global-dashboard/header.css HTTP/1.1" 304 0
[18/May/2026 00:44:46] "GET /static/game/images/default_player.png HTTP/1.1" 304 0
[18/May/2026 00:44:46] "GET /static/game/images/icons/sidebar/uebersicht.svg HTTP/1.1" 304 0
[18/May/2026 00:44:46] "GET /static/game/images/icons/sidebar/kader.svg HTTP/1.1" 304 0
[18/May/2026 00:44:46] "GET /static/game/images/icons/sidebar/verein.svg HTTP/1.1" 304 0
[18/May/2026 00:44:46] "GET /static/game/css/global-dashboard/dashboard-cards.css HTTP/1.1" 304 0
[18/May/2026 00:44:46] "GET /static/game/images/icons/sidebar/taktik.svg HTTP/1.1" 304 0
[18/May/2026 00:44:46] "GET /static/game/css/global-dashboard/tables-lists.css HTTP/1.1" 304 0
[18/May/2026 00:44:46] "GET /static/game/css/global-dashboard/responsive.css HTTP/1.1" 304 0
[18/May/2026 00:44:46] "GET /static/game/css/global-dashboard/layout-nav.css HTTP/1.1" 304 0
[18/May/2026 00:44:46] "GET /static/game/css/global-dashboard/overview-dashboard.css HTTP/1.1" 200 30110
[18/May/2026 00:44:46] "GET /static/game/images/icons/sidebar/transfers.svg HTTP/1.1" 304 0
[18/May/2026 00:44:46] "GET /static/game/images/icons/sidebar/scouting.svg HTTP/1.1" 304 0
[18/May/2026 00:44:46] "GET /static/game/images/icons/sidebar/jugend.svg HTTP/1.1" 304 0
[18/May/2026 00:44:46] "GET /static/game/images/icons/sidebar/wettbewerbe.svg HTTP/1.1" 304 0
[18/May/2026 00:44:46] "GET /static/game/images/icons/sidebar/mitarbeiter.svg HTTP/1.1" 304 0
[18/May/2026 00:44:46] "GET /static/game/images/players/29221846.svg HTTP/1.1" 304 0
[18/May/2026 00:44:46] "GET /static/game/images/players/28049320.png HTTP/1.1" 304 0
[18/May/2026 00:44:46] "GET /static/game/images/icons/stat-goals.svg HTTP/1.1" 304 0
[18/May/2026 00:44:46] "GET /static/game/images/flags/771.svg HTTP/1.1" 304 0
[18/May/2026 00:44:46] "GET /static/game/images/players/16279486.svg HTTP/1.1" 304 0
[18/May/2026 00:44:46] "GET /static/game/images/players/92088306.svg HTTP/1.1" 304 0
[18/May/2026 00:44:46] "GET /static/game/images/players/28113827.svg HTTP/1.1" 304 0
[18/May/2026 00:44:46] "GET /static/game/images/backgrounds/player-profile-stadium-atmosphere.svg HTTP/1.1" 304 0
[18/May/2026 00:44:46] "GET /static/game/images/stadiums/germany/b-dortmund.jpg HTTP/1.1" 304 0
[18/May/2026 00:44:46] "GET /static/game/images/city/915.jpg HTTP/1.1" 200 55646
[18/May/2026 00:44:46] "GET /static/game/images/stadiums/germany/fc-bayern.jpg HTTP/1.1" 200 208463
[18/May/2026 00:44:46] "GET /static/game/images/backgrounds/overview/overview-navigation.png HTTP/1.1" 200 1282276
[18/May/2026 00:44:46] "GET /static/game/images/backgrounds/overview/overview-chat.png HTTP/1.1" 200 1298364
[18/May/2026 00:44:46] "GET /static/game/images/backgrounds/overview/overview-transfer.png HTTP/1.1" 200 1276956
[18/May/2026 00:44:46] "GET /static/game/images/backgrounds/overview/overview-table.png HTTP/1.1" 200 1373315
[18/May/2026 00:44:46] "GET /static/game/images/backgrounds/overview/overview-manager.png HTTP/1.1" 200 1781080
[18/May/2026 00:44:46] "GET /static/game/images/backgrounds/overview/overview-news.png HTTP/1.1" 200 1539822
[18/May/2026 00:44:46] "GET /static/game/images/backgrounds/overview/overview-sim-news.png HTTP/1.1" 200 1370347
[18/May/2026 00:44:46] "GET /static/game/images/backgrounds/overview/overview-social.png HTTP/1.1" 200 1375532
[18/May/2026 00:44:46] "GET /static/game/images/backgrounds/overview/overview-live.png HTTP/1.1" 200 1377367
[18/May/2026 00:44:46] "GET /static/game/images/backgrounds/overview/overview-stats.png HTTP/1.1" 200 1422550
[18/May/2026 00:44:48] "GET /clubs/ HTTP/1.1" 200 15747
[18/May/2026 00:44:50] "GET /clubs/3/ HTTP/1.1" 200 90356
[18/May/2026 00:44:50] "GET /static/game/images/players/92039023.svg HTTP/1.1" 304 0
[18/May/2026 00:44:50] "GET /static/game/images/players/28124579.svg HTTP/1.1" 304 0
[18/May/2026 00:44:50] "GET /static/game/images/players/76049803.svg HTTP/1.1" 304 0
[18/May/2026 00:44:50] "GET /static/game/images/players/16182894.svg HTTP/1.1" 304 0
[18/May/2026 00:44:50] "GET /static/game/images/players/91119700.svg HTTP/1.1" 304 0
[18/May/2026 00:44:50] "GET /static/game/images/players/20041862.svg HTTP/1.1" 304 0
[18/May/2026 00:44:50] "GET /static/game/images/kits/915_home.svg HTTP/1.1" 304 0
[18/May/2026 00:44:50] "GET /static/game/images/kits/915_away.svg HTTP/1.1" 304 0
[18/May/2026 00:44:50] "GET /static/game/images/kits/915_third.svg HTTP/1.1" 304 0
[18/May/2026 00:44:50] "GET /static/game/images/players/2000171034.svg HTTP/1.1" 304 0
[18/May/2026 00:44:50] "GET /static/game/images/players/2000262633.svg HTTP/1.1" 304 0
[18/May/2026 00:44:50] "GET /static/game/images/flags/802.svg HTTP/1.1" 304 0
[18/May/2026 00:44:50] "GET /static/game/images/players/45109024.svg HTTP/1.1" 304 0
[18/May/2026 00:44:50] "GET /static/game/images/flags/116.svg HTTP/1.1" 304 0
[18/May/2026 00:44:50] "GET /static/game/images/flags/24.svg HTTP/1.1" 304 0
[18/May/2026 00:44:50] "GET /static/game/images/flags/135.svg HTTP/1.1" 304 0
[18/May/2026 00:44:50] "GET /static/game/images/flags/788.svg HTTP/1.1" 304 0
[18/May/2026 00:44:50] "GET /static/game/images/players/89063073.svg HTTP/1.1" 304 0
[18/May/2026 00:44:50] "GET /static/game/images/flags/769.svg HTTP/1.1" 304 0
[18/May/2026 00:44:50] "GET /static/game/images/flags/364.svg HTTP/1.1" 304 0
[18/May/2026 00:44:50] "GET /static/game/images/flags/23.svg HTTP/1.1" 304 0
[18/May/2026 00:44:50] "GET /static/game/images/players/85045409.svg HTTP/1.1" 304 0
[18/May/2026 00:44:50] "GET /static/game/images/flags/27.svg HTTP/1.1" 304 0
[18/May/2026 00:44:50] "GET /static/game/images/players/2000375662.svg HTTP/1.1" 304 0
[18/May/2026 00:44:50] "GET /static/game/images/flags/1653.svg HTTP/1.1" 304 0
[18/May/2026 00:44:50] "GET /static/game/images/flags/765.svg HTTP/1.1" 304 0
[18/May/2026 00:44:50] "GET /static/game/images/players/91190673.svg HTTP/1.1" 304 0
[18/May/2026 00:44:50] "GET /static/game/images/players/28066083.svg HTTP/1.1" 304 0
[18/May/2026 00:44:50] "GET /static/game/images/flags/755.svg HTTP/1.1" 304 0
[18/May/2026 00:44:50] "GET /static/game/images/players/12087972.svg HTTP/1.1" 304 0
[18/May/2026 00:44:50] "GET /static/game/images/flags/761.svg HTTP/1.1" 304 0
[18/May/2026 00:44:50] "GET /static/game/images/players/16147659.svg HTTP/1.1" 304 0
[18/May/2026 00:44:50] "GET /static/game/images/flags/41.svg HTTP/1.1" 304 0
[18/May/2026 00:44:50] "GET /static/game/images/flags/789.svg HTTP/1.1" 304 0
[18/May/2026 00:44:50] "GET /static/game/images/players/2000259380.svg HTTP/1.1" 304 0
[18/May/2026 00:44:50] "GET /static/game/images/flags/20.svg HTTP/1.1" 304 0
[18/May/2026 00:44:50] "GET /static/game/images/players/35008097.svg HTTP/1.1" 304 0
[18/May/2026 00:44:50] "GET /static/game/images/players/8718372.svg HTTP/1.1" 304 0
[18/May/2026 00:44:50] "GET /static/game/images/players/2000147056.svg HTTP/1.1" 304 0
[18/May/2026 00:44:50] "GET /static/game/images/players/91104807.svg HTTP/1.1" 304 0
[18/May/2026 00:44:50] "GET /static/game/images/players/91207698.svg HTTP/1.1" 304 0
[18/May/2026 00:44:50] "GET /static/game/images/default_player.svg HTTP/1.1" 304 0
[18/May/2026 00:45:52] "GET / HTTP/1.1" 200 47734
[18/May/2026 00:45:53] "GET /static/game/css/global-dashboard/header.css HTTP/1.1" 304 0
[18/May/2026 00:45:53] "GET /static/game/css/global-dashboard/overview-dashboard.css?v=overview-20260517-8 HTTP/1.1" 304 0
[18/May/2026 00:45:53] "GET /static/game/css/global-dashboard/layout-nav.css HTTP/1.1" 200 21152
[18/May/2026 00:45:53] "GET /static/game/css/global-dashboard/overview-dashboard.css HTTP/1.1" 304 0
[18/May/2026 00:45:53] "GET /static/game/images/backgrounds/overview/overview-navigation.png HTTP/1.1" 304 0
[18/May/2026 00:45:53] "GET /static/game/images/backgrounds/overview/overview-manager.png HTTP/1.1" 304 0
[18/May/2026 00:45:53] "GET /static/game/images/backgrounds/overview/overview-chat.png HTTP/1.1" 304 0
[18/May/2026 00:45:53] "GET /static/game/images/backgrounds/overview/overview-transfer.png HTTP/1.1" 304 0
[18/May/2026 00:45:53] "GET /static/game/images/backgrounds/overview/overview-table.png HTTP/1.1" 304 0
[18/May/2026 00:45:53] "GET /static/game/images/backgrounds/overview/overview-news.png HTTP/1.1" 304 0
[18/May/2026 00:45:53] "GET /static/game/images/backgrounds/overview/overview-sim-news.png HTTP/1.1" 304 0
[18/May/2026 00:45:53] "GET /static/game/images/backgrounds/overview/overview-social.png HTTP/1.1" 304 0
[18/May/2026 00:45:53] "GET /static/game/images/backgrounds/overview/overview-stats.png HTTP/1.1" 304 0
[18/May/2026 00:45:53] "GET /static/game/images/backgrounds/overview/overview-live.png HTTP/1.1" 304 0
[18/May/2026 00:47:41] "GET / HTTP/1.1" 200 47734
[18/May/2026 00:47:41] "GET /static/game/css/global-dashboard/overview-dashboard.css?v=overview-20260517-8 HTTP/1.1" 304 0
[18/May/2026 00:47:41] "GET /static/game/css/global-dashboard/overview-dashboard.css HTTP/1.1" 304 0
[18/May/2026 00:47:41] "GET /static/game/images/backgrounds/overview/overview-manager.png HTTP/1.1" 304 0
[18/May/2026 00:47:41] "GET /static/game/images/backgrounds/overview/overview-chat.png HTTP/1.1" 304 0
[18/May/2026 00:47:41] "GET /static/game/images/backgrounds/overview/overview-transfer.png HTTP/1.1" 304 0
[18/May/2026 00:47:41] "GET /static/game/images/backgrounds/overview/overview-social.png HTTP/1.1" 304 0
[18/May/2026 00:47:41] "GET /static/game/images/backgrounds/overview/overview-table.png HTTP/1.1" 304 0
[18/May/2026 00:47:41] "GET /static/game/images/backgrounds/overview/overview-live.png HTTP/1.1" 304 0
[18/May/2026 00:47:41] "GET /static/game/images/backgrounds/overview/overview-news.png HTTP/1.1" 304 0
[18/May/2026 00:47:41] "GET /static/game/images/backgrounds/overview/overview-sim-news.png HTTP/1.1" 304 0
[18/May/2026 00:47:41] "GET /static/game/images/backgrounds/overview/overview-stats.png HTTP/1.1" 304 0
[18/May/2026 00:49:10] "GET / HTTP/1.1" 200 47734
[18/May/2026 00:49:11] "GET / HTTP/1.1" 200 47734
[18/May/2026 00:49:12] "GET / HTTP/1.1" 200 47734
[18/May/2026 00:49:18] "GET / HTTP/1.1" 200 47734
[18/May/2026 00:49:19] "GET / HTTP/1.1" 200 47734
[18/May/2026 00:49:20] "GET / HTTP/1.1" 200 47734
[18/May/2026 00:49:20] "GET /static/game/css/global-dashboard.css HTTP/1.1" 200 265
[18/May/2026 00:49:20] "GET /static/game/css/global-dashboard/header.css HTTP/1.1" 200 6266
[18/May/2026 00:49:20] "GET /static/game/images/default_player.png HTTP/1.1" 200 527
[18/May/2026 00:49:20] "GET /static/game/images/flags/771.svg HTTP/1.1" 200 1599
[18/May/2026 00:49:20] "GET /static/game/images/icons/sidebar/uebersicht.svg HTTP/1.1" 200 360
[18/May/2026 00:49:20] "GET /static/game/images/icons/sidebar/verein.svg HTTP/1.1" 200 386
[18/May/2026 00:49:20] "GET /static/game/css/global-dashboard/overview-dashboard.css?v=overview-20260517-8 HTTP/1.1" 200 30110
[18/May/2026 00:49:20] "GET /static/game/images/icons/sidebar/kader.svg HTTP/1.1" 200 615
[18/May/2026 00:49:20] "GET /static/game/css/global-dashboard/responsive.css HTTP/1.1" 200 5122
[18/May/2026 00:49:20] "GET /static/game/css/global-dashboard/dashboard-cards.css HTTP/1.1" 200 12891
[18/May/2026 00:49:20] "GET /static/game/css/global-dashboard/layout-nav.css HTTP/1.1" 200 21152
[18/May/2026 00:49:20] "GET /static/game/css/global-dashboard/tables-lists.css HTTP/1.1" 200 9923
[18/May/2026 00:49:20] "GET /static/game/css/global-dashboard/overview-dashboard.css HTTP/1.1" 200 30110
[18/May/2026 00:49:20] "GET /static/game/images/icons/sidebar/taktik.svg HTTP/1.1" 200 530
[18/May/2026 00:49:20] "GET /static/game/images/icons/sidebar/transfers.svg HTTP/1.1" 200 497
[18/May/2026 00:49:20] "GET /static/game/images/icons/sidebar/jugend.svg HTTP/1.1" 200 392
[18/May/2026 00:49:20] "GET /static/game/images/icons/sidebar/wettbewerbe.svg HTTP/1.1" 200 432
[18/May/2026 00:49:20] "GET /static/game/images/icons/sidebar/scouting.svg HTTP/1.1" 200 423
[18/May/2026 00:49:20] "GET /static/game/images/icons/sidebar/mitarbeiter.svg HTTP/1.1" 200 522
[18/May/2026 00:49:20] "GET /static/game/images/competitions/bundesliga.png HTTP/1.1" 200 22675
[18/May/2026 00:49:20] "GET /static/game/images/crests/907.png HTTP/1.1" 200 34735
[18/May/2026 00:49:20] "GET /static/game/images/crests/915.png HTTP/1.1" 200 148470
[18/May/2026 00:49:20] "GET /static/game/images/players/29221846.svg HTTP/1.1" 200 55001
[18/May/2026 00:49:20] "GET /static/game/images/players/28049320.png HTTP/1.1" 200 79774
[18/May/2026 00:49:20] "GET /static/game/images/icons/stat-goals.svg HTTP/1.1" 200 1058
[18/May/2026 00:49:20] "GET /static/game/images/players/92088306.svg HTTP/1.1" 200 35485
[18/May/2026 00:49:20] "GET /static/game/images/players/16279486.svg HTTP/1.1" 200 51445
[18/May/2026 00:49:20] "GET /static/game/images/backgrounds/player-profile-stadium-atmosphere.svg HTTP/1.1" 200 5840
[18/May/2026 00:49:20] "GET /static/game/images/players/28113827.svg HTTP/1.1" 200 40857
[18/May/2026 00:49:20] "GET /static/game/images/city/915.jpg HTTP/1.1" 200 55646
[18/May/2026 00:49:20] "GET /static/game/images/stadiums/germany/b-dortmund.jpg HTTP/1.1" 200 149529
[18/May/2026 00:49:20] "GET /static/game/images/stadiums/germany/fc-bayern.jpg HTTP/1.1" 200 208463
[18/May/2026 00:49:20] "GET /static/game/images/backgrounds/overview/overview-navigation.png HTTP/1.1" 200 1282276
[18/May/2026 00:49:20] "GET /static/game/images/backgrounds/overview/overview-chat.png HTTP/1.1" 200 1298364
[18/May/2026 00:49:20] "GET /static/game/images/backgrounds/overview/overview-transfer.png HTTP/1.1" 200 1276956
[18/May/2026 00:49:20] "GET /static/game/images/backgrounds/overview/overview-table.png HTTP/1.1" 200 1373315
[18/May/2026 00:49:20] "GET /static/game/images/backgrounds/overview/overview-manager.png HTTP/1.1" 200 1781080
[18/May/2026 00:49:20] "GET /static/game/images/backgrounds/overview/overview-news.png HTTP/1.1" 200 1539822
[18/May/2026 00:49:20] "GET /static/game/images/backgrounds/overview/overview-sim-news.png HTTP/1.1" 200 1370347
[18/May/2026 00:49:20] "GET /static/game/images/backgrounds/overview/overview-live.png HTTP/1.1" 200 1377367
[18/May/2026 00:49:20] "GET /static/game/images/backgrounds/overview/overview-social.png HTTP/1.1" 200 1542629
[18/May/2026 00:49:20] "GET /static/game/images/backgrounds/overview/overview-stats.png HTTP/1.1" 200 1422550
[18/May/2026 00:49:20] "GET /static/game/images/brand/favicon-32.png HTTP/1.1" 200 1969
[18/May/2026 00:49:49] "GET / HTTP/1.1" 200 47734
[18/May/2026 00:49:49] "GET /static/game/css/global-dashboard.css HTTP/1.1" 200 265
[18/May/2026 00:49:49] "GET /static/game/images/flags/771.svg HTTP/1.1" 200 1599
[18/May/2026 00:49:49] "GET /static/game/images/default_player.png HTTP/1.1" 200 527
[18/May/2026 00:49:49] "GET /static/game/images/icons/sidebar/uebersicht.svg HTTP/1.1" 200 360
[18/May/2026 00:49:49] "GET /static/game/css/global-dashboard/header.css HTTP/1.1" 200 6266
[18/May/2026 00:49:49] "GET /static/game/css/global-dashboard/overview-dashboard.css?v=overview-20260517-8 HTTP/1.1" 200 30110
[18/May/2026 00:49:49] "GET /static/game/images/icons/sidebar/verein.svg HTTP/1.1" 200 386
[18/May/2026 00:49:50] "GET /static/game/css/global-dashboard/layout-nav.css HTTP/1.1" 200 21152
[18/May/2026 00:49:50] "GET /static/game/css/global-dashboard/dashboard-cards.css HTTP/1.1" 200 12891
[18/May/2026 00:49:50] "GET /static/game/images/icons/sidebar/kader.svg HTTP/1.1" 200 615
[18/May/2026 00:49:50] "GET /static/game/css/global-dashboard/tables-lists.css HTTP/1.1" 200 9923
[18/May/2026 00:49:50] "GET /static/game/css/global-dashboard/responsive.css HTTP/1.1" 200 5122
[18/May/2026 00:49:50] "GET /static/game/css/global-dashboard/overview-dashboard.css HTTP/1.1" 200 30110
[18/May/2026 00:49:50] "GET /static/game/images/icons/sidebar/taktik.svg HTTP/1.1" 200 530
[18/May/2026 00:49:50] "GET /static/game/images/icons/sidebar/transfers.svg HTTP/1.1" 200 497
[18/May/2026 00:49:50] "GET /static/game/images/icons/sidebar/scouting.svg HTTP/1.1" 200 423
[18/May/2026 00:49:50] "GET /static/game/images/icons/sidebar/jugend.svg HTTP/1.1" 200 392
[18/May/2026 00:49:50] "GET /static/game/images/icons/sidebar/mitarbeiter.svg HTTP/1.1" 200 522
[18/May/2026 00:49:50] "GET /static/game/images/icons/sidebar/wettbewerbe.svg HTTP/1.1" 200 432
[18/May/2026 00:49:50] "GET /static/game/images/crests/907.png HTTP/1.1" 200 34735
[18/May/2026 00:49:50] "GET /static/game/images/competitions/bundesliga.png HTTP/1.1" 200 22675
[18/May/2026 00:49:50] "GET /static/game/images/players/28049320.png HTTP/1.1" 200 79774
[18/May/2026 00:49:50] "GET /static/game/images/crests/915.png HTTP/1.1" 200 148470
[18/May/2026 00:49:50] "GET /static/game/images/icons/stat-goals.svg HTTP/1.1" 200 1058
[18/May/2026 00:49:50] "GET /static/game/images/players/92088306.svg HTTP/1.1" 200 35485
[18/May/2026 00:49:50] "GET /static/game/images/players/29221846.svg HTTP/1.1" 200 55001
[18/May/2026 00:49:50] "GET /static/game/images/backgrounds/player-profile-stadium-atmosphere.svg HTTP/1.1" 200 5840
[18/May/2026 00:49:50] "GET /static/game/images/city/915.jpg HTTP/1.1" 200 55646
[18/May/2026 00:49:50] "GET /static/game/images/stadiums/germany/fc-bayern.jpg HTTP/1.1" 200 208463
[18/May/2026 00:49:50] "GET /static/game/images/players/16279486.svg HTTP/1.1" 200 51445
[18/May/2026 00:49:50] "GET /static/game/images/stadiums/germany/b-dortmund.jpg HTTP/1.1" 200 149529
[18/May/2026 00:49:50] "GET /static/game/images/players/28113827.svg HTTP/1.1" 200 40857
[18/May/2026 00:49:50] "GET /static/game/images/backgrounds/overview/overview-chat.png HTTP/1.1" 200 1298364
[18/May/2026 00:49:50] "GET /static/game/images/backgrounds/overview/overview-transfer.png HTTP/1.1" 200 1276956
[18/May/2026 00:49:50] "GET /static/game/images/backgrounds/overview/overview-table.png HTTP/1.1" 200 1373315
[18/May/2026 00:49:50] "GET /static/game/images/backgrounds/overview/overview-navigation.png HTTP/1.1" 200 1282276
[18/May/2026 00:49:50] "GET /static/game/images/backgrounds/overview/overview-manager.png HTTP/1.1" 200 1781080
[18/May/2026 00:49:50] "GET /static/game/images/backgrounds/overview/overview-news.png HTTP/1.1" 200 1539822
[18/May/2026 00:49:50] "GET /static/game/images/backgrounds/overview/overview-sim-news.png HTTP/1.1" 200 1370347
[18/May/2026 00:49:50] "GET /static/game/images/backgrounds/overview/overview-live.png HTTP/1.1" 200 1377367
[18/May/2026 00:49:50] "GET /static/game/images/backgrounds/overview/overview-stats.png HTTP/1.1" 200 1422550
[18/May/2026 00:49:50] "GET /static/game/images/backgrounds/overview/overview-social.png HTTP/1.1" 200 1542629
[18/May/2026 00:49:50] "GET /static/game/images/brand/favicon-32.png HTTP/1.1" 200 1969
[18/May/2026 00:54:09] "GET / HTTP/1.1" 200 47734
[18/May/2026 00:54:09] "GET /static/game/css/global-dashboard/overview-dashboard.css?v=overview-20260517-8 HTTP/1.1" 304 0
[18/May/2026 00:54:09] "GET /static/game/css/global-dashboard/layout-nav.css HTTP/1.1" 304 0
[18/May/2026 00:54:09] "GET /static/game/css/global-dashboard/overview-dashboard.css HTTP/1.1" 304 0
[18/May/2026 00:54:09] "GET /static/game/images/backgrounds/overview/overview-social.png HTTP/1.1" 200 1515374
[18/May/2026 00:59:24] "GET / HTTP/1.1" 200 47786
[18/May/2026 00:59:24] "GET /static/game/css/global-dashboard/overview-dashboard.css?v=overview-20260517-9 HTTP/1.1" 200 30091
[18/May/2026 00:59:24] "GET /static/game/css/global-dashboard/layout-nav.css HTTP/1.1" 304 0
[18/May/2026 00:59:24] "GET /static/game/css/global-dashboard/overview-dashboard.css HTTP/1.1" 200 30091
[18/May/2026 00:59:24] "GET /static/game/images/backgrounds/overview/overview-social.png?v=2 HTTP/1.1" 200 1515374
[18/May/2026 00:59:38] "GET /?qa=1779058778089 HTTP/1.1" 200 47786
[18/May/2026 00:59:38] "GET /static/game/css/global-dashboard/overview-dashboard.css?v=overview-20260517-9 HTTP/1.1" 200 30091
[18/May/2026 00:59:38] "GET /static/game/css/global-dashboard/layout-nav.css HTTP/1.1" 304 0
[18/May/2026 00:59:38] "GET /static/game/css/global-dashboard/overview-dashboard.css HTTP/1.1" 200 30091
[18/May/2026 00:59:38] "GET /static/game/images/backgrounds/overview/overview-navigation.png HTTP/1.1" 304 0
[18/May/2026 00:59:38] "GET /static/game/images/city/915.jpg HTTP/1.1" 304 0
[18/May/2026 00:59:38] "GET /static/game/images/backgrounds/overview/overview-chat.png HTTP/1.1" 304 0
[18/May/2026 00:59:38] "GET /static/game/images/backgrounds/overview/overview-table.png HTTP/1.1" 304 0
[18/May/2026 00:59:38] "GET /static/game/images/backgrounds/overview/overview-transfer.png HTTP/1.1" 304 0
[18/May/2026 00:59:38] "GET /static/game/images/backgrounds/overview/overview-news.png HTTP/1.1" 304 0
[18/May/2026 00:59:38] "GET /static/game/images/backgrounds/overview/overview-sim-news.png HTTP/1.1" 304 0
[18/May/2026 00:59:38] "GET /static/game/images/backgrounds/overview/overview-live.png HTTP/1.1" 304 0
[18/May/2026 00:59:38] "GET /static/game/images/backgrounds/overview/overview-stats.png HTTP/1.1" 304 0
[18/May/2026 00:59:38] "GET /static/game/images/backgrounds/overview/overview-social.png?v=2 HTTP/1.1" 200 1515374
C:\Users\mashu\Documents\Codex\Websoccer\Websoccer\game\views.py changed, reloading.
Watching for file changes with StatReloader
C:\Users\mashu\Documents\Codex\Websoccer\Websoccer\game\views.py changed, reloading.
Watching for file changes with StatReloader
C:\Users\mashu\Documents\Codex\Websoccer\Websoccer\game\views.py changed, reloading.
Watching for file changes with StatReloader
C:\Users\mashu\Documents\Codex\Websoccer\Websoccer\game\views.py changed, reloading.
Watching for file changes with StatReloader
[18/May/2026 01:03:43] "GET /admin/game/player/ HTTP/1.1" 200 106471
[18/May/2026 01:03:43] "GET /static/admin/css/base.css HTTP/1.1" 304 0
[18/May/2026 01:03:43] "GET /static/admin/css/dark_mode.css HTTP/1.1" 304 0
[18/May/2026 01:03:43] "GET /static/admin/js/theme.js HTTP/1.1" 304 0
[18/May/2026 01:03:43] "GET /static/admin/js/vendor/jquery/jquery.js HTTP/1.1" 304 0
[18/May/2026 01:03:43] "GET /static/admin/css/responsive.css HTTP/1.1" 304 0
[18/May/2026 01:03:43] "GET /static/admin/css/nav_sidebar.css HTTP/1.1" 304 0
[18/May/2026 01:03:43] "GET /static/admin/js/jquery.init.js HTTP/1.1" 304 0
[18/May/2026 01:03:43] "GET /static/admin/js/core.js HTTP/1.1" 304 0
[18/May/2026 01:03:43] "GET /static/admin/js/admin/RelatedObjectLookups.js HTTP/1.1" 304 0
[18/May/2026 01:03:43] "GET /static/admin/js/actions.js HTTP/1.1" 304 0
[18/May/2026 01:03:43] "GET /static/admin/js/vendor/xregexp/xregexp.js HTTP/1.1" 304 0
[18/May/2026 01:03:43] "GET /static/admin/js/prepopulate.js HTTP/1.1" 304 0
[18/May/2026 01:03:43] "GET /static/admin/js/urlify.js HTTP/1.1" 304 0
[18/May/2026 01:03:43] "GET /admin/jsi18n/ HTTP/1.1" 200 8351
[18/May/2026 01:03:43] "GET /static/admin/img/search.svg HTTP/1.1" 200 607
[18/May/2026 01:03:43] "GET /static/admin/js/nav_sidebar.js HTTP/1.1" 304 0
[18/May/2026 01:03:43] "GET /static/admin/js/filters.js HTTP/1.1" 200 978
[18/May/2026 01:03:43] "GET /static/game/images/default_player.svg HTTP/1.1" 304 0
[18/May/2026 01:03:43] "GET /static/game/images/players/83228802.svg HTTP/1.1" 200 57229
[18/May/2026 01:03:43] "GET /static/game/images/players/91207281.svg HTTP/1.1" 200 41509
[18/May/2026 01:03:43] "GET /static/game/images/players/85111795.svg HTTP/1.1" 200 41029
[18/May/2026 01:03:43] "GET /static/game/images/players/2000338374.svg HTTP/1.1" 200 40631
[18/May/2026 01:03:43] "GET /static/admin/css/changelists.css HTTP/1.1" 200 7498
[18/May/2026 01:03:43] "GET /static/game/images/players/91119265.svg HTTP/1.1" 200 41449
[18/May/2026 01:03:43] "GET /static/game/images/players/19383257.svg HTTP/1.1" 200 42157
[18/May/2026 01:03:43] "GET /static/game/images/players/16045721.svg HTTP/1.1" 200 45497
[18/May/2026 01:03:43] "GET /static/game/images/players/53113114.svg HTTP/1.1" 200 46297
[18/May/2026 01:03:43] "GET /static/game/images/players/91139869.svg HTTP/1.1" 200 36853
[18/May/2026 01:03:43] "GET /static/game/images/players/28127875.svg HTTP/1.1" 200 49089
[18/May/2026 01:03:43] "GET /static/game/images/players/2000180861.svg HTTP/1.1" 200 37711
[18/May/2026 01:03:43] "GET /static/game/images/players/2000205927.svg HTTP/1.1" 200 44139
[18/May/2026 01:03:43] "GET /static/game/images/players/92021718.svg HTTP/1.1" 200 40737
[18/May/2026 01:03:43] "GET /static/game/images/players/93123163.svg HTTP/1.1" 200 41897
[18/May/2026 01:03:43] "GET /static/game/images/players/12038706.svg HTTP/1.1" 200 43361
[18/May/2026 01:03:43] "GET /static/game/images/players/91107360.svg HTTP/1.1" 200 41097
[18/May/2026 01:03:43] "GET /static/game/images/players/2000121585.svg HTTP/1.1" 200 42219
[18/May/2026 01:03:43] "GET /static/game/images/players/2000333549.svg HTTP/1.1" 200 36963
[18/May/2026 01:03:43] "GET /static/game/images/players/91100472.svg HTTP/1.1" 200 41357
[18/May/2026 01:03:43] "GET /static/game/images/players/91137493.svg HTTP/1.1" 200 41633
[18/May/2026 01:03:43] "GET /static/game/images/players/2000069555.svg HTTP/1.1" 200 35103
[18/May/2026 01:03:43] "GET /static/game/images/players/91018450.svg HTTP/1.1" 200 43069
[18/May/2026 01:03:43] "GET /static/game/images/players/98040383.svg HTTP/1.1" 200 45101
Not Found: /favicon.ico
[18/May/2026 01:03:43] "GET /favicon.ico HTTP/1.1" 404 3573
[18/May/2026 01:03:46] "GET /admin/game/playerawardtitle/ HTTP/1.1" 200 22128
[18/May/2026 01:03:46] "GET /admin/jsi18n/ HTTP/1.1" 200 8351
C:\Users\mashu\Documents\Codex\Websoccer\Websoccer\game\club_profile.py changed, reloading.
Watching for file changes with StatReloader
[18/May/2026 01:03:49] "GET /admin/game/playerseasonstat/ HTTP/1.1" 200 24899
[18/May/2026 01:03:49] "GET /admin/jsi18n/ HTTP/1.1" 200 8351
[18/May/2026 01:03:49] "GET /static/admin/img/sorting-icons.svg HTTP/1.1" 200 1761
[18/May/2026 01:03:51] "GET /admin/game/playersuspensionrecord/ HTTP/1.1" 200 21458
[18/May/2026 01:03:51] "GET /static/admin/img/icon-no.svg HTTP/1.1" 200 645
[18/May/2026 01:03:51] "GET /admin/jsi18n/ HTTP/1.1" 200 8351
[18/May/2026 01:03:52] "GET /admin/game/playertransferhistory/ HTTP/1.1" 200 20151
[18/May/2026 01:03:52] "GET /admin/jsi18n/ HTTP/1.1" 200 8351
[18/May/2026 01:03:52] "GET /admin/game/playerinjuryrecord/ HTTP/1.1" 200 21541
[18/May/2026 01:03:52] "GET /admin/jsi18n/ HTTP/1.1" 200 8351
[18/May/2026 01:03:54] "GET /admin/game/player/ HTTP/1.1" 200 106471
[18/May/2026 01:03:54] "GET /admin/jsi18n/ HTTP/1.1" 200 8351
[18/May/2026 01:03:56] "GET /admin/game/player/552/change/ HTTP/1.1" 200 104332
[18/May/2026 01:03:56] "GET /static/admin/js/calendar.js HTTP/1.1" 304 0
[18/May/2026 01:03:56] "GET /static/admin/css/forms.css HTTP/1.1" 200 8831
[18/May/2026 01:03:56] "GET /static/admin/js/admin/DateTimeShortcuts.js HTTP/1.1" 304 0
[18/May/2026 01:03:56] "GET /static/admin/js/inlines.js HTTP/1.1" 304 0
[18/May/2026 01:03:56] "GET /static/admin/js/prepopulate_init.js HTTP/1.1" 304 0
[18/May/2026 01:03:56] "GET /static/admin/css/widgets.css HTTP/1.1" 304 0
[18/May/2026 01:03:56] "GET /static/game/admin_compact.css HTTP/1.1" 200 2012
[18/May/2026 01:03:56] "GET /admin/jsi18n/ HTTP/1.1" 200 8351
[18/May/2026 01:03:56] "GET /static/admin/js/change_form.js HTTP/1.1" 200 606
[18/May/2026 01:03:57] "GET /static/admin/img/icon-calendar.svg HTTP/1.1" 304 0
[18/May/2026 01:04:54] "GET /admin/game/player/ HTTP/1.1" 200 106471
[18/May/2026 01:04:57] "GET /admin/game/player/550/change/ HTTP/1.1" 200 98926
[18/May/2026 01:04:57] "GET /admin/jsi18n/ HTTP/1.1" 200 8351
[18/May/2026 01:05:00] "GET /admin/game/player/ HTTP/1.1" 200 106471
[18/May/2026 01:05:02] "GET /admin/game/player/547/change/ HTTP/1.1" 200 97863
[18/May/2026 01:05:02] "GET /admin/jsi18n/ HTTP/1.1" 200 8351
[18/May/2026 01:06:27] "GET /clubs/3/ HTTP/1.1" 200 83465
[18/May/2026 01:06:27,533] - Broken pipe from ('127.0.0.1', 64648)
[18/May/2026 01:06:37] "GET /clubs/ HTTP/1.1" 200 15987
[18/May/2026 01:06:37] "GET /static/game/css/global-dashboard/layout-nav.css HTTP/1.1" 304 0
[18/May/2026 01:06:37] "GET /static/game/css/global-dashboard/overview-dashboard.css HTTP/1.1" 304 0
[18/May/2026 01:06:38] "GET /clubs/3/ HTTP/1.1" 200 83465
[18/May/2026 01:06:42] "GET /clubs/3/ HTTP/1.1" 200 83465
[18/May/2026 01:06:42,692] - Broken pipe from ('127.0.0.1', 54008)
[18/May/2026 01:06:43] "GET / HTTP/1.1" 200 47786
[18/May/2026 01:06:43] "GET /static/game/css/global-dashboard/overview-dashboard.css?v=overview-20260517-9 HTTP/1.1" 304 0
[18/May/2026 01:06:43] "GET /static/game/images/backgrounds/overview/overview-navigation.png HTTP/1.1" 304 0
[18/May/2026 01:06:43] "GET /static/game/images/backgrounds/overview/overview-manager.png HTTP/1.1" 304 0
[18/May/2026 01:06:43] "GET /static/game/images/backgrounds/overview/overview-chat.png HTTP/1.1" 304 0
[18/May/2026 01:06:43] "GET /static/game/images/backgrounds/overview/overview-sim-news.png HTTP/1.1" 304 0
[18/May/2026 01:06:43] "GET /static/game/images/backgrounds/overview/overview-transfer.png HTTP/1.1" 304 0
[18/May/2026 01:06:43] "GET /static/game/images/backgrounds/overview/overview-table.png HTTP/1.1" 304 0
[18/May/2026 01:06:43] "GET /static/game/images/backgrounds/overview/overview-news.png HTTP/1.1" 304 0
[18/May/2026 01:06:43] "GET /static/game/images/backgrounds/overview/overview-live.png HTTP/1.1" 304 0
[18/May/2026 01:06:43] "GET /static/game/images/backgrounds/overview/overview-stats.png HTTP/1.1" 304 0
[18/May/2026 01:06:43] "GET /static/game/images/backgrounds/overview/overview-social.png?v=2 HTTP/1.1" 304 0
Not Found: /forum/
[18/May/2026 01:07:06] "GET /forum/ HTTP/1.1" 404 3558
[18/May/2026 01:07:08] "GET /clubs/ HTTP/1.1" 200 15987
[18/May/2026 01:07:09] "GET /clubs/3/ HTTP/1.1" 200 83465
[18/May/2026 01:07:26] "GET /clubs/3 HTTP/1.1" 301 0
[18/May/2026 01:07:26] "GET /clubs/3/ HTTP/1.1" 200 83465
[18/May/2026 01:07:27] "GET /clubs/3/ HTTP/1.1" 200 83465
[18/May/2026 01:07:27] "GET /static/game/css/global-dashboard/overview-dashboard.css HTTP/1.1" 200 30091
[18/May/2026 01:07:34] "GET /clubs/3/ HTTP/1.1" 200 83465
[18/May/2026 01:08:42] "GET /clubs/3/ HTTP/1.1" 200 83465
[18/May/2026 01:08:42] "GET /static/game/css/global-dashboard/overview-dashboard.css HTTP/1.1" 304 0
[18/May/2026 01:09:03] "GET /admin/game/strengthformulasettings/ HTTP/1.1" 200 18187
[18/May/2026 01:09:03] "GET /static/admin/img/icon-yes.svg HTTP/1.1" 200 558
[18/May/2026 01:09:03] "GET /admin/jsi18n/ HTTP/1.1" 200 8351
[18/May/2026 01:09:06] "GET /admin/game/strengthformulasettings/1/change/ HTTP/1.1" 200 73537
[18/May/2026 01:09:06] "GET /admin/jsi18n/ HTTP/1.1" 200 8351
[18/May/2026 01:09:06] "GET /static/admin/img/icon-unknown.svg HTTP/1.1" 200 806
C:\Users\mashu\Documents\Codex\Websoccer\Websoccer\game\models.py changed, reloading.
Watching for file changes with StatReloader
[18/May/2026 01:09:33] "GET /admin/game/playerstrengthprofile/ HTTP/1.1" 200 33375
[18/May/2026 01:09:33] "GET /admin/jsi18n/ HTTP/1.1" 200 8351
[18/May/2026 01:09:36] "GET /admin/game/playersourcerating/ HTTP/1.1" 200 81522
[18/May/2026 01:09:36] "GET /admin/jsi18n/ HTTP/1.1" 200 8351
[18/May/2026 01:09:45] "GET /admin/game/league/ HTTP/1.1" 200 17889
[18/May/2026 01:09:45] "GET /admin/jsi18n/ HTTP/1.1" 200 8351
[18/May/2026 01:09:46] "GET /admin/game/club/ HTTP/1.1" 200 18552
[18/May/2026 01:09:46] "GET /admin/jsi18n/ HTTP/1.1" 200 8351
C:\Users\mashu\Documents\Codex\Websoccer\Websoccer\game\admin.py changed, reloading.
Watching for file changes with StatReloader
[18/May/2026 01:09:51] "GET /admin/game/player/ HTTP/1.1" 200 108340
[18/May/2026 01:09:51] "GET /admin/jsi18n/ HTTP/1.1" 200 8351
[18/May/2026 01:09:58] "GET /admin/game/player/543/change/ HTTP/1.1" 200 99959
[18/May/2026 01:09:58] "GET /admin/jsi18n/ HTTP/1.1" 200 8351
[18/May/2026 01:09:59] "GET /static/admin/js/calendar.js HTTP/1.1" 200 9159
[18/May/2026 01:09:59] "GET /static/admin/js/inlines.js HTTP/1.1" 200 15628
[18/May/2026 01:09:59] "GET /static/admin/js/prepopulate_init.js HTTP/1.1" 200 586
[18/May/2026 01:09:59] "GET /static/admin/css/widgets.css HTTP/1.1" 200 11811
[18/May/2026 01:09:59] "GET /static/admin/js/admin/DateTimeShortcuts.js HTTP/1.1" 200 19698
[18/May/2026 01:09:59] "GET /static/admin/img/icon-calendar.svg HTTP/1.1" 200 1112
[18/May/2026 01:10:05] "GET /admin/game/player/ HTTP/1.1" 200 108340
[18/May/2026 01:10:09] "GET /admin/game/player/540/change/ HTTP/1.1" 200 99953
[18/May/2026 01:10:09] "GET /admin/jsi18n/ HTTP/1.1" 200 8351
[18/May/2026 01:10:37] "GET /admin/game/playertransferhistory/ HTTP/1.1" 200 22020
[18/May/2026 01:10:37] "GET /admin/jsi18n/ HTTP/1.1" 200 8351
[18/May/2026 01:10:40] "GET /admin/game/playertransferhistory/1/change/ HTTP/1.1" 200 28285
[18/May/2026 01:10:40] "GET /admin/jsi18n/ HTTP/1.1" 200 8351
[18/May/2026 01:10:40] "GET /static/admin/img/icon-addlink.svg HTTP/1.1" 304 0
[18/May/2026 01:10:40] "GET /static/admin/img/icon-changelink.svg HTTP/1.1" 200 978
[18/May/2026 01:10:40] "GET /static/admin/img/icon-viewlink.svg HTTP/1.1" 304 0
[18/May/2026 01:10:40] "GET /static/admin/img/icon-deletelink.svg HTTP/1.1" 200 689
[18/May/2026 01:10:49] "GET /admin/game/playertransferhistory/ HTTP/1.1" 200 22020
[18/May/2026 01:10:54] "GET /admin/game/playertransferhistory/2/change/ HTTP/1.1" 200 28265
[18/May/2026 01:10:54] "GET /admin/jsi18n/ HTTP/1.1" 200 8351
[18/May/2026 01:10:57] "GET /admin/game/playertransferhistory/ HTTP/1.1" 200 22020
[18/May/2026 01:10:58] "GET /admin/game/playertransferhistory/1/change/ HTTP/1.1" 200 28285
[18/May/2026 01:10:58] "GET /admin/jsi18n/ HTTP/1.1" 200 8351
[18/May/2026 01:11:08] "GET /clubs/3/ HTTP/1.1" 200 83465
[18/May/2026 01:11:08] "GET /static/game/css/global-dashboard/overview-dashboard.css HTTP/1.1" 304 0
[18/May/2026 01:11:08] "GET /static/game/css/global-dashboard/layout-nav.css HTTP/1.1" 304 0
[18/May/2026 01:11:09] "GET /clubs/3/ HTTP/1.1" 200 83465
[18/May/2026 01:12:10] "GET /clubs/3/ HTTP/1.1" 200 83465
[18/May/2026 01:12:15] "GET /?qa=1779059535225 HTTP/1.1" 200 47786
[18/May/2026 01:12:15] "GET /static/game/css/global-dashboard/overview-dashboard.css?v=overview-20260517-9 HTTP/1.1" 304 0
[18/May/2026 01:12:15] "GET /static/game/css/global-dashboard/layout-nav.css HTTP/1.1" 304 0
[18/May/2026 01:12:15] "GET /static/game/css/global-dashboard/overview-dashboard.css HTTP/1.1" 304 0
[18/May/2026 01:12:15] "GET /static/game/images/backgrounds/overview/overview-navigation.png HTTP/1.1" 304 0
[18/May/2026 01:12:15] "GET /static/game/images/backgrounds/overview/overview-manager.png HTTP/1.1" 304 0
[18/May/2026 01:12:15] "GET /static/game/images/backgrounds/overview/overview-social.png?v=2 HTTP/1.1" 304 0
[18/May/2026 01:12:27] "GET / HTTP/1.1" 200 47786
[18/May/2026 01:12:27] "GET /static/game/css/global-dashboard/overview-dashboard.css?v=overview-20260517-9 HTTP/1.1" 304 0
[18/May/2026 01:12:27] "GET /static/game/images/backgrounds/overview/overview-social.png?v=2 HTTP/1.1" 304 0
C:\Users\mashu\Documents\Codex\Websoccer\Websoccer\game\club_profile.py changed, reloading.
Watching for file changes with StatReloader
C:\Users\mashu\Documents\Codex\Websoccer\Websoccer\game\views.py changed, reloading.
Watching for file changes with StatReloader
C:\Users\mashu\Documents\Codex\Websoccer\Websoccer\game\urls.py changed, reloading.
Watching for file changes with StatReloader
[18/May/2026 01:13:56] "GET /clubs/ HTTP/1.1" 200 15987
[18/May/2026 01:13:56] "GET /static/game/css/global-dashboard/layout-nav.css HTTP/1.1" 304 0
[18/May/2026 01:13:56] "GET /static/game/css/global-dashboard/overview-dashboard.css HTTP/1.1" 304 0
Internal Server Error: /clubs/3/
Traceback (most recent call last):
  File "C:\Users\mashu\Documents\Codex\Websoccer\Websoccer\.venv\Lib\site-packages\django\db\backends\utils.py", line 105, in _execute
    return self.cursor.execute(sql, params)
           ^^^^^^^^^^^^^^^^^^^^^^^^^^^^^^^^
  File "C:\Users\mashu\Documents\Codex\Websoccer\Websoccer\.venv\Lib\site-packages\django\db\backends\sqlite3\base.py", line 359, in execute
    return super().execute(query, params)
           ^^^^^^^^^^^^^^^^^^^^^^^^^^^^^^
sqlite3.OperationalError: no such table: game_clubprofilematch

The above exception was the direct cause of the following exception:

Traceback (most recent call last):
  File "C:\Users\mashu\Documents\Codex\Websoccer\Websoccer\.venv\Lib\site-packages\django\core\handlers\exception.py", line 55, in inner
    response = get_response(request)
               ^^^^^^^^^^^^^^^^^^^^^
  File "C:\Users\mashu\Documents\Codex\Websoccer\Websoccer\.venv\Lib\site-packages\django\core\handlers\base.py", line 198, in _get_response
    response = wrapped_callback(request, *callback_args, **callback_kwargs)
               ^^^^^^^^^^^^^^^^^^^^^^^^^^^^^^^^^^^^^^^^^^^^^^^^^^^^^^^^^^^^
  File "C:\Users\mashu\Documents\Codex\Websoccer\Websoccer\game\views.py", line 1136, in club_detail
    context = build_club_profile_context(club)
              ^^^^^^^^^^^^^^^^^^^^^^^^^^^^^^^^
  File "C:\Users\mashu\Documents\Codex\Websoccer\Websoccer\game\club_profile.py", line 25, in build_club_profile_context
    profile = build_club_profile_view_model(club)
              ^^^^^^^^^^^^^^^^^^^^^^^^^^^^^^^^^^^
  File "C:\Users\mashu\Documents\Codex\Websoccer\Websoccer\game\club_profile.py", line 50, in build_club_profile_view_model
    'nextMatch': build_match(club, opponent_club, ClubProfileMatch.KIND_NEXT, links),
                 ^^^^^^^^^^^^^^^^^^^^^^^^^^^^^^^^^^^^^^^^^^^^^^^^^^^^^^^^^^^^^^^^^^^
  File "C:\Users\mashu\Documents\Codex\Websoccer\Websoccer\game\club_profile.py", line 121, in build_match
    ).first()
      ^^^^^^^
  File "C:\Users\mashu\Documents\Codex\Websoccer\Websoccer\.venv\Lib\site-packages\django\db\models\query.py", line 1145, in first
    for obj in queryset[:1]:
               ~~~~~~~~^^^^
  File "C:\Users\mashu\Documents\Codex\Websoccer\Websoccer\.venv\Lib\site-packages\django\db\models\query.py", line 390, in __iter__
    self._fetch_all()
  File "C:\Users\mashu\Documents\Codex\Websoccer\Websoccer\.venv\Lib\site-packages\django\db\models\query.py", line 2000, in _fetch_all
    self._result_cache = list(self._iterable_class(self))
                         ^^^^^^^^^^^^^^^^^^^^^^^^^^^^^^^^
  File "C:\Users\mashu\Documents\Codex\Websoccer\Websoccer\.venv\Lib\site-packages\django\db\models\query.py", line 95, in __iter__
    results = compiler.execute_sql(
              ^^^^^^^^^^^^^^^^^^^^^
  File "C:\Users\mashu\Documents\Codex\Websoccer\Websoccer\.venv\Lib\site-packages\django\db\models\sql\compiler.py", line 1624, in execute_sql
    cursor.execute(sql, params)
  File "C:\Users\mashu\Documents\Codex\Websoccer\Websoccer\.venv\Lib\site-packages\django\db\backends\utils.py", line 122, in execute
    return super().execute(sql, params)
           ^^^^^^^^^^^^^^^^^^^^^^^^^^^^
  File "C:\Users\mashu\Documents\Codex\Websoccer\Websoccer\.venv\Lib\site-packages\django\db\backends\utils.py", line 79, in execute
    return self._execute_with_wrappers(
           ^^^^^^^^^^^^^^^^^^^^^^^^^^^^
  File "C:\Users\mashu\Documents\Codex\Websoccer\Websoccer\.venv\Lib\site-packages\django\db\backends\utils.py", line 92, in _execute_with_wrappers
    return executor(sql, params, many, context)
           ^^^^^^^^^^^^^^^^^^^^^^^^^^^^^^^^^^^^
  File "C:\Users\mashu\Documents\Codex\Websoccer\Websoccer\.venv\Lib\site-packages\django\db\backends\utils.py", line 100, in _execute
    with self.db.wrap_database_errors:
         ^^^^^^^^^^^^^^^^^^^^^^^^^^^^
  File "C:\Users\mashu\Documents\Codex\Websoccer\Websoccer\.venv\Lib\site-packages\django\db\utils.py", line 94, in __exit__
    raise dj_exc_value.with_traceback(traceback) from exc_value
  File "C:\Users\mashu\Documents\Codex\Websoccer\Websoccer\.venv\Lib\site-packages\django\db\backends\utils.py", line 105, in _execute
    return self.cursor.execute(sql, params)
           ^^^^^^^^^^^^^^^^^^^^^^^^^^^^^^^^
  File "C:\Users\mashu\Documents\Codex\Websoccer\Websoccer\.venv\Lib\site-packages\django\db\backends\sqlite3\base.py", line 359, in execute
    return super().execute(query, params)
           ^^^^^^^^^^^^^^^^^^^^^^^^^^^^^^
django.db.utils.OperationalError: no such table: game_clubprofilematch
[18/May/2026 01:13:58] "GET /clubs/3/ HTTP/1.1" 500 160070
Internal Server Error: /clubs/3/
Traceback (most recent call last):
  File "C:\Users\mashu\Documents\Codex\Websoccer\Websoccer\.venv\Lib\site-packages\django\db\backends\utils.py", line 105, in _execute
    return self.cursor.execute(sql, params)
           ^^^^^^^^^^^^^^^^^^^^^^^^^^^^^^^^
  File "C:\Users\mashu\Documents\Codex\Websoccer\Websoccer\.venv\Lib\site-packages\django\db\backends\sqlite3\base.py", line 359, in execute
    return super().execute(query, params)
           ^^^^^^^^^^^^^^^^^^^^^^^^^^^^^^
sqlite3.OperationalError: no such table: game_clubprofilematch

The above exception was the direct cause of the following exception:

Traceback (most recent call last):
  File "C:\Users\mashu\Documents\Codex\Websoccer\Websoccer\.venv\Lib\site-packages\django\core\handlers\exception.py", line 55, in inner
    response = get_response(request)
               ^^^^^^^^^^^^^^^^^^^^^
  File "C:\Users\mashu\Documents\Codex\Websoccer\Websoccer\.venv\Lib\site-packages\django\core\handlers\base.py", line 198, in _get_response
    response = wrapped_callback(request, *callback_args, **callback_kwargs)
               ^^^^^^^^^^^^^^^^^^^^^^^^^^^^^^^^^^^^^^^^^^^^^^^^^^^^^^^^^^^^
  File "C:\Users\mashu\Documents\Codex\Websoccer\Websoccer\game\views.py", line 1136, in club_detail
    context = build_club_profile_context(club)
              ^^^^^^^^^^^^^^^^^^^^^^^^^^^^^^^^
  File "C:\Users\mashu\Documents\Codex\Websoccer\Websoccer\game\club_profile.py", line 25, in build_club_profile_context
    profile = build_club_profile_view_model(club)
              ^^^^^^^^^^^^^^^^^^^^^^^^^^^^^^^^^^^
  File "C:\Users\mashu\Documents\Codex\Websoccer\Websoccer\game\club_profile.py", line 50, in build_club_profile_view_model
    'nextMatch': build_match(club, opponent_club, ClubProfileMatch.KIND_NEXT, links),
                 ^^^^^^^^^^^^^^^^^^^^^^^^^^^^^^^^^^^^^^^^^^^^^^^^^^^^^^^^^^^^^^^^^^^
  File "C:\Users\mashu\Documents\Codex\Websoccer\Websoccer\game\club_profile.py", line 121, in build_match
    ).first()
      ^^^^^^^
  File "C:\Users\mashu\Documents\Codex\Websoccer\Websoccer\.venv\Lib\site-packages\django\db\models\query.py", line 1145, in first
    for obj in queryset[:1]:
               ~~~~~~~~^^^^
  File "C:\Users\mashu\Documents\Codex\Websoccer\Websoccer\.venv\Lib\site-packages\django\db\models\query.py", line 390, in __iter__
    self._fetch_all()
  File "C:\Users\mashu\Documents\Codex\Websoccer\Websoccer\.venv\Lib\site-packages\django\db\models\query.py", line 2000, in _fetch_all
    self._result_cache = list(self._iterable_class(self))
                         ^^^^^^^^^^^^^^^^^^^^^^^^^^^^^^^^
  File "C:\Users\mashu\Documents\Codex\Websoccer\Websoccer\.venv\Lib\site-packages\django\db\models\query.py", line 95, in __iter__
    results = compiler.execute_sql(
              ^^^^^^^^^^^^^^^^^^^^^
  File "C:\Users\mashu\Documents\Codex\Websoccer\Websoccer\.venv\Lib\site-packages\django\db\models\sql\compiler.py", line 1624, in execute_sql
    cursor.execute(sql, params)
  File "C:\Users\mashu\Documents\Codex\Websoccer\Websoccer\.venv\Lib\site-packages\django\db\backends\utils.py", line 122, in execute
    return super().execute(sql, params)
           ^^^^^^^^^^^^^^^^^^^^^^^^^^^^
  File "C:\Users\mashu\Documents\Codex\Websoccer\Websoccer\.venv\Lib\site-packages\django\db\backends\utils.py", line 79, in execute
    return self._execute_with_wrappers(
           ^^^^^^^^^^^^^^^^^^^^^^^^^^^^
  File "C:\Users\mashu\Documents\Codex\Websoccer\Websoccer\.venv\Lib\site-packages\django\db\backends\utils.py", line 92, in _execute_with_wrappers
    return executor(sql, params, many, context)
           ^^^^^^^^^^^^^^^^^^^^^^^^^^^^^^^^^^^^
  File "C:\Users\mashu\Documents\Codex\Websoccer\Websoccer\.venv\Lib\site-packages\django\db\backends\utils.py", line 100, in _execute
    with self.db.wrap_database_errors:
         ^^^^^^^^^^^^^^^^^^^^^^^^^^^^
  File "C:\Users\mashu\Documents\Codex\Websoccer\Websoccer\.venv\Lib\site-packages\django\db\utils.py", line 94, in __exit__
    raise dj_exc_value.with_traceback(traceback) from exc_value
  File "C:\Users\mashu\Documents\Codex\Websoccer\Websoccer\.venv\Lib\site-packages\django\db\backends\utils.py", line 105, in _execute
    return self.cursor.execute(sql, params)
           ^^^^^^^^^^^^^^^^^^^^^^^^^^^^^^^^
  File "C:\Users\mashu\Documents\Codex\Websoccer\Websoccer\.venv\Lib\site-packages\django\db\backends\sqlite3\base.py", line 359, in execute
    return super().execute(query, params)
           ^^^^^^^^^^^^^^^^^^^^^^^^^^^^^^
django.db.utils.OperationalError: no such table: game_clubprofilematch
[18/May/2026 01:14:47] "GET /clubs/3/ HTTP/1.1" 500 160207
Internal Server Error: /clubs/3/
Traceback (most recent call last):
  File "C:\Users\mashu\Documents\Codex\Websoccer\Websoccer\.venv\Lib\site-packages\django\db\backends\utils.py", line 105, in _execute
    return self.cursor.execute(sql, params)
           ^^^^^^^^^^^^^^^^^^^^^^^^^^^^^^^^
  File "C:\Users\mashu\Documents\Codex\Websoccer\Websoccer\.venv\Lib\site-packages\django\db\backends\sqlite3\base.py", line 359, in execute
    return super().execute(query, params)
           ^^^^^^^^^^^^^^^^^^^^^^^^^^^^^^
sqlite3.OperationalError: no such table: game_clubprofilematch

The above exception was the direct cause of the following exception:

Traceback (most recent call last):
  File "C:\Users\mashu\Documents\Codex\Websoccer\Websoccer\.venv\Lib\site-packages\django\core\handlers\exception.py", line 55, in inner
    response = get_response(request)
               ^^^^^^^^^^^^^^^^^^^^^
  File "C:\Users\mashu\Documents\Codex\Websoccer\Websoccer\.venv\Lib\site-packages\django\core\handlers\base.py", line 198, in _get_response
    response = wrapped_callback(request, *callback_args, **callback_kwargs)
               ^^^^^^^^^^^^^^^^^^^^^^^^^^^^^^^^^^^^^^^^^^^^^^^^^^^^^^^^^^^^
  File "C:\Users\mashu\Documents\Codex\Websoccer\Websoccer\game\views.py", line 1136, in club_detail
    context = build_club_profile_context(club)
              ^^^^^^^^^^^^^^^^^^^^^^^^^^^^^^^^
  File "C:\Users\mashu\Documents\Codex\Websoccer\Websoccer\game\club_profile.py", line 25, in build_club_profile_context
    profile = build_club_profile_view_model(club)
              ^^^^^^^^^^^^^^^^^^^^^^^^^^^^^^^^^^^
  File "C:\Users\mashu\Documents\Codex\Websoccer\Websoccer\game\club_profile.py", line 50, in build_club_profile_view_model
    'nextMatch': build_match(club, opponent_club, ClubProfileMatch.KIND_NEXT, links),
                 ^^^^^^^^^^^^^^^^^^^^^^^^^^^^^^^^^^^^^^^^^^^^^^^^^^^^^^^^^^^^^^^^^^^
  File "C:\Users\mashu\Documents\Codex\Websoccer\Websoccer\game\club_profile.py", line 121, in build_match
    ).first()
      ^^^^^^^
  File "C:\Users\mashu\Documents\Codex\Websoccer\Websoccer\.venv\Lib\site-packages\django\db\models\query.py", line 1145, in first
    for obj in queryset[:1]:
               ~~~~~~~~^^^^
  File "C:\Users\mashu\Documents\Codex\Websoccer\Websoccer\.venv\Lib\site-packages\django\db\models\query.py", line 390, in __iter__
    self._fetch_all()
  File "C:\Users\mashu\Documents\Codex\Websoccer\Websoccer\.venv\Lib\site-packages\django\db\models\query.py", line 2000, in _fetch_all
    self._result_cache = list(self._iterable_class(self))
                         ^^^^^^^^^^^^^^^^^^^^^^^^^^^^^^^^
  File "C:\Users\mashu\Documents\Codex\Websoccer\Websoccer\.venv\Lib\site-packages\django\db\models\query.py", line 95, in __iter__
    results = compiler.execute_sql(
              ^^^^^^^^^^^^^^^^^^^^^
  File "C:\Users\mashu\Documents\Codex\Websoccer\Websoccer\.venv\Lib\site-packages\django\db\models\sql\compiler.py", line 1624, in execute_sql
    cursor.execute(sql, params)
  File "C:\Users\mashu\Documents\Codex\Websoccer\Websoccer\.venv\Lib\site-packages\django\db\backends\utils.py", line 122, in execute
    return super().execute(sql, params)
           ^^^^^^^^^^^^^^^^^^^^^^^^^^^^
  File "C:\Users\mashu\Documents\Codex\Websoccer\Websoccer\.venv\Lib\site-packages\django\db\backends\utils.py", line 79, in execute
    return self._execute_with_wrappers(
           ^^^^^^^^^^^^^^^^^^^^^^^^^^^^
  File "C:\Users\mashu\Documents\Codex\Websoccer\Websoccer\.venv\Lib\site-packages\django\db\backends\utils.py", line 92, in _execute_with_wrappers
    return executor(sql, params, many, context)
           ^^^^^^^^^^^^^^^^^^^^^^^^^^^^^^^^^^^^
  File "C:\Users\mashu\Documents\Codex\Websoccer\Websoccer\.venv\Lib\site-packages\django\db\backends\utils.py", line 100, in _execute
    with self.db.wrap_database_errors:
         ^^^^^^^^^^^^^^^^^^^^^^^^^^^^
  File "C:\Users\mashu\Documents\Codex\Websoccer\Websoccer\.venv\Lib\site-packages\django\db\utils.py", line 94, in __exit__
    raise dj_exc_value.with_traceback(traceback) from exc_value
  File "C:\Users\mashu\Documents\Codex\Websoccer\Websoccer\.venv\Lib\site-packages\django\db\backends\utils.py", line 105, in _execute
    return self.cursor.execute(sql, params)
           ^^^^^^^^^^^^^^^^^^^^^^^^^^^^^^^^
  File "C:\Users\mashu\Documents\Codex\Websoccer\Websoccer\.venv\Lib\site-packages\django\db\backends\sqlite3\base.py", line 359, in execute
    return super().execute(query, params)
           ^^^^^^^^^^^^^^^^^^^^^^^^^^^^^^
django.db.utils.OperationalError: no such table: game_clubprofilematch
[18/May/2026 01:18:06] "GET /clubs/3/ HTTP/1.1" 500 160207
C:\Users\mashu\Documents\Codex\Websoccer\Websoccer\game\club_profile.py changed, reloading.
Watching for file changes with StatReloader
C:\Users\mashu\Documents\Codex\Websoccer\Websoccer\game\migrations\0026_seed_public_club_profiles.py changed, reloading.
Watching for file changes with StatReloader
Internal Server Error: /clubs/3/
Traceback (most recent call last):
  File "C:\Users\mashu\Documents\Codex\Websoccer\Websoccer\.venv\Lib\site-packages\django\db\backends\utils.py", line 105, in _execute
    return self.cursor.execute(sql, params)
           ^^^^^^^^^^^^^^^^^^^^^^^^^^^^^^^^
  File "C:\Users\mashu\Documents\Codex\Websoccer\Websoccer\.venv\Lib\site-packages\django\db\backends\sqlite3\base.py", line 359, in execute
    return super().execute(query, params)
           ^^^^^^^^^^^^^^^^^^^^^^^^^^^^^^
sqlite3.OperationalError: no such table: game_clubprofilematch

The above exception was the direct cause of the following exception:

Traceback (most recent call last):
  File "C:\Users\mashu\Documents\Codex\Websoccer\Websoccer\.venv\Lib\site-packages\django\core\handlers\exception.py", line 55, in inner
    response = get_response(request)
               ^^^^^^^^^^^^^^^^^^^^^
  File "C:\Users\mashu\Documents\Codex\Websoccer\Websoccer\.venv\Lib\site-packages\django\core\handlers\base.py", line 198, in _get_response
    response = wrapped_callback(request, *callback_args, **callback_kwargs)
               ^^^^^^^^^^^^^^^^^^^^^^^^^^^^^^^^^^^^^^^^^^^^^^^^^^^^^^^^^^^^
  File "C:\Users\mashu\Documents\Codex\Websoccer\Websoccer\game\views.py", line 1136, in club_detail
    context = build_club_profile_context(club)
              ^^^^^^^^^^^^^^^^^^^^^^^^^^^^^^^^
  File "C:\Users\mashu\Documents\Codex\Websoccer\Websoccer\game\club_profile.py", line 25, in build_club_profile_context
    profile = build_club_profile_view_model(club)
              ^^^^^^^^^^^^^^^^^^^^^^^^^^^^^^^^^^^
  File "C:\Users\mashu\Documents\Codex\Websoccer\Websoccer\game\club_profile.py", line 50, in build_club_profile_view_model
    'nextMatch': build_match(club, opponent_club, ClubProfileMatch.KIND_NEXT, links),
                 ^^^^^^^^^^^^^^^^^^^^^^^^^^^^^^^^^^^^^^^^^^^^^^^^^^^^^^^^^^^^^^^^^^^
  File "C:\Users\mashu\Documents\Codex\Websoccer\Websoccer\game\club_profile.py", line 121, in build_match
    ).first()
      ^^^^^^^
  File "C:\Users\mashu\Documents\Codex\Websoccer\Websoccer\.venv\Lib\site-packages\django\db\models\query.py", line 1145, in first
    for obj in queryset[:1]:
               ~~~~~~~~^^^^
  File "C:\Users\mashu\Documents\Codex\Websoccer\Websoccer\.venv\Lib\site-packages\django\db\models\query.py", line 390, in __iter__
    self._fetch_all()
  File "C:\Users\mashu\Documents\Codex\Websoccer\Websoccer\.venv\Lib\site-packages\django\db\models\query.py", line 2000, in _fetch_all
    self._result_cache = list(self._iterable_class(self))
                         ^^^^^^^^^^^^^^^^^^^^^^^^^^^^^^^^
  File "C:\Users\mashu\Documents\Codex\Websoccer\Websoccer\.venv\Lib\site-packages\django\db\models\query.py", line 95, in __iter__
    results = compiler.execute_sql(
              ^^^^^^^^^^^^^^^^^^^^^
  File "C:\Users\mashu\Documents\Codex\Websoccer\Websoccer\.venv\Lib\site-packages\django\db\models\sql\compiler.py", line 1624, in execute_sql
    cursor.execute(sql, params)
  File "C:\Users\mashu\Documents\Codex\Websoccer\Websoccer\.venv\Lib\site-packages\django\db\backends\utils.py", line 122, in execute
    return super().execute(sql, params)
           ^^^^^^^^^^^^^^^^^^^^^^^^^^^^
  File "C:\Users\mashu\Documents\Codex\Websoccer\Websoccer\.venv\Lib\site-packages\django\db\backends\utils.py", line 79, in execute
    return self._execute_with_wrappers(
           ^^^^^^^^^^^^^^^^^^^^^^^^^^^^
  File "C:\Users\mashu\Documents\Codex\Websoccer\Websoccer\.venv\Lib\site-packages\django\db\backends\utils.py", line 92, in _execute_with_wrappers
    return executor(sql, params, many, context)
           ^^^^^^^^^^^^^^^^^^^^^^^^^^^^^^^^^^^^
  File "C:\Users\mashu\Documents\Codex\Websoccer\Websoccer\.venv\Lib\site-packages\django\db\backends\utils.py", line 100, in _execute
    with self.db.wrap_database_errors:
         ^^^^^^^^^^^^^^^^^^^^^^^^^^^^
  File "C:\Users\mashu\Documents\Codex\Websoccer\Websoccer\.venv\Lib\site-packages\django\db\utils.py", line 94, in __exit__
    raise dj_exc_value.with_traceback(traceback) from exc_value
  File "C:\Users\mashu\Documents\Codex\Websoccer\Websoccer\.venv\Lib\site-packages\django\db\backends\utils.py", line 105, in _execute
    return self.cursor.execute(sql, params)
           ^^^^^^^^^^^^^^^^^^^^^^^^^^^^^^^^
  File "C:\Users\mashu\Documents\Codex\Websoccer\Websoccer\.venv\Lib\site-packages\django\db\backends\sqlite3\base.py", line 359, in execute
    return super().execute(query, params)
           ^^^^^^^^^^^^^^^^^^^^^^^^^^^^^^
django.db.utils.OperationalError: no such table: game_clubprofilematch
[18/May/2026 01:21:47] "GET /clubs/3/ HTTP/1.1" 500 160207
C:\Users\mashu\Documents\Codex\Websoccer\Websoccer\game\migrations\0026_seed_public_club_profiles.py changed, reloading.
Watching for file changes with StatReloader
[18/May/2026 01:22:31] "GET /clubs/3/ HTTP/1.1" 200 27601
[18/May/2026 01:22:31,216] - Broken pipe from ('127.0.0.1', 62195)
[18/May/2026 01:23:41] "GET /clubs/3/ HTTP/1.1" 200 27601
[18/May/2026 01:23:41] "GET /static/game/css/club-profile.css HTTP/1.1" 200 172
[18/May/2026 01:23:41] "GET /static/game/css/club-profile/layout.css HTTP/1.1" 200 4997
[18/May/2026 01:23:41] "GET /static/game/css/club-profile/cards.css HTTP/1.1" 200 11808
[18/May/2026 01:23:41] "GET /static/game/css/club-profile/players.css HTTP/1.1" 200 3205
[18/May/2026 01:23:41] "GET /static/game/css/club-profile/responsive.css HTTP/1.1" 200 1819
[18/May/2026 01:23:41] "GET /static/game/css/global-dashboard/overview-dashboard.css HTTP/1.1" 200 30543
[18/May/2026 01:23:41] "GET /static/game/images/trophies/1001959.png HTTP/1.1" 200 49816
[18/May/2026 01:23:42] "GET /static/game/images/player_composites/29221846_915_home.png HTTP/1.1" 200 242120
[18/May/2026 01:23:42] "GET /static/game/images/player_composites/28049320_915_home.png HTTP/1.1" 200 216690
[18/May/2026 01:23:42] "GET /static/game/images/player_composites/91207698_915_home.png HTTP/1.1" 200 214385
[18/May/2026 01:23:42] "GET /static/game/images/player_composites/20041862_915_home.png HTTP/1.1" 200 216152
[18/May/2026 01:23:42] "GET /static/game/images/player_composites/2000259380_915_home.png HTTP/1.1" 200 215491
[18/May/2026 01:23:42] "GET /static/game/images/player_composites/2000147056_915_home.png HTTP/1.1" 200 205220
[18/May/2026 01:23:42] "GET /static/game/images/backgrounds/profile-pitch-stadium.svg HTTP/1.1" 200 5924
[18/May/2026 01:23:42] "GET /static/game/images/player_composites/2000375662_915_home.png HTTP/1.1" 200 211153
[18/May/2026 01:23:42] "GET /static/game/js/club-profile.js HTTP/1.1" 200 1614
[18/May/2026 01:25:01] "GET /clubs/3/ HTTP/1.1" 200 27601
[18/May/2026 01:25:01] "GET /static/game/css/club-profile.css HTTP/1.1" 304 0
[18/May/2026 01:25:01] "GET /static/game/images/player_composites/29221846_915_home.png HTTP/1.1" 304 0
[18/May/2026 01:25:01] "GET /static/game/images/player_composites/91207698_915_home.png HTTP/1.1" 304 0
[18/May/2026 01:25:01] "GET /static/game/images/player_composites/20041862_915_home.png HTTP/1.1" 304 0
[18/May/2026 01:25:01] "GET /static/game/css/club-profile/layout.css HTTP/1.1" 200 5124
[18/May/2026 01:25:01] "GET /static/game/css/global-dashboard/overview-dashboard.css HTTP/1.1" 200 31038
[18/May/2026 01:25:01] "GET /static/game/css/club-profile/cards.css HTTP/1.1" 304 0
[18/May/2026 01:25:01] "GET /static/game/css/club-profile/players.css HTTP/1.1" 304 0
[18/May/2026 01:25:01] "GET /static/game/css/club-profile/responsive.css HTTP/1.1" 304 0
[18/May/2026 01:25:01] "GET /static/game/images/player_composites/2000375662_915_home.png HTTP/1.1" 304 0
[18/May/2026 01:25:01] "GET /static/game/images/player_composites/2000259380_915_home.png HTTP/1.1" 304 0
[18/May/2026 01:25:01] "GET /static/game/images/player_composites/2000147056_915_home.png HTTP/1.1" 304 0
[18/May/2026 01:25:01] "GET /static/game/js/club-profile.js HTTP/1.1" 304 0
C:\Users\mashu\Documents\Codex\Websoccer\Websoccer\game\club_profile.py changed, reloading.
Watching for file changes with StatReloader
C:\Users\mashu\Documents\Codex\Websoccer\Websoccer\game\club_profile.py changed, reloading.
Watching for file changes with StatReloader
[18/May/2026 01:27:06] "GET /?qa=1779060425837 HTTP/1.1" 200 47786
[18/May/2026 01:27:06] "GET /static/game/css/global-dashboard/overview-dashboard.css?v=overview-20260518-1 HTTP/1.1" 200 31038
[18/May/2026 01:27:06] "GET /static/game/css/global-dashboard/layout-nav.css HTTP/1.1" 304 0
[18/May/2026 01:27:06] "GET /static/game/images/backgrounds/overview/overview-navigation.png HTTP/1.1" 304 0
[18/May/2026 01:27:06] "GET /static/game/css/global-dashboard/overview-dashboard.css HTTP/1.1" 200 31038
[18/May/2026 01:27:06] "GET /static/game/images/backgrounds/overview/overview-chat.png HTTP/1.1" 304 0
[18/May/2026 01:27:06] "GET /static/game/images/backgrounds/overview/overview-transfer.png HTTP/1.1" 304 0
[18/May/2026 01:27:06] "GET /static/game/images/backgrounds/overview/overview-news.png HTTP/1.1" 304 0
[18/May/2026 01:27:06] "GET /static/game/images/backgrounds/overview/overview-table.png HTTP/1.1" 304 0
[18/May/2026 01:27:06] "GET /static/game/images/backgrounds/overview/overview-sim-news.png HTTP/1.1" 304 0
[18/May/2026 01:27:06] "GET /static/game/images/backgrounds/overview/overview-social.png?v=2 HTTP/1.1" 304 0
[18/May/2026 01:27:06] "GET /static/game/images/backgrounds/overview/overview-stats.png HTTP/1.1" 304 0
[18/May/2026 01:27:06] "GET /static/game/images/backgrounds/overview/overview-live.png HTTP/1.1" 304 0
C:\Users\mashu\Documents\Codex\Websoccer\Websoccer\game\club_profile.py changed, reloading.
Watching for file changes with StatReloader
[18/May/2026 01:29:40] "GET /?qa=1779060580227 HTTP/1.1" 200 47786
[18/May/2026 01:29:40] "GET /static/game/css/global-dashboard/overview-dashboard.css?v=overview-20260518-1 HTTP/1.1" 304 0
[18/May/2026 01:29:40] "GET /static/game/css/global-dashboard/overview-dashboard.css HTTP/1.1" 304 0
[18/May/2026 01:29:40] "GET /static/game/images/backgrounds/overview/overview-manager.png HTTP/1.1" 304 0
[18/May/2026 01:29:45] "GET /clubs/3/ HTTP/1.1" 200 27601
[18/May/2026 01:29:45] "GET /static/game/css/global-dashboard/layout-nav.css HTTP/1.1" 304 0
[18/May/2026 01:29:45] "GET /static/game/css/club-profile.css HTTP/1.1" 200 353
[18/May/2026 01:29:45] "GET /static/game/images/trophies/1001959.png HTTP/1.1" 200 49816
[18/May/2026 01:29:45] "GET /static/game/css/club-profile/layout.css HTTP/1.1" 200 5124
[18/May/2026 01:29:45] "GET /static/game/css/club-profile/cards.css HTTP/1.1" 200 255
[18/May/2026 01:29:45] "GET /static/game/css/club-profile/identity.css HTTP/1.1" 200 2180
[18/May/2026 01:29:45] "GET /static/game/css/club-profile/matches.css HTTP/1.1" 200 3022
[18/May/2026 01:29:45] "GET /static/game/css/club-profile/trophies.css HTTP/1.1" 200 2151
[18/May/2026 01:29:45] "GET /static/game/css/club-profile/compact-panels.css HTTP/1.1" 200 4196
[18/May/2026 01:29:45] "GET /static/game/css/club-profile/players.css HTTP/1.1" 200 3205
[18/May/2026 01:29:45] "GET /static/game/css/club-profile/responsive.css HTTP/1.1" 200 1819
[18/May/2026 01:29:45] "GET /static/game/images/trophies/100.png HTTP/1.1" 200 74206
[18/May/2026 01:29:45] "GET /static/game/images/player_composites/29221846_915_home.png HTTP/1.1" 200 242120
[18/May/2026 01:29:45] "GET /static/game/images/player_composites/28049320_915_home.png HTTP/1.1" 200 216690
[18/May/2026 01:29:45] "GET /static/game/images/player_composites/20041862_915_home.png HTTP/1.1" 200 216152
[18/May/2026 01:29:45] "GET /static/game/images/player_composites/91207698_915_home.png HTTP/1.1" 200 214385
[18/May/2026 01:29:45] "GET /static/game/images/player_composites/2000375662_915_home.png HTTP/1.1" 200 211153
[18/May/2026 01:29:45] "GET /static/game/images/player_composites/2000259380_915_home.png HTTP/1.1" 200 215491
[18/May/2026 01:29:45] "GET /static/game/images/player_composites/2000147056_915_home.png HTTP/1.1" 200 205220
[18/May/2026 01:29:45] "GET /static/game/js/club-profile.js HTTP/1.1" 200 1614
[18/May/2026 01:29:45] "GET /static/game/images/trophies/22.png HTTP/1.1" 200 157699
[18/May/2026 01:29:45] "GET /static/game/css/global-dashboard/overview-dashboard.css HTTP/1.1" 200 31038
[18/May/2026 01:29:45] "GET /static/game/images/trophies/1301410.png HTTP/1.1" 200 78266
[18/May/2026 01:29:45] "GET /static/game/images/backgrounds/profile-pitch-stadium.svg HTTP/1.1" 200 5924
[18/May/2026 01:29:45] "GET /static/game/images/trophies/1301394.png HTTP/1.1" 200 88300
[18/May/2026 01:29:45] "GET /static/game/images/trophies/1301397.png HTTP/1.1" 200 72537
[18/May/2026 01:29:54] "GET /clubs/3/ HTTP/1.1" 200 27601
[18/May/2026 01:29:54,769] - Broken pipe from ('127.0.0.1', 64326)
[18/May/2026 01:30:20] "GET /clubs/3/ HTTP/1.1" 200 27601
[18/May/2026 01:30:20] "GET /static/game/css/club-profile.css HTTP/1.1" 200 353
[18/May/2026 01:30:20] "GET /static/game/images/player_composites/29221846_915_home.png HTTP/1.1" 304 0
[18/May/2026 01:30:20] "GET /static/game/images/player_composites/20041862_915_home.png HTTP/1.1" 304 0
[18/May/2026 01:30:20] "GET /static/game/images/player_composites/91207698_915_home.png HTTP/1.1" 304 0
[18/May/2026 01:30:20] "GET /static/game/css/global-dashboard/overview-dashboard.css HTTP/1.1" 304 0
[18/May/2026 01:30:20] "GET /static/game/css/club-profile/layout.css HTTP/1.1" 304 0
[18/May/2026 01:30:20] "GET /static/game/css/club-profile/identity.css HTTP/1.1" 200 2180
[18/May/2026 01:30:20] "GET /static/game/css/club-profile/cards.css HTTP/1.1" 200 255
[18/May/2026 01:30:20] "GET /static/game/css/club-profile/matches.css HTTP/1.1" 200 3022
[18/May/2026 01:30:20] "GET /static/game/css/club-profile/trophies.css HTTP/1.1" 200 2151
[18/May/2026 01:30:20] "GET /static/game/css/club-profile/players.css HTTP/1.1" 304 0
[18/May/2026 01:30:20] "GET /static/game/css/club-profile/compact-panels.css HTTP/1.1" 200 4196
[18/May/2026 01:30:20] "GET /static/game/css/club-profile/responsive.css HTTP/1.1" 304 0
[18/May/2026 01:30:20] "GET /static/game/images/player_composites/2000375662_915_home.png HTTP/1.1" 304 0
[18/May/2026 01:30:20] "GET /static/game/images/player_composites/2000259380_915_home.png HTTP/1.1" 304 0
[18/May/2026 01:30:20] "GET /static/game/images/player_composites/2000147056_915_home.png HTTP/1.1" 304 0
[18/May/2026 01:30:20] "GET /static/game/js/club-profile.js HTTP/1.1" 304 0
[18/May/2026 01:30:34] "GET /clubs/3/ HTTP/1.1" 200 27601
[18/May/2026 01:30:34] "GET /static/game/css/club-profile.css HTTP/1.1" 304 0
[18/May/2026 01:30:34] "GET /static/game/css/club-profile/cards.css HTTP/1.1" 304 0
[18/May/2026 01:30:34] "GET /static/game/css/club-profile/identity.css HTTP/1.1" 304 0
[18/May/2026 01:30:34] "GET /static/game/css/club-profile/matches.css HTTP/1.1" 304 0
[18/May/2026 01:30:34] "GET /static/game/css/club-profile/trophies.css HTTP/1.1" 304 0
[18/May/2026 01:30:34] "GET /static/game/css/club-profile/compact-panels.css HTTP/1.1" 304 0
[18/May/2026 01:30:55] "GET /clubs/3/ HTTP/1.1" 200 27601
[18/May/2026 01:30:55,089] - Broken pipe from ('127.0.0.1', 56308)
[18/May/2026 01:33:58] "GET /?qa=1779060837959 HTTP/1.1" 200 47786
[18/May/2026 01:33:58] "GET /static/game/css/global-dashboard/overview-dashboard.css?v=overview-20260518-1 HTTP/1.1" 200 31330
[18/May/2026 01:33:58] "GET /static/game/css/global-dashboard/layout-nav.css HTTP/1.1" 304 0
[18/May/2026 01:33:58] "GET /static/game/css/global-dashboard/overview-dashboard.css HTTP/1.1" 200 31330
[18/May/2026 01:33:58] "GET /static/game/images/backgrounds/overview/overview-social.png?v=2 HTTP/1.1" 304 0
[18/May/2026 01:34:30] "GET /clubs/3/ HTTP/1.1" 200 27601
[18/May/2026 01:34:43] "GET /clubs/3/ HTTP/1.1" 200 27601
[18/May/2026 01:34:43] "GET /static/game/images/player_composites/20041862_915_home.png HTTP/1.1" 304 0
[18/May/2026 01:34:43] "GET /static/game/css/club-profile.css HTTP/1.1" 304 0
[18/May/2026 01:34:43] "GET /static/game/images/player_composites/91207698_915_home.png HTTP/1.1" 304 0
[18/May/2026 01:34:43] "GET /static/game/images/player_composites/29221846_915_home.png HTTP/1.1" 304 0
[18/May/2026 01:34:43] "GET /static/game/images/player_composites/2000375662_915_home.png HTTP/1.1" 304 0
[18/May/2026 01:34:43] "GET /static/game/images/player_composites/2000259380_915_home.png HTTP/1.1" 304 0
[18/May/2026 01:34:43] "GET /static/game/images/player_composites/2000147056_915_home.png HTTP/1.1" 304 0
[18/May/2026 01:34:43] "GET /static/game/js/club-profile.js HTTP/1.1" 304 0
[18/May/2026 01:34:43] "GET /static/game/css/global-dashboard/layout-nav.css HTTP/1.1" 304 0
[18/May/2026 01:34:43] "GET /static/game/css/global-dashboard/overview-dashboard.css HTTP/1.1" 200 31330
[18/May/2026 01:34:43] "GET /static/game/css/club-profile/matches.css HTTP/1.1" 304 0
[18/May/2026 01:34:43] "GET /static/game/css/club-profile/cards.css HTTP/1.1" 304 0
[18/May/2026 01:34:43] "GET /static/game/css/club-profile/layout.css HTTP/1.1" 304 0
[18/May/2026 01:34:43] "GET /static/game/css/club-profile/trophies.css HTTP/1.1" 304 0
[18/May/2026 01:34:43] "GET /static/game/css/club-profile/compact-panels.css HTTP/1.1" 304 0
[18/May/2026 01:34:43] "GET /static/game/css/club-profile/identity.css HTTP/1.1" 304 0
[18/May/2026 01:34:43] "GET /static/game/css/club-profile/players.css HTTP/1.1" 304 0
[18/May/2026 01:34:43] "GET /static/game/css/club-profile/responsive.css HTTP/1.1" 304 0
[18/May/2026 01:36:03] "GET /clubs/3/ HTTP/1.1" 200 27601
[18/May/2026 01:36:03] "GET /static/game/css/club-profile.css HTTP/1.1" 304 0
[18/May/2026 01:36:03] "GET /static/game/images/player_composites/29221846_915_home.png HTTP/1.1" 304 0
[18/May/2026 01:36:03] "GET /static/game/images/player_composites/91207698_915_home.png HTTP/1.1" 304 0
[18/May/2026 01:36:03] "GET /static/game/images/player_composites/20041862_915_home.png HTTP/1.1" 304 0
[18/May/2026 01:36:03] "GET /static/game/images/player_composites/2000375662_915_home.png HTTP/1.1" 304 0
[18/May/2026 01:36:03] "GET /static/game/images/player_composites/2000259380_915_home.png HTTP/1.1" 304 0
[18/May/2026 01:36:03] "GET /static/game/images/player_composites/2000147056_915_home.png HTTP/1.1" 304 0
[18/May/2026 01:36:03] "GET /static/game/css/global-dashboard/overview-dashboard.css HTTP/1.1" 304 0
[18/May/2026 01:36:03] "GET /static/game/css/club-profile/identity.css HTTP/1.1" 304 0
[18/May/2026 01:36:03] "GET /static/game/css/club-profile/layout.css HTTP/1.1" 304 0
[18/May/2026 01:36:03] "GET /static/game/css/club-profile/cards.css HTTP/1.1" 304 0
[18/May/2026 01:36:03] "GET /static/game/css/club-profile/compact-panels.css HTTP/1.1" 304 0
[18/May/2026 01:36:03] "GET /static/game/css/club-profile/trophies.css HTTP/1.1" 304 0
[18/May/2026 01:36:03] "GET /static/game/css/club-profile/matches.css HTTP/1.1" 304 0
[18/May/2026 01:36:27] "GET /?qa=1779060987447 HTTP/1.1" 200 47786
[18/May/2026 01:36:27] "GET /static/game/css/global-dashboard/overview-dashboard.css?v=overview-20260518-1 HTTP/1.1" 304 0
[18/May/2026 01:36:28] "GET /static/game/css/global-dashboard/overview-dashboard.css HTTP/1.1" 304 0
[18/May/2026 01:38:37] "GET /players/552/ HTTP/1.1" 200 68309
[18/May/2026 01:38:37] "GET /static/game/css/global-dashboard/overview-dashboard.css HTTP/1.1" 304 0
[18/May/2026 01:39:13] "GET /players/545/ HTTP/1.1" 200 26894
[18/May/2026 01:39:13] "GET /static/game/images/nations/federations/41.png HTTP/1.1" 200 186201
[18/May/2026 01:39:18] "GET /clubs/3/matches/last/ HTTP/1.1" 200 10131
[18/May/2026 01:39:18] "GET /static/game/css/club-profile.css HTTP/1.1" 304 0
[18/May/2026 01:39:18] "GET /static/game/css/global-dashboard/overview-dashboard.css HTTP/1.1" 304 0
[18/May/2026 01:39:18] "GET /static/game/css/club-profile/compact-panels.css HTTP/1.1" 304 0
[18/May/2026 01:39:18] "GET /static/game/css/club-profile/identity.css HTTP/1.1" 304 0
[18/May/2026 01:39:18] "GET /static/game/css/club-profile/layout.css HTTP/1.1" 304 0
[18/May/2026 01:39:18] "GET /static/game/css/club-profile/cards.css HTTP/1.1" 304 0
[18/May/2026 01:39:18] "GET /static/game/css/club-profile/trophies.css HTTP/1.1" 304 0
[18/May/2026 01:39:18] "GET /static/game/css/club-profile/matches.css HTTP/1.1" 304 0
[18/May/2026 01:39:18] "GET /static/game/css/club-profile/players.css HTTP/1.1" 304 0
[18/May/2026 01:39:18] "GET /static/game/css/club-profile/responsive.css HTTP/1.1" 304 0
[18/May/2026 01:39:22] "GET /clubs/3/table/ HTTP/1.1" 200 10128
[18/May/2026 01:39:29] "GET /clubs/3/news/ HTTP/1.1" 200 10115
[18/May/2026 01:39:34] "GET /admin/game/playertransferhistory/1/change/ HTTP/1.1" 200 28285
[18/May/2026 01:39:34] "GET /admin/jsi18n/ HTTP/1.1" 200 8351
C:\Users\mashu\Documents\Codex\Websoccer\Websoccer\game\club_profile.py changed, reloading.
Watching for file changes with StatReloader
C:\Users\mashu\Documents\Codex\Websoccer\Websoccer\game\migrations\0026_seed_public_club_profiles.py changed, reloading.
Watching for file changes with StatReloader
[18/May/2026 01:43:50] "GET /clubs/3/ HTTP/1.1" 200 28007
[18/May/2026 01:43:50,836] - Broken pipe from ('127.0.0.1', 60379)
[18/May/2026 01:44:15] "GET /clubs/3/ HTTP/1.1" 200 28007
[18/May/2026 01:44:15] "GET /static/game/css/club-profile.css HTTP/1.1" 304 0
[18/May/2026 01:44:16] "GET /static/game/css/club-profile/layout.css HTTP/1.1" 304 0
[18/May/2026 01:44:16] "GET /static/game/css/club-profile/cards.css HTTP/1.1" 304 0
[18/May/2026 01:44:16] "GET /static/game/css/global-dashboard/overview-dashboard.css HTTP/1.1" 200 31330
[18/May/2026 01:44:16] "GET /static/game/css/club-profile/identity.css HTTP/1.1" 200 3001
[18/May/2026 01:44:16] "GET /static/game/css/club-profile/matches.css HTTP/1.1" 200 3464
[18/May/2026 01:44:16] "GET /static/game/css/club-profile/trophies.css HTTP/1.1" 200 2469
[18/May/2026 01:44:16] "GET /static/game/css/club-profile/compact-panels.css HTTP/1.1" 200 4488
[18/May/2026 01:44:16] "GET /static/game/css/club-profile/players.css HTTP/1.1" 200 3340
[18/May/2026 01:44:16] "GET /static/game/css/club-profile/responsive.css HTTP/1.1" 304 0
[18/May/2026 01:44:16] "GET /static/game/images/player_composites/29221846_915_home.png HTTP/1.1" 304 0
[18/May/2026 01:44:16] "GET /static/game/images/player_composites/20041862_915_home.png HTTP/1.1" 304 0
[18/May/2026 01:44:16] "GET /static/game/images/player_composites/2000375662_915_home.png HTTP/1.1" 304 0
[18/May/2026 01:44:16] "GET /static/game/images/player_composites/2000259380_915_home.png HTTP/1.1" 304 0
[18/May/2026 01:44:16] "GET /static/game/images/player_composites/2000147056_915_home.png HTTP/1.1" 304 0
[18/May/2026 01:44:16] "GET /static/game/images/player_composites/91207698_915_home.png HTTP/1.1" 304 0
[18/May/2026 01:44:16] "GET /static/game/js/club-profile.js HTTP/1.1" 200 1817
[18/May/2026 01:45:05] "GET /clubs/3/ HTTP/1.1" 200 28029
[18/May/2026 01:45:05,958] - Broken pipe from ('127.0.0.1', 55542)
[18/May/2026 01:45:19] "GET /clubs/3/ HTTP/1.1" 200 28029
[18/May/2026 01:45:19] "GET /static/game/js/club-profile.js HTTP/1.1" 304 0
[18/May/2026 01:45:19] "GET /static/game/css/club-profile/matches.css HTTP/1.1" 304 0
[18/May/2026 01:45:19] "GET /static/game/css/club-profile/identity.css HTTP/1.1" 304 0
[18/May/2026 01:45:19] "GET /static/game/css/club-profile/compact-panels.css HTTP/1.1" 304 0
[18/May/2026 01:45:19] "GET /static/game/css/club-profile/trophies.css HTTP/1.1" 200 2861
[18/May/2026 01:45:19] "GET /static/game/css/club-profile/players.css HTTP/1.1" 304 0
[18/May/2026 01:45:34] "GET /clubs/3/ HTTP/1.1" 200 28029
[18/May/2026 01:45:34] "GET /static/game/css/global-dashboard/overview-dashboard.css HTTP/1.1" 304 0
[18/May/2026 01:45:34] "GET /static/game/css/club-profile/compact-panels.css HTTP/1.1" 304 0
[18/May/2026 01:45:34] "GET /static/game/css/club-profile/trophies.css HTTP/1.1" 304 0
[18/May/2026 01:46:51] "GET /clubs/3/ HTTP/1.1" 200 28029
[18/May/2026 01:46:52] "GET /static/game/css/club-profile.css HTTP/1.1" 304 0
[18/May/2026 01:46:52] "GET /static/game/images/player_composites/29221846_915_home.png HTTP/1.1" 304 0
[18/May/2026 01:46:52] "GET /static/game/images/player_composites/2000259380_915_home.png HTTP/1.1" 304 0
[18/May/2026 01:46:52] "GET /static/game/images/player_composites/91207698_915_home.png HTTP/1.1" 304 0
[18/May/2026 01:46:52] "GET /static/game/images/player_composites/20041862_915_home.png HTTP/1.1" 304 0
[18/May/2026 01:46:52] "GET /static/game/images/player_composites/2000147056_915_home.png HTTP/1.1" 304 0
[18/May/2026 01:46:52] "GET /static/game/images/player_composites/2000375662_915_home.png HTTP/1.1" 304 0
[18/May/2026 01:46:52] "GET /static/game/js/club-profile.js HTTP/1.1" 200 1817
[18/May/2026 01:46:52] "GET /static/game/css/global-dashboard/layout-nav.css HTTP/1.1" 304 0
[18/May/2026 01:46:52] "GET /static/game/css/global-dashboard/overview-dashboard.css HTTP/1.1" 304 0
[18/May/2026 01:46:52] "GET /static/game/css/club-profile/layout.css HTTP/1.1" 304 0
[18/May/2026 01:46:52] "GET /static/game/css/club-profile/cards.css HTTP/1.1" 304 0
[18/May/2026 01:46:52] "GET /static/game/css/club-profile/matches.css HTTP/1.1" 200 3464
[18/May/2026 01:46:52] "GET /static/game/css/club-profile/identity.css HTTP/1.1" 200 3001
[18/May/2026 01:46:52] "GET /static/game/css/club-profile/trophies.css HTTP/1.1" 200 2861
[18/May/2026 01:46:52] "GET /static/game/css/club-profile/responsive.css HTTP/1.1" 304 0
[18/May/2026 01:46:52] "GET /static/game/css/club-profile/compact-panels.css HTTP/1.1" 200 4488
[18/May/2026 01:46:52] "GET /static/game/css/club-profile/players.css HTTP/1.1" 200 3340
C:\Users\mashu\Documents\Codex\Websoccer\Websoccer\game\club_profile_highlights.py changed, reloading.
Watching for file changes with StatReloader
C:\Users\mashu\Documents\Codex\Websoccer\Websoccer\game\club_profile.py changed, reloading.
Watching for file changes with StatReloader
[18/May/2026 01:55:36] "GET /clubs/3/ HTTP/1.1" 200 27974
[18/May/2026 01:55:36] "GET /static/game/css/club-profile.css HTTP/1.1" 304 0
[18/May/2026 01:55:36] "GET /static/game/js/club-profile.js HTTP/1.1" 304 0
[18/May/2026 01:55:36] "GET /static/game/css/global-dashboard/layout-nav.css HTTP/1.1" 304 0
[18/May/2026 01:55:36] "GET /static/game/css/global-dashboard/overview-dashboard.css HTTP/1.1" 304 0
[18/May/2026 01:55:36] "GET /static/game/css/club-profile/layout.css HTTP/1.1" 304 0
[18/May/2026 01:55:36] "GET /static/game/css/club-profile/cards.css HTTP/1.1" 304 0
[18/May/2026 01:55:36] "GET /static/game/css/club-profile/identity.css HTTP/1.1" 304 0
[18/May/2026 01:55:36] "GET /static/game/css/club-profile/players.css HTTP/1.1" 304 0
[18/May/2026 01:55:36] "GET /static/game/css/club-profile/responsive.css HTTP/1.1" 304 0
[18/May/2026 01:55:36] "GET /static/game/css/club-profile/matches.css HTTP/1.1" 304 0
[18/May/2026 01:55:36] "GET /static/game/css/club-profile/trophies.css HTTP/1.1" 304 0
[18/May/2026 01:55:36] "GET /static/game/css/club-profile/compact-panels.css HTTP/1.1" 304 0
[18/May/2026 01:57:21] "GET /clubs/3/ HTTP/1.1" 200 28896
[18/May/2026 01:57:21] "GET /static/game/css/club-profile/players.css HTTP/1.1" 304 0
[18/May/2026 01:57:21] "GET /static/game/js/club-profile.js HTTP/1.1" 200 1614
[18/May/2026 01:57:21] "GET /static/game/css/club-profile/matches.css HTTP/1.1" 200 3689
[18/May/2026 01:57:21] "GET /static/game/css/club-profile/compact-panels.css HTTP/1.1" 200 5561
[18/May/2026 01:57:21] "GET /static/game/css/club-profile/trophies.css HTTP/1.1" 200 3552
[18/May/2026 01:57:21] "GET /static/game/css/club-profile/identity.css HTTP/1.1" 200 3015
[18/May/2026 01:57:21] "GET /clubs/3/ HTTP/1.1" 200 28896
[18/May/2026 01:57:21,652] - Broken pipe from ('127.0.0.1', 62781)
[18/May/2026 01:58:12] "GET /clubs/3/ HTTP/1.1" 200 28896
[18/May/2026 01:58:12] "GET /static/game/css/club-profile.css HTTP/1.1" 304 0
[18/May/2026 01:58:12] "GET /static/game/css/global-dashboard/overview-dashboard.css HTTP/1.1" 304 0
[18/May/2026 01:58:12] "GET /static/game/css/club-profile/layout.css HTTP/1.1" 304 0
[18/May/2026 01:58:12] "GET /static/game/css/club-profile/cards.css HTTP/1.1" 304 0
[18/May/2026 01:58:12] "GET /static/game/css/club-profile/identity.css HTTP/1.1" 200 3015
[18/May/2026 01:58:12] "GET /static/game/css/club-profile/matches.css HTTP/1.1" 200 3689
[18/May/2026 01:58:12] "GET /static/game/css/club-profile/trophies.css HTTP/1.1" 200 3552
[18/May/2026 01:58:12] "GET /static/game/css/club-profile/compact-panels.css HTTP/1.1" 200 5561
[18/May/2026 01:58:12] "GET /static/game/css/club-profile/players.css HTTP/1.1" 304 0
[18/May/2026 01:58:12] "GET /static/game/css/club-profile/responsive.css HTTP/1.1" 304 0
[18/May/2026 01:58:12] "GET /static/game/js/club-profile.js HTTP/1.1" 200 1614
[18/May/2026 01:58:59] "GET /clubs/3/ HTTP/1.1" 200 28896
[18/May/2026 01:58:59] "GET /static/game/css/club-profile.css HTTP/1.1" 304 0
[18/May/2026 01:58:59] "GET /static/game/js/club-profile.js HTTP/1.1" 304 0
[18/May/2026 01:58:59] "GET /static/game/css/global-dashboard/overview-dashboard.css HTTP/1.1" 304 0
[18/May/2026 01:58:59] "GET /static/game/css/club-profile/matches.css HTTP/1.1" 304 0
[18/May/2026 01:58:59] "GET /static/game/css/club-profile/trophies.css HTTP/1.1" 304 0
[18/May/2026 01:58:59] "GET /static/game/css/club-profile/compact-panels.css HTTP/1.1" 304 0
[18/May/2026 01:58:59] "GET /static/game/css/club-profile/layout.css HTTP/1.1" 304 0
[18/May/2026 01:58:59] "GET /static/game/css/club-profile/cards.css HTTP/1.1" 304 0
[18/May/2026 01:58:59] "GET /static/game/css/club-profile/identity.css HTTP/1.1" 200 3048
[18/May/2026 01:58:59] "GET /static/game/css/club-profile/players.css HTTP/1.1" 304 0
C:\Users\mashu\Documents\Codex\Websoccer\Websoccer\game\club_profile.py changed, reloading.
Watching for file changes with StatReloader
[18/May/2026 01:59:29] "GET /clubs/3/ HTTP/1.1" 200 28896
[18/May/2026 01:59:29,983] - Broken pipe from ('127.0.0.1', 52949)
[18/May/2026 01:59:41] "GET /clubs/3/ HTTP/1.1" 200 28896
[18/May/2026 01:59:41] "GET /static/game/js/club-profile.js HTTP/1.1" 304 0
[18/May/2026 01:59:41] "GET /static/game/css/club-profile/identity.css HTTP/1.1" 200 3048
[18/May/2026 01:59:41] "GET /static/game/css/club-profile/matches.css HTTP/1.1" 304 0
[18/May/2026 01:59:41] "GET /static/game/css/club-profile/trophies.css HTTP/1.1" 304 0
[18/May/2026 01:59:41] "GET /static/game/css/club-profile/compact-panels.css HTTP/1.1" 304 0
C:\Users\mashu\Documents\Codex\Websoccer\Websoccer\game\club_profile.py changed, reloading.
Watching for file changes with StatReloader
C:\Users\mashu\Documents\Codex\Websoccer\Websoccer\game\club_profile.py changed, reloading.
Watching for file changes with StatReloader
[18/May/2026 02:04:04] "GET /clubs/3/ HTTP/1.1" 200 28896
[18/May/2026 02:04:04] "GET /static/game/css/club-profile.css HTTP/1.1" 304 0
[18/May/2026 02:04:04] "GET /static/game/js/club-profile.js HTTP/1.1" 304 0
[18/May/2026 02:04:04] "GET /static/game/css/global-dashboard/layout-nav.css HTTP/1.1" 304 0
[18/May/2026 02:04:04] "GET /static/game/css/global-dashboard/overview-dashboard.css HTTP/1.1" 304 0
[18/May/2026 02:04:04] "GET /static/game/css/club-profile/cards.css HTTP/1.1" 304 0
[18/May/2026 02:04:04] "GET /static/game/css/club-profile/identity.css HTTP/1.1" 304 0
[18/May/2026 02:04:04] "GET /static/game/css/club-profile/matches.css HTTP/1.1" 304 0
[18/May/2026 02:04:04] "GET /static/game/css/club-profile/compact-panels.css HTTP/1.1" 304 0
[18/May/2026 02:04:04] "GET /static/game/css/club-profile/responsive.css HTTP/1.1" 304 0
[18/May/2026 02:04:04] "GET /static/game/css/club-profile/layout.css HTTP/1.1" 200 5127
[18/May/2026 02:04:04] "GET /static/game/css/club-profile/players.css HTTP/1.1" 200 3343
[18/May/2026 02:04:04] "GET /static/game/css/club-profile/trophies.css HTTP/1.1" 200 3029
[18/May/2026 02:04:04] "GET /static/game/images/backgrounds/trophy-cabinet-club-profile.png HTTP/1.1" 200 1528207
[18/May/2026 02:04:06] "GET /clubs/3/ HTTP/1.1" 200 28896
[18/May/2026 02:04:06,071] - Broken pipe from ('127.0.0.1', 54521)
[18/May/2026 02:04:57] "GET /clubs/3/ HTTP/1.1" 200 28896
[18/May/2026 02:04:58] "GET /static/game/css/club-profile.css HTTP/1.1" 304 0
[18/May/2026 02:04:58] "GET /static/game/css/global-dashboard/overview-dashboard.css HTTP/1.1" 304 0
[18/May/2026 02:04:58] "GET /static/game/css/club-profile/layout.css HTTP/1.1" 200 5127
[18/May/2026 02:04:58] "GET /static/game/css/club-profile/cards.css HTTP/1.1" 304 0
[18/May/2026 02:04:58] "GET /static/game/css/club-profile/identity.css HTTP/1.1" 304 0
[18/May/2026 02:04:58] "GET /static/game/css/club-profile/matches.css HTTP/1.1" 304 0
[18/May/2026 02:04:58] "GET /static/game/css/club-profile/trophies.css HTTP/1.1" 200 3029
[18/May/2026 02:04:58] "GET /static/game/css/club-profile/compact-panels.css HTTP/1.1" 304 0
[18/May/2026 02:04:58] "GET /static/game/css/club-profile/players.css HTTP/1.1" 200 3343
[18/May/2026 02:04:58] "GET /static/game/css/club-profile/responsive.css HTTP/1.1" 304 0
[18/May/2026 02:04:58] "GET /static/game/images/backgrounds/trophy-cabinet-club-profile.png HTTP/1.1" 200 1528207
[18/May/2026 02:04:58] "GET /static/game/js/club-profile.js HTTP/1.1" 304 0
[18/May/2026 02:05:20] "GET /clubs/3/ HTTP/1.1" 200 28896
[18/May/2026 02:05:20] "GET /static/game/js/club-profile.js HTTP/1.1" 304 0
[18/May/2026 02:05:20] "GET /static/game/css/club-profile/layout.css HTTP/1.1" 304 0
[18/May/2026 02:05:20] "GET /static/game/css/club-profile/trophies.css HTTP/1.1" 304 0
[18/May/2026 02:05:20] "GET /static/game/css/club-profile/matches.css HTTP/1.1" 304 0
[18/May/2026 02:05:20] "GET /static/game/css/club-profile/identity.css HTTP/1.1" 304 0
[18/May/2026 02:05:20] "GET /static/game/css/club-profile/compact-panels.css HTTP/1.1" 304 0
[18/May/2026 02:05:20] "GET /static/game/css/club-profile/players.css HTTP/1.1" 304 0
[18/May/2026 02:05:20] "GET /static/game/images/backgrounds/trophy-cabinet-club-profile.png HTTP/1.1" 304 0
[18/May/2026 02:05:41] "GET /clubs/3/ HTTP/1.1" 200 28896
[18/May/2026 02:05:41] "GET /static/game/css/club-profile/layout.css HTTP/1.1" 304 0
[18/May/2026 02:05:41] "GET /static/game/css/club-profile/players.css HTTP/1.1" 304 0
[18/May/2026 02:05:41] "GET /static/game/css/club-profile/trophies.css HTTP/1.1" 200 3017
[18/May/2026 02:05:49] "GET /clubs/3/ HTTP/1.1" 200 28896
[18/May/2026 02:05:49] "GET /static/game/css/club-profile/trophies.css HTTP/1.1" 304 0
[18/May/2026 02:05:50] "GET /clubs/3/ HTTP/1.1" 200 28896
[18/May/2026 02:05:50] "GET /static/game/css/club-profile/trophies.css HTTP/1.1" 304 0
[18/May/2026 02:06:04] "GET /clubs/3/ HTTP/1.1" 200 28896
[18/May/2026 02:06:04] "GET /static/game/js/club-profile.js HTTP/1.1" 304 0
[18/May/2026 02:06:04] "GET /static/game/css/club-profile/layout.css HTTP/1.1" 304 0
[18/May/2026 02:06:04] "GET /static/game/css/club-profile/identity.css HTTP/1.1" 304 0
[18/May/2026 02:06:04] "GET /static/game/css/club-profile/matches.css HTTP/1.1" 304 0
[18/May/2026 02:06:04] "GET /static/game/css/club-profile/trophies.css HTTP/1.1" 200 3017
[18/May/2026 02:06:04] "GET /static/game/css/club-profile/compact-panels.css HTTP/1.1" 304 0
[18/May/2026 02:06:04] "GET /static/game/css/club-profile/players.css HTTP/1.1" 304 0
[18/May/2026 02:06:08] "GET /clubs/3/ HTTP/1.1" 200 28896
[18/May/2026 02:06:08] "GET /static/game/css/club-profile/identity.css HTTP/1.1" 304 0
[18/May/2026 02:06:08] "GET /static/game/css/club-profile/players.css HTTP/1.1" 304 0
[18/May/2026 02:06:08] "GET /static/game/css/club-profile/trophies.css HTTP/1.1" 304 0
[18/May/2026 02:06:08] "GET /static/game/css/club-profile/layout.css HTTP/1.1" 304 0
[18/May/2026 02:06:46] "GET / HTTP/1.1" 200 47786
[18/May/2026 02:06:46] "GET /static/game/css/global-dashboard/overview-dashboard.css?v=overview-20260518-1 HTTP/1.1" 200 31330
[18/May/2026 02:06:46] "GET /static/game/images/backgrounds/overview/overview-navigation.png HTTP/1.1" 304 0
[18/May/2026 02:06:46] "GET /static/game/images/backgrounds/overview/overview-manager.png HTTP/1.1" 304 0
[18/May/2026 02:06:46] "GET /static/game/images/backgrounds/overview/overview-chat.png HTTP/1.1" 304 0
[18/May/2026 02:06:46] "GET /static/game/images/backgrounds/overview/overview-table.png HTTP/1.1" 304 0
[18/May/2026 02:06:46] "GET /static/game/images/backgrounds/overview/overview-transfer.png HTTP/1.1" 304 0
[18/May/2026 02:06:46] "GET /static/game/images/backgrounds/overview/overview-sim-news.png HTTP/1.1" 304 0
[18/May/2026 02:06:46] "GET /static/game/images/backgrounds/overview/overview-news.png HTTP/1.1" 304 0
[18/May/2026 02:06:46] "GET /static/game/images/backgrounds/overview/overview-social.png?v=2 HTTP/1.1" 304 0
[18/May/2026 02:06:46] "GET /static/game/images/backgrounds/overview/overview-live.png HTTP/1.1" 304 0
[18/May/2026 02:06:46] "GET /static/game/images/backgrounds/overview/overview-stats.png HTTP/1.1" 304 0
[18/May/2026 02:06:59] "GET /clubs/3/ HTTP/1.1" 200 28896
[18/May/2026 02:07:00] "GET /static/game/css/club-profile/players.css HTTP/1.1" 304 0
[18/May/2026 02:07:00] "GET /static/game/css/club-profile/identity.css HTTP/1.1" 304 0
[18/May/2026 02:07:00] "GET /static/game/css/club-profile/layout.css HTTP/1.1" 304 0
[18/May/2026 02:07:00] "GET /static/game/css/club-profile/compact-panels.css HTTP/1.1" 304 0
[18/May/2026 02:07:00] "GET /static/game/css/club-profile/trophies.css HTTP/1.1" 200 2980
[18/May/2026 02:07:00] "GET /static/game/images/backgrounds/trophy-cabinet-club-profile.png HTTP/1.1" 304 0
[18/May/2026 02:07:02] "GET /clubs/ HTTP/1.1" 200 15987
[18/May/2026 02:07:04] "GET /clubs/3/ HTTP/1.1" 200 28896
[18/May/2026 02:07:04] "GET /static/game/js/club-profile.js HTTP/1.1" 304 0
[18/May/2026 02:07:04] "GET /static/game/css/club-profile/layout.css HTTP/1.1" 304 0
[18/May/2026 02:07:04] "GET /static/game/css/club-profile/matches.css HTTP/1.1" 304 0
[18/May/2026 02:07:04] "GET /static/game/css/club-profile/compact-panels.css HTTP/1.1" 304 0
[18/May/2026 02:07:04] "GET /static/game/css/club-profile/identity.css HTTP/1.1" 304 0
[18/May/2026 02:07:04] "GET /static/game/css/club-profile/players.css HTTP/1.1" 304 0
[18/May/2026 02:07:04] "GET /static/game/css/club-profile/trophies.css HTTP/1.1" 200 2980
[18/May/2026 02:07:04] "GET /static/game/images/backgrounds/trophy-cabinet-club-profile.png HTTP/1.1" 304 0
[18/May/2026 02:07:06] "GET /players/552/ HTTP/1.1" 200 68309
[18/May/2026 02:07:16] "GET / HTTP/1.1" 200 47786
[18/May/2026 02:07:50] "GET / HTTP/1.1" 200 47786
[18/May/2026 02:07:50] "GET /static/game/css/global-dashboard/overview-dashboard.css HTTP/1.1" 304 0
[18/May/2026 02:08:23] "GET /clubs/3/ HTTP/1.1" 200 28896
[18/May/2026 02:08:23] "GET /static/game/css/club-profile.css HTTP/1.1" 304 0
[18/May/2026 02:08:23] "GET /static/game/js/club-profile.js HTTP/1.1" 304 0
[18/May/2026 02:08:23] "GET /static/game/css/club-profile/cards.css HTTP/1.1" 304 0
[18/May/2026 02:08:23] "GET /static/game/css/club-profile/layout.css HTTP/1.1" 200 5092
[18/May/2026 02:08:23] "GET /static/game/css/club-profile/matches.css HTTP/1.1" 304 0
[18/May/2026 02:08:23] "GET /static/game/css/club-profile/players.css HTTP/1.1" 304 0
[18/May/2026 02:08:23] "GET /static/game/css/club-profile/trophies.css HTTP/1.1" 304 0
[18/May/2026 02:08:23] "GET /static/game/css/club-profile/identity.css HTTP/1.1" 200 3074
[18/May/2026 02:08:23] "GET /static/game/css/club-profile/compact-panels.css HTTP/1.1" 304 0
[18/May/2026 02:08:28] "GET /clubs/3/ HTTP/1.1" 200 28896
[18/May/2026 02:08:28] "GET /static/game/js/club-profile.js HTTP/1.1" 304 0
[18/May/2026 02:08:28] "GET /static/game/css/global-dashboard/overview-dashboard.css HTTP/1.1" 304 0
[18/May/2026 02:08:28] "GET /static/game/css/club-profile/matches.css HTTP/1.1" 304 0
[18/May/2026 02:08:28] "GET /static/game/css/club-profile/trophies.css HTTP/1.1" 304 0
[18/May/2026 02:08:28] "GET /static/game/css/club-profile/layout.css HTTP/1.1" 200 5092
[18/May/2026 02:08:28] "GET /static/game/css/club-profile/identity.css HTTP/1.1" 200 3074
[18/May/2026 02:08:28] "GET /static/game/css/club-profile/players.css HTTP/1.1" 304 0
[18/May/2026 02:08:28] "GET /static/game/css/club-profile/compact-panels.css HTTP/1.1" 304 0
[18/May/2026 02:08:28] "GET /static/game/images/backgrounds/trophy-cabinet-club-profile.png HTTP/1.1" 304 0
[18/May/2026 02:08:50] "GET / HTTP/1.1" 200 47786
[18/May/2026 02:12:44] "GET /clubs/3/ HTTP/1.1" 200 28896
[18/May/2026 02:21:55] "GET / HTTP/1.1" 200 47786
[18/May/2026 02:21:55] "GET /static/game/css/global-dashboard/overview-dashboard.css?v=overview-20260518-1 HTTP/1.1" 304 0
[18/May/2026 02:21:55] "GET /static/game/css/global-dashboard/layout-nav.css HTTP/1.1" 304 0
[18/May/2026 02:21:55] "GET /static/game/css/global-dashboard/overview-dashboard.css HTTP/1.1" 304 0
[18/May/2026 02:21:55] "GET /static/game/images/backgrounds/overview/overview-social.png?v=2 HTTP/1.1" 304 0
[18/May/2026 02:21:58] "GET /clubs/ HTTP/1.1" 200 15987
[18/May/2026 02:21:59] "GET /clubs/3/ HTTP/1.1" 200 28896
[18/May/2026 02:21:59] "GET /static/game/css/club-profile.css HTTP/1.1" 304 0
[18/May/2026 02:21:59] "GET /static/game/css/club-profile/layout.css HTTP/1.1" 304 0
[18/May/2026 02:21:59] "GET /static/game/css/club-profile/cards.css HTTP/1.1" 304 0
[18/May/2026 02:21:59] "GET /static/game/css/club-profile/compact-panels.css HTTP/1.1" 304 0
[18/May/2026 02:21:59] "GET /static/game/css/club-profile/identity.css HTTP/1.1" 304 0
[18/May/2026 02:21:59] "GET /static/game/css/club-profile/responsive.css HTTP/1.1" 304 0
[18/May/2026 02:21:59] "GET /static/game/css/club-profile/matches.css HTTP/1.1" 304 0
[18/May/2026 02:21:59] "GET /static/game/css/club-profile/trophies.css HTTP/1.1" 304 0
[18/May/2026 02:21:59] "GET /static/game/css/club-profile/players.css HTTP/1.1" 304 0
[18/May/2026 02:21:59] "GET /static/game/js/club-profile.js HTTP/1.1" 304 0
[18/May/2026 02:21:59] "GET /static/game/images/backgrounds/trophy-cabinet-club-profile.png HTTP/1.1" 304 0
[18/May/2026 02:22:38] "GET /clubs/3/ HTTP/1.1" 200 28896
[18/May/2026 02:24:33] "GET /clubs/3/ HTTP/1.1" 200 29386
[18/May/2026 02:24:33] "GET /static/game/css/club-profile.css HTTP/1.1" 304 0
[18/May/2026 02:24:34] "GET /static/game/css/global-dashboard/overview-dashboard.css HTTP/1.1" 304 0
[18/May/2026 02:24:34] "GET /static/game/css/club-profile/layout.css HTTP/1.1" 200 5103
[18/May/2026 02:24:34] "GET /static/game/css/club-profile/cards.css HTTP/1.1" 304 0
[18/May/2026 02:24:34] "GET /static/game/css/club-profile/identity.css HTTP/1.1" 200 3032
[18/May/2026 02:24:34] "GET /static/game/css/club-profile/matches.css HTTP/1.1" 200 3689
[18/May/2026 02:24:34] "GET /static/game/css/club-profile/trophies.css HTTP/1.1" 200 3049
[18/May/2026 02:24:34] "GET /static/game/css/club-profile/players.css HTTP/1.1" 200 3213
[18/May/2026 02:24:34] "GET /static/game/css/club-profile/compact-panels.css HTTP/1.1" 200 5938
[18/May/2026 02:24:34] "GET /static/game/css/club-profile/responsive.css HTTP/1.1" 304 0
[18/May/2026 02:24:34] "GET /static/game/images/backgrounds/trophy-cabinet-club-profile.png HTTP/1.1" 304 0
[18/May/2026 02:24:34] "GET /static/game/js/club-profile.js HTTP/1.1" 304 0
[18/May/2026 02:25:48] "GET /clubs/3/ HTTP/1.1" 200 29386
[18/May/2026 02:25:48] "GET /static/game/css/club-profile/layout.css HTTP/1.1" 200 5103
[18/May/2026 02:25:48] "GET /static/game/css/club-profile/identity.css HTTP/1.1" 200 3043
[18/May/2026 02:25:48] "GET /static/game/css/club-profile/matches.css HTTP/1.1" 304 0
[18/May/2026 02:25:48] "GET /static/game/css/club-profile/trophies.css HTTP/1.1" 304 0
[18/May/2026 02:25:48] "GET /static/game/css/club-profile/compact-panels.css HTTP/1.1" 304 0
[18/May/2026 02:25:48] "GET /static/game/css/club-profile/players.css HTTP/1.1" 304 0
[18/May/2026 02:27:56] "GET /clubs/3/ HTTP/1.1" 200 29590
[18/May/2026 02:27:56] "GET /static/game/js/club-profile.js HTTP/1.1" 304 0
[18/May/2026 02:27:56] "GET /static/game/css/club-profile/layout.css HTTP/1.1" 304 0
[18/May/2026 02:27:56] "GET /static/game/css/club-profile/identity.css HTTP/1.1" 304 0
[18/May/2026 02:27:56] "GET /static/game/css/club-profile/matches.css HTTP/1.1" 304 0
[18/May/2026 02:27:56] "GET /static/game/css/club-profile/trophies.css HTTP/1.1" 304 0
[18/May/2026 02:27:56] "GET /static/game/css/club-profile/players.css HTTP/1.1" 304 0
[18/May/2026 02:27:56] "GET /static/game/css/club-profile/compact-panels.css HTTP/1.1" 200 6657
[18/May/2026 02:27:56] "GET /static/game/images/backgrounds/trophy-cabinet-club-profile.png HTTP/1.1" 304 0
[18/May/2026 02:28:30] "GET /clubs/3/ HTTP/1.1" 200 29590
[18/May/2026 02:28:30] "GET /static/game/css/club-profile/compact-panels.css HTTP/1.1" 304 0
[18/May/2026 02:28:30] "GET /static/game/css/club-profile/players.css HTTP/1.1" 304 0
[18/May/2026 02:28:30] "GET /static/game/css/club-profile/identity.css HTTP/1.1" 304 0
[18/May/2026 02:28:30] "GET /static/game/css/club-profile/layout.css HTTP/1.1" 304 0
[18/May/2026 02:28:30] "GET /static/game/css/club-profile/matches.css HTTP/1.1" 304 0
[18/May/2026 02:28:30] "GET /static/game/css/club-profile/trophies.css HTTP/1.1" 200 3168
[18/May/2026 08:12:34] "GET /clubs/3/ HTTP/1.1" 200 29590
[18/May/2026 08:12:34] "GET /static/game/css/global-dashboard.css HTTP/1.1" 304 0
[18/May/2026 08:12:34] "GET /static/game/css/global-dashboard/header.css HTTP/1.1" 304 0
[18/May/2026 08:12:34] "GET /static/game/css/club-profile.css HTTP/1.1" 304 0
[18/May/2026 08:12:34] "GET /static/game/js/club-profile.js HTTP/1.1" 304 0
[18/May/2026 08:12:34] "GET /static/game/images/city/915.jpg HTTP/1.1" 304 0
[18/May/2026 08:12:34] "GET /static/game/css/global-dashboard/layout-nav.css HTTP/1.1" 304 0
[18/May/2026 08:12:34] "GET /static/game/css/global-dashboard/overview-dashboard.css HTTP/1.1" 304 0
[18/May/2026 08:12:34] "GET /static/game/css/club-profile/cards.css HTTP/1.1" 304 0
[18/May/2026 08:12:34] "GET /static/game/css/club-profile/identity.css HTTP/1.1" 200 3043
[18/May/2026 08:12:34] "GET /static/game/css/club-profile/layout.css HTTP/1.1" 200 5103
[18/May/2026 08:12:34] "GET /static/game/css/club-profile/matches.css HTTP/1.1" 200 3689
[18/May/2026 08:12:34] "GET /static/game/css/club-profile/trophies.css HTTP/1.1" 200 3168
[18/May/2026 08:12:34] "GET /static/game/css/club-profile/responsive.css HTTP/1.1" 304 0
[18/May/2026 08:12:34] "GET /static/game/css/club-profile/players.css HTTP/1.1" 200 3213
[18/May/2026 08:12:34] "GET /static/game/css/club-profile/compact-panels.css HTTP/1.1" 200 6657
[18/May/2026 08:12:34] "GET /static/game/images/backgrounds/trophy-cabinet-club-profile.png HTTP/1.1" 304 0
[18/May/2026 08:17:25] "GET /clubs/3/ HTTP/1.1" 200 29590
C:\Users\mashu\Documents\Codex\Websoccer\Websoccer\game\club_profile_highlights.py changed, reloading.
Watching for file changes with StatReloader
[18/May/2026 08:22:43] "GET /clubs/3/ HTTP/1.1" 200 31237
[18/May/2026 08:22:43] "GET /static/game/css/global-dashboard.css HTTP/1.1" 304 0
[18/May/2026 08:22:43] "GET /static/game/css/global-dashboard/header.css HTTP/1.1" 304 0
[18/May/2026 08:22:43] "GET /static/game/css/club-profile.css HTTP/1.1" 304 0
[18/May/2026 08:22:43] "GET /static/game/images/city/915.jpg HTTP/1.1" 304 0
[18/May/2026 08:22:43] "GET /static/game/js/club-profile.js HTTP/1.1" 304 0
[18/May/2026 08:22:43] "GET /static/game/css/global-dashboard/dashboard-cards.css HTTP/1.1" 304 0
[18/May/2026 08:22:43] "GET /static/game/css/global-dashboard/overview-dashboard.css HTTP/1.1" 304 0
[18/May/2026 08:22:43] "GET /static/game/css/global-dashboard/tables-lists.css HTTP/1.1" 304 0
[18/May/2026 08:22:43] "GET /static/game/css/global-dashboard/responsive.css HTTP/1.1" 304 0
[18/May/2026 08:22:43] "GET /static/game/css/club-profile/cards.css HTTP/1.1" 304 0
[18/May/2026 08:22:43] "GET /static/game/css/global-dashboard/layout-nav.css HTTP/1.1" 200 21152
[18/May/2026 08:22:43] "GET /static/game/css/club-profile/trophies.css HTTP/1.1" 200 3168
[18/May/2026 08:22:43] "GET /static/game/css/club-profile/compact-panels.css HTTP/1.1" 200 6859
[18/May/2026 08:22:43] "GET /static/game/css/club-profile/players.css HTTP/1.1" 200 3862
[18/May/2026 08:22:43] "GET /static/game/css/club-profile/responsive.css HTTP/1.1" 304 0
[18/May/2026 08:22:43] "GET /static/game/css/club-profile/layout.css HTTP/1.1" 200 5092
[18/May/2026 08:22:43] "GET /static/game/css/club-profile/identity.css HTTP/1.1" 200 3058
[18/May/2026 08:22:43] "GET /static/game/css/club-profile/matches.css HTTP/1.1" 200 3711
[18/May/2026 08:22:43] "GET /static/game/images/backgrounds/trophy-cabinet-club-profile.png HTTP/1.1" 304 0
[18/May/2026 08:23:21] "GET /clubs/3/ HTTP/1.1" 200 31237
[18/May/2026 08:24:06] "GET /clubs/3/ HTTP/1.1" 200 31237
[18/May/2026 08:25:28] "GET /clubs/3/ HTTP/1.1" 200 31237
[18/May/2026 08:25:29] "GET /static/game/css/club-profile/layout.css HTTP/1.1" 304 0
[18/May/2026 08:25:29] "GET /static/game/css/club-profile/identity.css HTTP/1.1" 304 0
[18/May/2026 08:25:29] "GET /static/game/css/club-profile/matches.css HTTP/1.1" 200 3745
[18/May/2026 08:25:29] "GET /static/game/css/club-profile/compact-panels.css HTTP/1.1" 200 6859
[18/May/2026 08:25:29] "GET /static/game/css/club-profile/trophies.css HTTP/1.1" 304 0
[18/May/2026 08:25:29] "GET /static/game/css/club-profile/players.css HTTP/1.1" 200 3896
[18/May/2026 10:22:53] "GET /clubs/3/ HTTP/1.1" 200 31237
[18/May/2026 10:22:53] "GET /static/game/css/club-profile.css HTTP/1.1" 304 0
[18/May/2026 10:22:53] "GET /static/game/css/global-dashboard/layout-nav.css HTTP/1.1" 304 0
[18/May/2026 10:22:53] "GET /static/game/css/global-dashboard/tables-lists.css HTTP/1.1" 304 0
[18/May/2026 10:22:53] "GET /static/game/css/global-dashboard/dashboard-cards.css HTTP/1.1" 304 0
[18/May/2026 10:22:53] "GET /static/game/css/global-dashboard/overview-dashboard.css HTTP/1.1" 304 0
[18/May/2026 10:22:53] "GET /static/game/css/club-profile/matches.css HTTP/1.1" 200 3745
[18/May/2026 10:22:53] "GET /static/game/css/global-dashboard/responsive.css HTTP/1.1" 304 0
[18/May/2026 10:22:53] "GET /static/game/css/club-profile/identity.css HTTP/1.1" 200 3058
[18/May/2026 10:22:53] "GET /static/game/css/club-profile/cards.css HTTP/1.1" 304 0
[18/May/2026 10:22:53] "GET /static/game/css/club-profile/layout.css HTTP/1.1" 200 5092
[18/May/2026 10:22:53] "GET /static/game/css/club-profile/compact-panels.css HTTP/1.1" 200 6859
[18/May/2026 10:22:53] "GET /static/game/css/club-profile/responsive.css HTTP/1.1" 304 0
[18/May/2026 10:22:53] "GET /static/game/css/club-profile/trophies.css HTTP/1.1" 200 3168
[18/May/2026 10:22:53] "GET /static/game/css/club-profile/players.css HTTP/1.1" 200 3896
[18/May/2026 10:22:53] "GET /static/game/images/backgrounds/trophy-cabinet-club-profile.png HTTP/1.1" 304 0
[18/May/2026 10:22:53] "GET /static/game/js/club-profile.js HTTP/1.1" 304 0
[18/May/2026 10:27:14] "GET /clubs/3/ HTTP/1.1" 200 31237
[18/May/2026 10:29:55] "GET /clubs/3/ HTTP/1.1" 200 31237
[18/May/2026 10:29:55] "GET /static/game/images/icons/stat-goals.svg HTTP/1.1" 304 0
[18/May/2026 10:29:57] "GET /clubs/3/ HTTP/1.1" 200 31237
[18/May/2026 10:29:57] "GET /clubs/3/ HTTP/1.1" 200 31237
[18/May/2026 10:30:04] "GET /clubs/3/ HTTP/1.1" 200 31237
[18/May/2026 10:30:05] "GET /static/game/css/club-profile.css HTTP/1.1" 304 0
[18/May/2026 10:30:05] "GET /static/game/images/icons/stat-goals.svg HTTP/1.1" 304 0
[18/May/2026 10:30:05] "GET /static/game/js/club-profile.js HTTP/1.1" 304 0
[18/May/2026 10:30:05] "GET /static/game/css/global-dashboard/layout-nav.css HTTP/1.1" 304 0
[18/May/2026 10:30:05] "GET /static/game/css/global-dashboard/overview-dashboard.css HTTP/1.1" 304 0
[18/May/2026 10:30:05] "GET /static/game/css/club-profile/layout.css HTTP/1.1" 304 0
[18/May/2026 10:30:05] "GET /static/game/css/club-profile/cards.css HTTP/1.1" 304 0
[18/May/2026 10:30:05] "GET /static/game/css/club-profile/identity.css HTTP/1.1" 304 0
[18/May/2026 10:30:05] "GET /static/game/css/club-profile/matches.css HTTP/1.1" 304 0
[18/May/2026 10:30:05] "GET /static/game/css/club-profile/trophies.css HTTP/1.1" 304 0
[18/May/2026 10:30:05] "GET /static/game/css/club-profile/compact-panels.css HTTP/1.1" 200 6870
[18/May/2026 10:30:05] "GET /static/game/css/club-profile/players.css HTTP/1.1" 304 0
[18/May/2026 10:30:05] "GET /static/game/css/club-profile/responsive.css HTTP/1.1" 304 0
[18/May/2026 10:30:05] "GET /static/game/images/backgrounds/trophy-cabinet-club-profile.png HTTP/1.1" 304 0
[18/May/2026 10:48:06] "GET /clubs/3/ HTTP/1.1" 200 33324
[18/May/2026 10:48:06] "GET /static/game/css/club-profile/layout.css HTTP/1.1" 200 5092
[18/May/2026 10:48:06] "GET /static/game/css/club-profile/identity.css HTTP/1.1" 200 4414
[18/May/2026 10:48:06] "GET /static/game/css/club-profile/matches.css HTTP/1.1" 304 0
[18/May/2026 10:48:06] "GET /static/game/css/club-profile/trophies.css HTTP/1.1" 304 0
[18/May/2026 10:48:06] "GET /static/game/css/club-profile/players.css HTTP/1.1" 304 0
[18/May/2026 10:48:06] "GET /static/game/css/club-profile/compact-panels.css HTTP/1.1" 200 7717
[18/May/2026 10:48:06] "GET /static/game/images/backgrounds/club-news-profile.png HTTP/1.1" 200 1263036
[18/May/2026 11:25:16] "GET /clubs/3/ HTTP/1.1" 200 33324
[18/May/2026 11:25:16] "GET /static/game/css/club-profile.css HTTP/1.1" 304 0
[18/May/2026 11:25:16] "GET /static/game/css/global-dashboard/overview-dashboard.css HTTP/1.1" 304 0
[18/May/2026 11:25:16] "GET /static/game/css/club-profile/layout.css HTTP/1.1" 304 0
[18/May/2026 11:25:16] "GET /static/game/css/club-profile/cards.css HTTP/1.1" 304 0
[18/May/2026 11:25:16] "GET /static/game/css/club-profile/identity.css HTTP/1.1" 304 0
[18/May/2026 11:25:16] "GET /static/game/css/club-profile/matches.css HTTP/1.1" 304 0
[18/May/2026 11:25:16] "GET /static/game/css/club-profile/trophies.css HTTP/1.1" 304 0
[18/May/2026 11:25:16] "GET /static/game/css/club-profile/compact-panels.css HTTP/1.1" 304 0
[18/May/2026 11:25:16] "GET /static/game/css/club-profile/players.css HTTP/1.1" 304 0
[18/May/2026 11:25:16] "GET /static/game/css/club-profile/responsive.css HTTP/1.1" 304 0
[18/May/2026 11:25:16] "GET /static/game/images/backgrounds/player-profile-stadium-atmosphere.svg HTTP/1.1" 304 0
[18/May/2026 11:25:16] "GET /static/game/images/stadiums/germany/fc-bayern.jpg HTTP/1.1" 304 0
[18/May/2026 11:25:16] "GET /static/game/images/stadiums/germany/b-dortmund.jpg HTTP/1.1" 304 0
[18/May/2026 11:25:16] "GET /static/game/js/club-profile.js HTTP/1.1" 304 0
[18/May/2026 11:25:16] "GET /static/game/images/backgrounds/trophy-cabinet-club-profile.png HTTP/1.1" 304 0
[18/May/2026 11:26:00] "GET /clubs/3/ HTTP/1.1" 200 33324
[18/May/2026 11:26:00] "GET /static/game/css/club-profile.css HTTP/1.1" 304 0
[18/May/2026 11:26:00] "GET /static/game/css/global-dashboard/layout-nav.css HTTP/1.1" 304 0
[18/May/2026 11:26:00] "GET /static/game/css/global-dashboard/overview-dashboard.css HTTP/1.1" 304 0
[18/May/2026 11:26:00] "GET /static/game/css/club-profile/layout.css HTTP/1.1" 200 5092
[18/May/2026 11:26:00] "GET /static/game/css/club-profile/cards.css HTTP/1.1" 304 0
[18/May/2026 11:26:00] "GET /static/game/css/club-profile/compact-panels.css HTTP/1.1" 200 7717
[18/May/2026 11:26:00] "GET /static/game/css/club-profile/matches.css HTTP/1.1" 304 0
[18/May/2026 11:26:00] "GET /static/game/css/club-profile/players.css HTTP/1.1" 304 0
[18/May/2026 11:26:00] "GET /static/game/css/club-profile/identity.css HTTP/1.1" 200 4414
[18/May/2026 11:26:00] "GET /static/game/css/club-profile/trophies.css HTTP/1.1" 304 0
[18/May/2026 11:26:00] "GET /static/game/css/club-profile/responsive.css HTTP/1.1" 304 0
[18/May/2026 11:26:00] "GET /static/game/images/stadiums/germany/fc-bayern.jpg HTTP/1.1" 304 0
[18/May/2026 11:26:00] "GET /static/game/images/stadiums/germany/b-dortmund.jpg HTTP/1.1" 304 0
[18/May/2026 11:26:00] "GET /static/game/images/backgrounds/trophy-cabinet-club-profile.png HTTP/1.1" 304 0
[18/May/2026 11:26:00] "GET /static/game/images/backgrounds/player-profile-stadium-atmosphere.svg HTTP/1.1" 304 0
[18/May/2026 11:26:00] "GET /static/game/js/club-profile.js HTTP/1.1" 304 0
[18/May/2026 11:26:00] "GET /static/game/images/backgrounds/club-news-profile.png HTTP/1.1" 200 1263036
[18/May/2026 11:52:10] "GET /clubs/3/ HTTP/1.1" 200 33419
[18/May/2026 11:52:11] "GET /static/game/css/global-dashboard/layout-nav.css HTTP/1.1" 304 0
[18/May/2026 11:52:11] "GET /static/game/css/club-profile/layout.css HTTP/1.1" 304 0
[18/May/2026 11:52:11] "GET /static/game/css/club-profile/identity.css HTTP/1.1" 200 4385
[18/May/2026 11:52:11] "GET /static/game/css/club-profile/matches.css HTTP/1.1" 200 4545
[18/May/2026 11:52:11] "GET /static/game/css/club-profile/trophies.css HTTP/1.1" 304 0
[18/May/2026 11:52:11] "GET /static/game/css/club-profile/players.css HTTP/1.1" 200 4409
[18/May/2026 11:52:11] "GET /static/game/css/club-profile/compact-panels.css HTTP/1.1" 200 8433
[18/May/2026 11:52:11] "GET /static/game/images/backgrounds/club-youth-highlights-profile.png HTTP/1.1" 200 1528272
[18/May/2026 11:52:11] "GET /static/game/images/backgrounds/club-pro-highlights-profile.png HTTP/1.1" 200 1500375
[18/May/2026 11:52:11] "GET /static/game/images/backgrounds/club-table-profile.png HTTP/1.1" 200 1373315
[18/May/2026 11:52:11] "GET /static/game/images/backgrounds/club-kits-profile.png HTTP/1.1" 200 1660099
[18/May/2026 11:52:11] "GET /static/game/images/backgrounds/club-partner-profile.png HTTP/1.1" 200 1751161
[18/May/2026 12:26:29] "GET /clubs/3/ HTTP/1.1" 200 33419
[18/May/2026 12:26:29] "GET /static/game/css/club-profile.css HTTP/1.1" 304 0
[18/May/2026 12:26:29] "GET /static/game/images/players/28049320.png HTTP/1.1" 304 0
[18/May/2026 12:26:29] "GET /static/game/js/club-profile.js HTTP/1.1" 304 0
[18/May/2026 12:26:29] "GET /static/game/css/global-dashboard/overview-dashboard.css HTTP/1.1" 304 0
[18/May/2026 12:26:29] "GET /static/game/css/club-profile/layout.css HTTP/1.1" 304 0
[18/May/2026 12:26:29] "GET /static/game/css/club-profile/cards.css HTTP/1.1" 304 0
[18/May/2026 12:26:29] "GET /static/game/css/club-profile/identity.css HTTP/1.1" 200 4385
[18/May/2026 12:26:29] "GET /static/game/css/club-profile/matches.css HTTP/1.1" 200 4545
[18/May/2026 12:26:29] "GET /static/game/css/club-profile/trophies.css HTTP/1.1" 304 0
[18/May/2026 12:26:29] "GET /static/game/css/club-profile/players.css HTTP/1.1" 200 4409
[18/May/2026 12:26:29] "GET /static/game/css/club-profile/compact-panels.css HTTP/1.1" 200 8433
[18/May/2026 12:26:29] "GET /static/game/images/backgrounds/trophy-cabinet-club-profile.png HTTP/1.1" 304 0
[18/May/2026 12:26:29] "GET /static/game/images/backgrounds/club-table-profile.png HTTP/1.1" 200 1373315
[18/May/2026 12:26:29] "GET /static/game/images/backgrounds/club-youth-highlights-profile.png HTTP/1.1" 200 1528272
[18/May/2026 12:26:29] "GET /static/game/images/backgrounds/club-pro-highlights-profile.png HTTP/1.1" 200 1500375
[18/May/2026 12:26:29] "GET /static/game/images/backgrounds/club-kits-profile.png HTTP/1.1" 200 1660099
[18/May/2026 12:26:29] "GET /static/game/images/backgrounds/club-partner-profile.png HTTP/1.1" 200 1751161
[18/May/2026 12:35:09] "GET /clubs/3/ HTTP/1.1" 200 33419
[18/May/2026 12:35:09] "GET /static/game/css/global-dashboard/layout-nav.css HTTP/1.1" 304 0
[18/May/2026 12:35:09] "GET /static/game/css/club-profile/identity.css HTTP/1.1" 304 0
[18/May/2026 12:35:09] "GET /static/game/css/club-profile/matches.css HTTP/1.1" 304 0
[18/May/2026 12:35:09] "GET /static/game/css/club-profile/compact-panels.css HTTP/1.1" 304 0
[18/May/2026 12:35:09] "GET /static/game/css/club-profile/players.css HTTP/1.1" 304 0
[18/May/2026 12:35:09] "GET /static/game/css/club-profile/responsive.css HTTP/1.1" 304 0
[18/May/2026 12:35:09] "GET /static/game/images/backgrounds/club-pro-highlights-profile.png HTTP/1.1" 304 0
[18/May/2026 12:35:09] "GET /static/game/images/backgrounds/club-kits-profile.png HTTP/1.1" 304 0
[18/May/2026 12:35:09] "GET /static/game/images/backgrounds/club-youth-highlights-profile.png HTTP/1.1" 304 0
[18/May/2026 12:35:09] "GET /static/game/images/backgrounds/club-partner-profile.png HTTP/1.1" 304 0
[18/May/2026 12:35:10] "GET /clubs/3/ HTTP/1.1" 200 33419
[18/May/2026 12:52:24] "GET /clubs/3/ HTTP/1.1" 200 33419
[18/May/2026 12:52:24] "GET /static/game/css/club-profile/layout.css HTTP/1.1" 304 0
[18/May/2026 12:52:24] "GET /static/game/css/club-profile/identity.css HTTP/1.1" 304 0
[18/May/2026 12:52:24] "GET /static/game/css/club-profile/matches.css HTTP/1.1" 304 0
[18/May/2026 12:52:24] "GET /static/game/css/club-profile/trophies.css HTTP/1.1" 304 0
[18/May/2026 12:52:24] "GET /static/game/css/club-profile/compact-panels.css HTTP/1.1" 304 0
[18/May/2026 12:52:24] "GET /static/game/css/club-profile/players.css HTTP/1.1" 304 0
[18/May/2026 12:52:24] "GET /static/game/images/backgrounds/club-pro-highlights-profile.png HTTP/1.1" 304 0
[18/May/2026 12:52:24] "GET /static/game/images/backgrounds/club-partner-profile.png HTTP/1.1" 304 0
[18/May/2026 12:52:24] "GET /static/game/images/backgrounds/club-news-profile.png HTTP/1.1" 304 0
[18/May/2026 12:52:24] "GET /static/game/images/backgrounds/club-youth-highlights-profile.png HTTP/1.1" 304 0
[18/May/2026 12:52:24] "GET /static/game/images/backgrounds/club-kits-profile.png HTTP/1.1" 304 0
[18/May/2026 12:54:14] "GET /clubs/3/ HTTP/1.1" 200 32958
[18/May/2026 12:56:04] "GET /clubs/3/ HTTP/1.1" 200 32958
[18/May/2026 12:57:07] "GET /clubs/3/ HTTP/1.1" 200 32958
[18/May/2026 12:57:08] "GET /clubs/3/ HTTP/1.1" 200 32958
[18/May/2026 12:58:45] "GET /clubs/3/ HTTP/1.1" 200 32958
[18/May/2026 12:58:45] "GET /static/game/css/club-profile/matches.css HTTP/1.1" 304 0
[18/May/2026 12:58:45] "GET /static/game/css/club-profile/identity.css HTTP/1.1" 200 4403
[18/May/2026 12:58:45] "GET /static/game/css/club-profile/compact-panels.css HTTP/1.1" 200 8071
[18/May/2026 12:58:45] "GET /static/game/css/club-profile/players.css HTTP/1.1" 304 0
[18/May/2026 12:58:45] "GET /static/game/images/backgrounds/club-profile-room-background.png HTTP/1.1" 200 1576094
[18/May/2026 12:59:55] "GET /clubs/3/ HTTP/1.1" 200 32958
[18/May/2026 12:59:55] "GET /static/game/css/club-profile/identity.css HTTP/1.1" 304 0
[18/May/2026 12:59:55] "GET /static/game/css/club-profile/compact-panels.css HTTP/1.1" 304 0
[18/May/2026 12:59:55] "GET /static/game/images/backgrounds/club-pro-highlights-profile.png HTTP/1.1" 304 0
[18/May/2026 12:59:55] "GET /static/game/images/backgrounds/club-youth-highlights-profile.png HTTP/1.1" 304 0
[18/May/2026 12:59:55] "GET /static/game/images/backgrounds/club-kits-profile.png HTTP/1.1" 304 0
[18/May/2026 13:00:44] "GET /clubs/3/ HTTP/1.1" 200 32958
[18/May/2026 13:00:45] "GET /static/game/css/club-profile/identity.css HTTP/1.1" 304 0
[18/May/2026 13:00:45] "GET /static/game/css/club-profile/compact-panels.css HTTP/1.1" 304 0
[18/May/2026 13:00:45] "GET /static/game/images/backgrounds/club-partner-profile.png HTTP/1.1" 304 0
[18/May/2026 13:00:57] "GET /clubs/3/?codex_profile_refresh=1779102057092 HTTP/1.1" 200 32958
[18/May/2026 13:00:57] "GET /static/game/css/club-profile.css HTTP/1.1" 304 0
[18/May/2026 13:00:58] "GET /static/game/css/global-dashboard/layout-nav.css HTTP/1.1" 304 0
[18/May/2026 13:00:58] "GET /static/game/css/global-dashboard/overview-dashboard.css HTTP/1.1" 304 0
[18/May/2026 13:00:58] "GET /static/game/css/club-profile/layout.css HTTP/1.1" 304 0
[18/May/2026 13:00:58] "GET /static/game/css/club-profile/cards.css HTTP/1.1" 304 0
[18/May/2026 13:00:58] "GET /static/game/css/club-profile/matches.css HTTP/1.1" 304 0
[18/May/2026 13:00:58] "GET /static/game/css/club-profile/identity.css HTTP/1.1" 200 4403
[18/May/2026 13:00:58] "GET /static/game/css/club-profile/trophies.css HTTP/1.1" 200 3169
[18/May/2026 13:00:58] "GET /static/game/css/club-profile/compact-panels.css HTTP/1.1" 200 8071
[18/May/2026 13:00:58] "GET /static/game/css/club-profile/players.css HTTP/1.1" 304 0
[18/May/2026 13:00:58] "GET /static/game/css/club-profile/responsive.css HTTP/1.1" 304 0
[18/May/2026 13:00:58] "GET /static/game/images/players/28049320.png HTTP/1.1" 304 0
[18/May/2026 13:00:58] "GET /static/game/images/backgrounds/club-pro-highlights-profile.png HTTP/1.1" 304 0
[18/May/2026 13:00:58] "GET /static/game/images/backgrounds/club-youth-highlights-profile.png HTTP/1.1" 304 0
[18/May/2026 13:00:58] "GET /static/game/images/backgrounds/club-profile-room-background.png HTTP/1.1" 200 1576094
[18/May/2026 13:00:58] "GET /static/game/images/backgrounds/club-kits-profile.png HTTP/1.1" 304 0
[18/May/2026 13:00:58] "GET /static/game/js/club-profile.js HTTP/1.1" 304 0
[18/May/2026 13:00:58] "GET /static/game/images/backgrounds/club-news-profile.png HTTP/1.1" 304 0
[18/May/2026 13:00:58] "GET /static/game/images/backgrounds/club-partner-profile.png HTTP/1.1" 304 0
[18/May/2026 13:08:42] "GET /clubs/3/?codex_profile_refresh=1779102522031 HTTP/1.1" 200 32958
[18/May/2026 13:08:42] "GET /static/game/css/club-profile/identity.css HTTP/1.1" 304 0
[18/May/2026 13:08:42] "GET /static/game/css/club-profile/trophies.css HTTP/1.1" 200 3169
[18/May/2026 13:08:42] "GET /static/game/css/club-profile/matches.css HTTP/1.1" 304 0
[18/May/2026 13:08:42] "GET /static/game/css/club-profile/compact-panels.css HTTP/1.1" 304 0
[18/May/2026 13:08:42] "GET /static/game/css/club-profile/players.css HTTP/1.1" 304 0
[18/May/2026 13:08:42] "GET /static/game/images/backgrounds/club-youth-highlights-profile.png HTTP/1.1" 304 0
[18/May/2026 13:08:42] "GET /static/game/images/backgrounds/club-profile-room-background.png HTTP/1.1" 304 0
[18/May/2026 13:08:43] "GET /static/game/images/backgrounds/trophy-cabinet-club-profile.png HTTP/1.1" 200 1806599
[18/May/2026 13:16:57] "GET /clubs/3/ HTTP/1.1" 200 32958
[18/May/2026 13:16:57] "GET /static/game/css/club-profile/layout.css HTTP/1.1" 304 0
[18/May/2026 13:16:57] "GET /static/game/css/club-profile/identity.css HTTP/1.1" 304 0
[18/May/2026 13:16:57] "GET /static/game/css/club-profile/matches.css HTTP/1.1" 304 0
[18/May/2026 13:16:57] "GET /static/game/css/club-profile/players.css HTTP/1.1" 304 0
[18/May/2026 13:16:57] "GET /static/game/css/club-profile/compact-panels.css HTTP/1.1" 304 0
[18/May/2026 13:16:57] "GET /static/game/images/backgrounds/club-pro-highlights-profile.png HTTP/1.1" 304 0
[18/May/2026 13:16:57] "GET /static/game/images/backgrounds/club-profile-room-background.png HTTP/1.1" 304 0
[18/May/2026 13:16:57] "GET /static/game/images/backgrounds/club-partner-profile.png HTTP/1.1" 304 0
[18/May/2026 13:16:57] "GET /static/game/images/backgrounds/club-youth-highlights-profile.png HTTP/1.1" 304 0
[18/May/2026 13:16:57] "GET /static/game/images/backgrounds/club-kits-profile.png HTTP/1.1" 304 0
Not Found: /inbox/
[18/May/2026 13:17:24] "GET /inbox/ HTTP/1.1" 404 5617
Not Found: /notifications/
[18/May/2026 13:17:25] "GET /notifications/ HTTP/1.1" 404 5641
[18/May/2026 13:18:58] "GET /clubs/3/ HTTP/1.1" 200 32958
C:\Users\mashu\Documents\Codex\Websoccer\Websoccer\game\views.py changed, reloading.
Watching for file changes with StatReloader
[18/May/2026 13:20:55] "GET /clubs/3/ HTTP/1.1" 200 33204
[18/May/2026 13:20:55] "GET /static/game/css/club-profile/identity.css HTTP/1.1" 304 0
[18/May/2026 13:20:55] "GET /static/game/css/club-profile/compact-panels.css HTTP/1.1" 304 0
[18/May/2026 13:20:55] "GET /static/game/css/club-profile/trophies.css HTTP/1.1" 200 3169
[18/May/2026 13:21:35] "GET / HTTP/1.1" 200 48032
[18/May/2026 13:21:35,818] - Broken pipe from ('127.0.0.1', 58678)
[18/May/2026 13:22:18] "GET / HTTP/1.1" 200 48032
[18/May/2026 13:22:18] "GET /static/game/css/global-dashboard/overview-dashboard.css?v=overview-20260518-1 HTTP/1.1" 200 31330
[18/May/2026 13:22:18] "GET /static/game/images/backgrounds/overview/overview-navigation.png HTTP/1.1" 304 0
[18/May/2026 13:22:18] "GET /static/game/images/backgrounds/overview/overview-manager.png HTTP/1.1" 304 0
[18/May/2026 13:22:18] "GET /static/game/images/backgrounds/overview/overview-chat.png HTTP/1.1" 304 0
[18/May/2026 13:22:18] "GET /static/game/images/backgrounds/overview/overview-table.png HTTP/1.1" 304 0
[18/May/2026 13:22:18] "GET /static/game/images/backgrounds/overview/overview-transfer.png HTTP/1.1" 304 0
[18/May/2026 13:22:18] "GET /static/game/images/backgrounds/overview/overview-news.png HTTP/1.1" 304 0
[18/May/2026 13:22:18] "GET /static/game/images/backgrounds/overview/overview-live.png HTTP/1.1" 304 0
[18/May/2026 13:22:18] "GET /static/game/images/backgrounds/overview/overview-stats.png HTTP/1.1" 304 0
[18/May/2026 13:22:18] "GET /static/game/images/backgrounds/overview/overview-sim-news.png HTTP/1.1" 304 0
[18/May/2026 13:22:18] "GET /static/game/images/backgrounds/overview/overview-social.png?v=2 HTTP/1.1" 200 1515374
[18/May/2026 13:22:51] "GET /clubs/3/ HTTP/1.1" 200 33204
[18/May/2026 13:22:52] "GET /static/game/css/club-profile/trophies.css HTTP/1.1" 304 0
[18/May/2026 13:22:52] "GET /static/game/images/backgrounds/club-profile-room-background.png HTTP/1.1" 304 0
[18/May/2026 13:22:53] "GET /clubs/3/ HTTP/1.1" 200 33204
C:\Users\mashu\Documents\Codex\Websoccer\Websoccer\game\views.py changed, reloading.
Watching for file changes with StatReloader
C:\Users\mashu\Documents\Codex\Websoccer\Websoccer\game\views.py changed, reloading.
Watching for file changes with StatReloader
C:\Users\mashu\Documents\Codex\Websoccer\Websoccer\game\views.py changed, reloading.
Watching for file changes with StatReloader
C:\Users\mashu\Documents\Codex\Websoccer\Websoccer\core\settings.py changed, reloading.
Watching for file changes with StatReloader
C:\Users\mashu\Documents\Codex\Websoccer\Websoccer\game\views.py changed, reloading.
Watching for file changes with StatReloader
C:\Users\mashu\Documents\Codex\Websoccer\Websoccer\game\views.py changed, reloading.
Watching for file changes with StatReloader
[18/May/2026 13:33:39] "GET / HTTP/1.1" 200 48041
[18/May/2026 14:18:54] "GET /clubs/3/ HTTP/1.1" 200 33213
[18/May/2026 14:18:54] "GET /static/game/css/club-profile.css HTTP/1.1" 304 0
[18/May/2026 14:18:54] "GET /static/game/css/global-dashboard/layout-nav.css HTTP/1.1" 304 0
[18/May/2026 14:18:54] "GET /static/game/css/global-dashboard/overview-dashboard.css HTTP/1.1" 304 0
[18/May/2026 14:18:54] "GET /static/game/css/club-profile/cards.css HTTP/1.1" 304 0
[18/May/2026 14:18:54] "GET /static/game/css/club-profile/layout.css HTTP/1.1" 304 0
[18/May/2026 14:18:54] "GET /static/game/css/club-profile/identity.css HTTP/1.1" 304 0
[18/May/2026 14:18:54] "GET /static/game/css/club-profile/players.css HTTP/1.1" 304 0
[18/May/2026 14:18:54] "GET /static/game/css/club-profile/responsive.css HTTP/1.1" 304 0
[18/May/2026 14:18:54] "GET /static/game/css/club-profile/matches.css HTTP/1.1" 304 0
[18/May/2026 14:18:54] "GET /static/game/css/club-profile/trophies.css HTTP/1.1" 304 0
[18/May/2026 14:18:54] "GET /static/game/css/club-profile/compact-panels.css HTTP/1.1" 304 0
[18/May/2026 14:18:54] "GET /static/game/js/club-profile.js HTTP/1.1" 304 0
[18/May/2026 14:18:54] "GET /static/game/images/backgrounds/club-table-profile.png HTTP/1.1" 304 0
[18/May/2026 14:18:54] "GET /static/game/images/backgrounds/club-pro-highlights-profile.png HTTP/1.1" 304 0
[18/May/2026 14:18:54] "GET /static/game/images/backgrounds/club-youth-highlights-profile.png HTTP/1.1" 304 0
[18/May/2026 14:18:54] "GET /static/game/images/backgrounds/club-profile-room-background.png HTTP/1.1" 304 0
[18/May/2026 14:18:54] "GET /static/game/images/backgrounds/club-kits-profile.png HTTP/1.1" 304 0
[18/May/2026 14:18:54] "GET /static/game/images/backgrounds/club-news-profile.png HTTP/1.1" 304 0
[18/May/2026 14:18:54] "GET /static/game/images/backgrounds/club-partner-profile.png HTTP/1.1" 304 0
[18/May/2026 14:18:54] "GET /static/game/images/backgrounds/trophy-cabinet-club-profile.png HTTP/1.1" 200 1806599
[18/May/2026 14:27:17] "GET /clubs/3/?codex_profile_refresh=1779107235468 HTTP/1.1" 200 33213
[18/May/2026 14:27:17] "GET /static/game/css/club-profile.css HTTP/1.1" 304 0
[18/May/2026 14:27:17] "GET /static/game/css/global-dashboard/layout-nav.css HTTP/1.1" 304 0
[18/May/2026 14:27:17] "GET /static/game/css/club-profile/layout.css HTTP/1.1" 304 0
[18/May/2026 14:27:17] "GET /static/game/css/global-dashboard/overview-dashboard.css HTTP/1.1" 304 0
[18/May/2026 14:27:17] "GET /static/game/css/club-profile/cards.css HTTP/1.1" 304 0
[18/May/2026 14:27:17] "GET /static/game/css/club-profile/matches.css HTTP/1.1" 304 0
[18/May/2026 14:27:17] "GET /static/game/css/club-profile/identity.css HTTP/1.1" 200 4403
[18/May/2026 14:27:17] "GET /static/game/css/club-profile/trophies.css HTTP/1.1" 200 3169
[18/May/2026 14:27:17] "GET /static/game/css/club-profile/compact-panels.css HTTP/1.1" 304 0
[18/May/2026 14:27:17] "GET /static/game/css/club-profile/players.css HTTP/1.1" 304 0
[18/May/2026 14:27:17] "GET /static/game/css/club-profile/responsive.css HTTP/1.1" 304 0
[18/May/2026 14:27:17] "GET /static/game/js/club-profile.js HTTP/1.1" 304 0
[18/May/2026 14:27:17] "GET /static/game/images/backgrounds/club-profile-room-background.png HTTP/1.1" 304 0
[18/May/2026 14:27:17] "GET /static/game/images/backgrounds/trophy-cabinet-club-profile.png HTTP/1.1" 304 0
[18/May/2026 14:27:17] "GET /static/game/images/backgrounds/club-pro-highlights-profile.png HTTP/1.1" 304 0
[18/May/2026 14:27:17] "GET /static/game/images/backgrounds/club-youth-highlights-profile.png HTTP/1.1" 304 0
[18/May/2026 14:27:17] "GET /static/game/images/backgrounds/club-table-profile.png HTTP/1.1" 304 0
[18/May/2026 14:27:17] "GET /static/game/images/backgrounds/club-kits-profile.png HTTP/1.1" 304 0
[18/May/2026 14:27:17] "GET /static/game/images/backgrounds/club-partner-profile.png HTTP/1.1" 304 0
[18/May/2026 14:30:34] "GET /clubs/3/ HTTP/1.1" 200 33213
[18/May/2026 14:30:34] "GET /static/game/css/club-profile/trophies.css HTTP/1.1" 200 3169
[18/May/2026 14:30:34] "GET /static/game/css/club-profile/identity.css HTTP/1.1" 200 4403
[18/May/2026 14:30:34] "GET /static/game/css/club-profile/compact-panels.css HTTP/1.1" 304 0
[18/May/2026 14:30:34] "GET /static/game/images/backgrounds/club-profile-room-background.png HTTP/1.1" 304 0
[18/May/2026 14:30:34] "GET /static/game/images/backgrounds/trophy-cabinet-club-profile.png HTTP/1.1" 304 0
[18/May/2026 14:36:45] "GET /clubs/3/ HTTP/1.1" 200 33213
[18/May/2026 14:36:45] "GET /static/game/css/club-profile/matches.css HTTP/1.1" 200 4577
[18/May/2026 14:36:45] "GET /static/game/css/club-profile/identity.css HTTP/1.1" 200 4484
[18/May/2026 14:36:45] "GET /static/game/css/club-profile/trophies.css HTTP/1.1" 304 0
[18/May/2026 14:36:45] "GET /static/game/css/club-profile/players.css HTTP/1.1" 200 4352
[18/May/2026 14:36:45] "GET /static/game/images/backgrounds/club-pro-highlights-profile.png HTTP/1.1" 304 0
[18/May/2026 14:36:45] "GET /static/game/images/backgrounds/club-partner-profile.png HTTP/1.1" 304 0
[18/May/2026 14:36:45] "GET /static/game/images/backgrounds/club-kits-profile.png HTTP/1.1" 304 0
[18/May/2026 14:36:45] "GET /static/game/images/backgrounds/club-youth-highlights-profile.png HTTP/1.1" 304 0
[18/May/2026 14:37:18] "GET /clubs/3/ HTTP/1.1" 200 33213
[18/May/2026 14:37:19] "GET /static/game/css/club-profile/identity.css HTTP/1.1" 304 0
[18/May/2026 14:37:19] "GET /static/game/css/club-profile/matches.css HTTP/1.1" 304 0
[18/May/2026 14:37:19] "GET /static/game/css/club-profile/players.css HTTP/1.1" 304 0
[18/May/2026 14:41:27] "GET /clubs/3/ HTTP/1.1" 200 33213
[18/May/2026 14:41:28] "GET /static/game/css/global-dashboard.css HTTP/1.1" 304 0
[18/May/2026 14:41:28] "GET /static/game/images/city/915.jpg HTTP/1.1" 304 0
[18/May/2026 14:41:28] "GET /static/game/css/club-profile/layout.css HTTP/1.1" 304 0
[18/May/2026 14:41:28] "GET /static/game/css/club-profile/identity.css HTTP/1.1" 304 0
[18/May/2026 14:41:28] "GET /static/game/css/club-profile/trophies.css HTTP/1.1" 304 0
[18/May/2026 14:41:28] "GET /static/game/css/club-profile/matches.css HTTP/1.1" 304 0
[18/May/2026 14:41:28] "GET /static/game/css/club-profile/players.css HTTP/1.1" 304 0
[18/May/2026 14:41:28] "GET /static/game/css/club-profile/compact-panels.css HTTP/1.1" 200 8506
[18/May/2026 14:41:28] "GET /static/game/images/backgrounds/trophy-cabinet-club-profile.png HTTP/1.1" 304 0
[18/May/2026 14:41:47] "GET /clubs/3/?codex_profile_refresh=1779108106421 HTTP/1.1" 200 33213
[18/May/2026 14:41:47] "GET /static/game/css/club-profile/trophies.css HTTP/1.1" 304 0
[18/May/2026 14:41:47] "GET /static/game/css/club-profile/identity.css HTTP/1.1" 200 4484
[18/May/2026 14:41:47] "GET /static/game/css/club-profile/compact-panels.css HTTP/1.1" 200 8506
[18/May/2026 14:41:47] "GET /static/game/images/backgrounds/trophy-cabinet-club-profile.png HTTP/1.1" 304 0
[18/May/2026 14:41:47] "GET /static/game/images/backgrounds/club-profile-room-background.png HTTP/1.1" 304 0
[18/May/2026 14:41:47] "GET /static/game/images/backgrounds/club-news-profile.png HTTP/1.1" 304 0
[18/May/2026 14:45:41] "GET /clubs/3/ HTTP/1.1" 200 33213
[18/May/2026 14:45:41] "GET /static/game/css/global-dashboard/header.css HTTP/1.1" 200 6360
[18/May/2026 14:45:41] "GET /static/game/css/club-profile/identity.css HTTP/1.1" 304 0
[18/May/2026 14:45:41] "GET /static/game/css/club-profile/compact-panels.css HTTP/1.1" 304 0
[18/May/2026 14:45:41] "GET /static/game/css/club-profile/matches.css HTTP/1.1" 304 0
[18/May/2026 14:45:41] "GET /static/game/css/club-profile/trophies.css HTTP/1.1" 304 0
[18/May/2026 14:45:41] "GET /static/game/css/club-profile/players.css HTTP/1.1" 304 0
[18/May/2026 14:45:41] "GET /static/game/images/backgrounds/club-profile-room-background.png HTTP/1.1" 304 0
[18/May/2026 14:55:52] "GET /clubs/3/?codex_profile_refresh=1779108951747 HTTP/1.1" 200 33213
[18/May/2026 14:55:52] "GET /static/game/css/global-dashboard.css HTTP/1.1" 304 0
[18/May/2026 14:55:52] "GET /static/game/css/global-dashboard/header.css HTTP/1.1" 200 6360
[18/May/2026 14:55:52] "GET /static/game/css/club-profile/layout.css HTTP/1.1" 304 0
[18/May/2026 14:55:52] "GET /static/game/css/club-profile/identity.css HTTP/1.1" 200 4484
[18/May/2026 14:55:52] "GET /static/game/css/club-profile/matches.css HTTP/1.1" 200 4577
[18/May/2026 14:55:52] "GET /static/game/css/club-profile/trophies.css HTTP/1.1" 304 0
[18/May/2026 14:55:52] "GET /static/game/css/club-profile/compact-panels.css HTTP/1.1" 304 0
[18/May/2026 14:55:52] "GET /static/game/css/club-profile/players.css HTTP/1.1" 200 4435
[18/May/2026 14:55:52] "GET /static/game/images/city/915.jpg HTTP/1.1" 304 0
[18/May/2026 14:55:52] "GET /static/game/images/backgrounds/club-profile-room-background.png HTTP/1.1" 304 0
[18/May/2026 14:55:52] "GET /static/game/images/backgrounds/trophy-cabinet-club-profile.png HTTP/1.1" 304 0
[18/May/2026 14:55:52] "GET /static/game/images/backgrounds/club-pro-highlights-profile.png HTTP/1.1" 304 0
[18/May/2026 14:55:52] "GET /static/game/images/backgrounds/club-youth-highlights-profile.png HTTP/1.1" 304 0
[18/May/2026 14:55:52] "GET /static/game/images/backgrounds/club-kits-profile.png HTTP/1.1" 304 0
[18/May/2026 14:55:52] "GET /static/game/images/backgrounds/club-partner-profile.png HTTP/1.1" 304 0
[18/May/2026 15:45:53] "GET /clubs/3/ HTTP/1.1" 200 33213
[18/May/2026 15:45:53] "GET /static/game/css/club-profile.css HTTP/1.1" 304 0
[18/May/2026 15:45:53] "GET /static/game/css/global-dashboard/header.css HTTP/1.1" 304 0
[18/May/2026 15:45:53] "GET /static/game/images/players/91207698.svg HTTP/1.1" 304 0
[18/May/2026 15:45:53] "GET /static/game/images/flags/364.svg HTTP/1.1" 304 0
[18/May/2026 15:45:53] "GET /static/game/images/flags/769.svg HTTP/1.1" 304 0
[18/May/2026 15:45:53] "GET /static/game/images/flags/765.svg HTTP/1.1" 304 0
[18/May/2026 15:45:53] "GET /static/game/css/global-dashboard/layout-nav.css HTTP/1.1" 304 0
[18/May/2026 15:45:53] "GET /static/game/css/global-dashboard/overview-dashboard.css HTTP/1.1" 304 0
[18/May/2026 15:45:53] "GET /static/game/css/club-profile/cards.css HTTP/1.1" 304 0
[18/May/2026 15:45:53] "GET /static/game/images/players/20041862.svg HTTP/1.1" 304 0
[18/May/2026 15:45:53] "GET /static/game/css/club-profile/matches.css HTTP/1.1" 304 0
[18/May/2026 15:45:53] "GET /static/game/css/club-profile/layout.css HTTP/1.1" 304 0
[18/May/2026 15:45:53] "GET /static/game/css/club-profile/compact-panels.css HTTP/1.1" 304 0
[18/May/2026 15:45:53] "GET /static/game/css/club-profile/responsive.css HTTP/1.1" 304 0
[18/May/2026 15:45:53] "GET /static/game/images/players/2000375662.svg HTTP/1.1" 304 0
[18/May/2026 15:45:53] "GET /static/game/css/club-profile/trophies.css HTTP/1.1" 304 0
[18/May/2026 15:45:53] "GET /static/game/css/club-profile/identity.css HTTP/1.1" 200 4484
[18/May/2026 15:45:53] "GET /static/game/css/club-profile/players.css HTTP/1.1" 200 4435
[18/May/2026 15:45:53] "GET /static/game/images/players/2000259380.svg HTTP/1.1" 304 0
[18/May/2026 15:45:53] "GET /static/game/images/players/2000147056.svg HTTP/1.1" 304 0
[18/May/2026 15:45:53] "GET /static/game/images/flags/41.svg HTTP/1.1" 304 0
[18/May/2026 15:45:53] "GET /static/game/images/kits/915_away.svg HTTP/1.1" 304 0
[18/May/2026 15:45:53] "GET /static/game/images/kits/915_home.svg HTTP/1.1" 304 0
[18/May/2026 15:45:53] "GET /static/game/images/kits/915_third.svg HTTP/1.1" 304 0
[18/May/2026 15:45:53] "GET /static/game/js/club-profile.js HTTP/1.1" 304 0
[18/May/2026 15:45:53] "GET /static/game/images/backgrounds/club-profile-room-background.png HTTP/1.1" 304 0
[18/May/2026 15:45:53] "GET /static/game/images/backgrounds/club-kits-profile.png HTTP/1.1" 304 0
[18/May/2026 15:45:53] "GET /static/game/images/backgrounds/trophy-cabinet-club-profile.png HTTP/1.1" 304 0
[18/May/2026 15:45:53] "GET /static/game/images/backgrounds/club-youth-highlights-profile.png HTTP/1.1" 304 0
[18/May/2026 15:45:53] "GET /static/game/images/backgrounds/club-partner-profile.png HTTP/1.1" 304 0
[18/May/2026 15:45:53] "GET /static/game/images/backgrounds/club-pro-highlights-profile.png HTTP/1.1" 304 0
[18/May/2026 15:47:36] "GET /clubs/3/ HTTP/1.1" 200 33213
[18/May/2026 15:50:37] "GET /players/552/ HTTP/1.1" 200 68564
[18/May/2026 15:50:37] "GET /static/game/css/trophy-cabinet.css HTTP/1.1" 304 0
[18/May/2026 15:50:37] "GET /static/game/images/flags/789.svg HTTP/1.1" 304 0
[18/May/2026 15:50:37] "GET /static/game/css/player-profile.css HTTP/1.1" 304 0
[18/May/2026 15:50:37] "GET /static/game/images/icons/stat-assists.svg HTTP/1.1" 304 0
[18/May/2026 15:50:37] "GET /static/game/images/icons/suspension-cards.svg HTTP/1.1" 304 0
[18/May/2026 15:50:37] "GET /static/game/images/icons/trophy-total.png HTTP/1.1" 304 0
[18/May/2026 15:50:37] "GET /static/game/images/icons/trophy-heading.png HTTP/1.1" 304 0
[18/May/2026 15:50:37] "GET /static/game/images/trophies/podium-trophy.png HTTP/1.1" 304 0
[18/May/2026 15:50:37] "GET /static/game/images/icons/player-ui-icons.svg HTTP/1.1" 304 0
[18/May/2026 15:50:37] "GET /static/game/images/backgrounds/spielfeld.png HTTP/1.1" 304 0
[18/May/2026 15:50:37] "GET /static/game/images/backgrounds/injury-card-bg.svg HTTP/1.1" 304 0
[18/May/2026 15:50:37] "GET /static/game/images/backgrounds/trophy-stage.png HTTP/1.1" 304 0
[18/May/2026 15:50:45] "GET /players/552/?awards_page=2 HTTP/1.1" 200 68505
[18/May/2026 15:50:45] "GET /static/game/images/trophies/player-of-the-season-original.png?v=1778775429 HTTP/1.1" 304 0
[18/May/2026 15:50:45] "GET /static/game/images/trophies/100.png?v=1767377826 HTTP/1.1" 200 74206
[18/May/2026 15:50:45] "GET /static/game/images/trophies/torjagerkanone-original.png?v=1778712133 HTTP/1.1" 200 2685554
[18/May/2026 15:50:50] "GET /players/552/?awards_page=1 HTTP/1.1" 200 68564
[18/May/2026 15:51:42] "GET / HTTP/1.1" 200 48041
[18/May/2026 15:51:42] "GET /static/game/css/global-dashboard/overview-dashboard.css?v=overview-20260518-1 HTTP/1.1" 304 0
[18/May/2026 15:51:42] "GET /static/game/images/backgrounds/overview/overview-navigation.png HTTP/1.1" 304 0
[18/May/2026 15:51:42] "GET /static/game/images/backgrounds/overview/overview-manager.png HTTP/1.1" 304 0
[18/May/2026 15:51:42] "GET /static/game/images/backgrounds/overview/overview-chat.png HTTP/1.1" 304 0
[18/May/2026 15:51:42] "GET /static/game/images/backgrounds/overview/overview-sim-news.png HTTP/1.1" 304 0
[18/May/2026 15:51:42] "GET /static/game/images/backgrounds/overview/overview-table.png HTTP/1.1" 304 0
[18/May/2026 15:51:42] "GET /static/game/images/backgrounds/overview/overview-transfer.png HTTP/1.1" 304 0
[18/May/2026 15:51:42] "GET /static/game/images/backgrounds/overview/overview-news.png HTTP/1.1" 304 0
[18/May/2026 15:51:42] "GET /static/game/images/backgrounds/overview/overview-live.png HTTP/1.1" 304 0
[18/May/2026 15:51:42] "GET /static/game/images/backgrounds/overview/overview-social.png?v=2 HTTP/1.1" 304 0
[18/May/2026 15:51:42] "GET /static/game/images/backgrounds/overview/overview-stats.png HTTP/1.1" 304 0
[18/May/2026 15:51:44] "GET /clubs/3/ HTTP/1.1" 200 33213
[18/May/2026 15:51:44] "GET /static/game/css/club-profile/players.css HTTP/1.1" 304 0
[18/May/2026 15:51:44] "GET /static/game/css/club-profile/identity.css HTTP/1.1" 304 0
[18/May/2026 15:51:46] "GET / HTTP/1.1" 200 48041
[18/May/2026 15:51:54] "GET /clubs/3/ HTTP/1.1" 200 33213
[18/May/2026 15:51:54] "GET /static/game/images/backgrounds/club-table-profile.png HTTP/1.1" 304 0
[18/May/2026 15:51:57] "GET / HTTP/1.1" 200 48041
[18/May/2026 15:51:58] "GET /clubs/3/?codex_profile_refresh=1779112317822 HTTP/1.1" 200 33213
[18/May/2026 15:51:58] "GET /static/game/css/global-dashboard/header.css HTTP/1.1" 304 0
[18/May/2026 15:51:58] "GET /static/game/css/club-profile.css HTTP/1.1" 304 0
[18/May/2026 15:51:59] "GET /static/game/css/global-dashboard/layout-nav.css HTTP/1.1" 304 0
[18/May/2026 15:51:59] "GET /static/game/css/club-profile/cards.css HTTP/1.1" 304 0
[18/May/2026 15:51:59] "GET /static/game/css/club-profile/layout.css HTTP/1.1" 304 0
[18/May/2026 15:51:59] "GET /static/game/css/club-profile/identity.css HTTP/1.1" 304 0
[18/May/2026 15:51:59] "GET /static/game/css/global-dashboard/overview-dashboard.css HTTP/1.1" 304 0
[18/May/2026 15:51:59] "GET /static/game/css/club-profile/matches.css HTTP/1.1" 304 0
[18/May/2026 15:51:59] "GET /static/game/css/club-profile/compact-panels.css HTTP/1.1" 304 0
[18/May/2026 15:51:59] "GET /static/game/css/club-profile/players.css HTTP/1.1" 304 0
[18/May/2026 15:51:59] "GET /static/game/css/club-profile/trophies.css HTTP/1.1" 200 3202
[18/May/2026 15:51:59] "GET /static/game/css/club-profile/responsive.css HTTP/1.1" 304 0
[18/May/2026 15:51:59] "GET /static/game/js/club-profile.js HTTP/1.1" 304 0
[18/May/2026 15:51:59] "GET /static/game/images/backgrounds/club-partner-profile.png HTTP/1.1" 304 0
[18/May/2026 15:51:59] "GET /static/game/images/backgrounds/club-kits-profile.png HTTP/1.1" 304 0
[18/May/2026 15:51:59] "GET /static/game/images/backgrounds/club-profile-room-background.png HTTP/1.1" 304 0
[18/May/2026 15:51:59] "GET /static/game/images/backgrounds/trophy-cabinet-club-profile.png HTTP/1.1" 304 0
[18/May/2026 15:51:59] "GET /static/game/images/backgrounds/club-pro-highlights-profile.png HTTP/1.1" 304 0
[18/May/2026 15:51:59] "GET /static/game/images/backgrounds/club-youth-highlights-profile.png HTTP/1.1" 304 0
[18/May/2026 15:52:00] "GET /clubs/3/ HTTP/1.1" 200 33213
[18/May/2026 15:52:02] "GET /players/552/ HTTP/1.1" 200 68564
[18/May/2026 15:53:01] "GET /clubs/3/ HTTP/1.1" 200 33213
[18/May/2026 15:53:01] "GET /static/game/css/club-profile/matches.css HTTP/1.1" 304 0
[18/May/2026 15:53:01] "GET /static/game/css/club-profile/compact-panels.css HTTP/1.1" 304 0
[18/May/2026 16:10:15] "GET /clubs/3/ HTTP/1.1" 200 33213
[18/May/2026 16:10:15] "GET /static/game/css/global-dashboard/header.css HTTP/1.1" 304 0
[18/May/2026 16:10:15] "GET /static/game/css/club-profile/identity.css HTTP/1.1" 304 0
[18/May/2026 16:10:15] "GET /static/game/css/club-profile/matches.css HTTP/1.1" 304 0
[18/May/2026 16:10:15] "GET /static/game/css/club-profile/compact-panels.css HTTP/1.1" 304 0
[18/May/2026 16:10:15] "GET /static/game/css/club-profile/players.css HTTP/1.1" 304 0
[18/May/2026 16:10:15] "GET /static/game/css/club-profile/trophies.css HTTP/1.1" 200 3202
[18/May/2026 16:10:15] "GET /static/game/images/backgrounds/club-profile-room-background.png HTTP/1.1" 304 0
[18/May/2026 16:10:15] "GET /static/game/images/backgrounds/club-pro-highlights-profile.png HTTP/1.1" 304 0
[18/May/2026 16:10:15] "GET /static/game/images/backgrounds/trophy-cabinet-club-profile.png HTTP/1.1" 304 0
[18/May/2026 16:10:15] "GET /static/game/images/backgrounds/club-youth-highlights-profile.png HTTP/1.1" 304 0
[18/May/2026 16:10:15] "GET /static/game/images/backgrounds/club-news-profile.png HTTP/1.1" 304 0
[18/May/2026 16:10:15] "GET /static/game/images/brand/favicon-32.png HTTP/1.1" 304 0
[18/May/2026 16:21:22] "GET /players/552/ HTTP/1.1" 200 68564
[18/May/2026 16:21:22] "GET /static/game/images/icons/sidebar/uebersicht.svg HTTP/1.1" 304 0
[18/May/2026 16:21:22] "GET /static/game/images/icons/sidebar/verein.svg HTTP/1.1" 304 0
[18/May/2026 16:21:22] "GET /static/game/images/icons/sidebar/kader.svg HTTP/1.1" 304 0
[18/May/2026 16:21:22] "GET /static/game/images/icons/sidebar/taktik.svg HTTP/1.1" 304 0
[18/May/2026 16:21:22] "GET /static/game/images/icons/sidebar/scouting.svg HTTP/1.1" 304 0
[18/May/2026 16:21:22] "GET /static/game/images/icons/sidebar/mitarbeiter.svg HTTP/1.1" 304 0
[18/May/2026 16:21:22] "GET /static/game/images/icons/sidebar/transfers.svg HTTP/1.1" 304 0
[18/May/2026 16:21:22] "GET /static/game/images/icons/sidebar/wettbewerbe.svg HTTP/1.1" 304 0
[18/May/2026 16:21:22] "GET /static/game/images/icons/sidebar/jugend.svg HTTP/1.1" 304 0
[18/May/2026 16:53:44] "GET / HTTP/1.1" 200 48041
[18/May/2026 16:53:44] "GET /static/game/css/global-dashboard/header.css HTTP/1.1" 304 0
[18/May/2026 16:53:51] "GET /clubs/3/ HTTP/1.1" 200 33213
[18/May/2026 16:53:51] "GET /static/game/css/club-profile/layout.css HTTP/1.1" 304 0
[18/May/2026 16:53:51] "GET /static/game/css/club-profile/identity.css HTTP/1.1" 304 0
[18/May/2026 16:53:51] "GET /static/game/css/club-profile/matches.css HTTP/1.1" 304 0
[18/May/2026 16:53:51] "GET /static/game/css/club-profile/compact-panels.css HTTP/1.1" 304 0
[18/May/2026 16:53:51] "GET /static/game/css/club-profile/trophies.css HTTP/1.1" 304 0
[18/May/2026 16:53:51] "GET /static/game/css/club-profile/players.css HTTP/1.1" 304 0
[18/May/2026 16:53:51] "GET /static/game/images/backgrounds/club-profile-room-background.png HTTP/1.1" 304 0
[18/May/2026 16:53:51] "GET /static/game/images/backgrounds/club-youth-highlights-profile.png HTTP/1.1" 304 0
[18/May/2026 16:53:51] "GET /static/game/images/backgrounds/club-pro-highlights-profile.png HTTP/1.1" 304 0
[18/May/2026 16:53:51] "GET /static/game/images/backgrounds/trophy-cabinet-club-profile.png HTTP/1.1" 304 0
[18/May/2026 16:53:51] "GET /static/game/images/backgrounds/club-kits-profile.png HTTP/1.1" 304 0
[18/May/2026 16:53:51] "GET /static/game/images/backgrounds/club-partner-profile.png HTTP/1.1" 304 0
[18/May/2026 17:23:46] "GET / HTTP/1.1" 200 48041
[18/May/2026 17:23:46] "GET /static/game/css/global-dashboard.css HTTP/1.1" 200 265
[18/May/2026 17:23:46] "GET /static/game/css/global-dashboard/header.css HTTP/1.1" 200 6360
[18/May/2026 17:23:46] "GET /players/552 HTTP/1.1" 301 0
[18/May/2026 17:23:46] "GET /clubs/3 HTTP/1.1" 301 0
[18/May/2026 17:23:46] "GET /players/552?awards_page=2 HTTP/1.1" 301 0
[18/May/2026 17:23:46] "GET /players/552?awards_page=1 HTTP/1.1" 301 0
[18/May/2026 17:23:46] "GET /players/552?awards_page=2&asset_reload=1778773076 HTTP/1.1" 301 0
[18/May/2026 17:23:46] "GET /players/552?awards_page=2&asset_reload=1778773860 HTTP/1.1" 301 0
[18/May/2026 17:23:46] "GET /players/552/?awards_page=2 HTTP/1.1" 200 68505
[18/May/2026 17:23:46] "GET /players/552/?awards_page=2&asset_reload=1778773076 HTTP/1.1" 200 68505
[18/May/2026 17:23:46] "GET /players/552/?awards_page=1 HTTP/1.1" 200 68564
[18/May/2026 17:23:46] "GET /players/552/?awards_page=2&asset_reload=1778773860 HTTP/1.1" 200 68505
[18/May/2026 17:23:46] "GET /players/552/ HTTP/1.1" 200 68564
[18/May/2026 17:23:46] "GET /clubs/3/ HTTP/1.1" 200 33213
[18/May/2026 17:36:05] "GET / HTTP/1.1" 200 48041
[18/May/2026 17:36:05] "GET /static/game/css/global-dashboard.css HTTP/1.1" 200 265
[18/May/2026 17:36:05] "GET /static/game/css/global-dashboard/header.css HTTP/1.1" 200 6360
[18/May/2026 17:36:05] "GET /clubs/3 HTTP/1.1" 301 0
[18/May/2026 17:36:05] "GET /players/552 HTTP/1.1" 301 0
[18/May/2026 17:36:05] "GET /players/552?awards_page=2 HTTP/1.1" 301 0
[18/May/2026 17:36:05] "GET /players/552?awards_page=2&asset_reload=1778773076 HTTP/1.1" 301 0
[18/May/2026 17:36:05] "GET /players/552?awards_page=2&asset_reload=1778773860 HTTP/1.1" 301 0
[18/May/2026 17:36:05] "GET /players/552?awards_page=1 HTTP/1.1" 301 0
[18/May/2026 17:36:05] "GET /players/552/?awards_page=2 HTTP/1.1" 200 68505
[18/May/2026 17:36:05] "GET /players/552/ HTTP/1.1" 200 68564
[18/May/2026 17:36:05] "GET /players/552/?awards_page=1 HTTP/1.1" 200 68564
[18/May/2026 17:36:05] "GET /players/552/?awards_page=2&asset_reload=1778773076 HTTP/1.1" 200 68505
[18/May/2026 17:36:05] "GET /players/552/?awards_page=2&asset_reload=1778773860 HTTP/1.1" 200 68505
[18/May/2026 17:36:05] "GET /clubs/3/ HTTP/1.1" 200 33213
[18/May/2026 17:36:07] "GET /clubs/3 HTTP/1.1" 301 0
[18/May/2026 17:36:07] "GET /players/552?awards_page=2&asset_reload=1778773860 HTTP/1.1" 301 0
[18/May/2026 17:36:07] "GET /players/552?awards_page=2 HTTP/1.1" 301 0
[18/May/2026 17:36:07] "GET /players/552?awards_page=2&asset_reload=1778773076 HTTP/1.1" 301 0
[18/May/2026 17:36:07] "GET /players/552?awards_page=1 HTTP/1.1" 301 0
[18/May/2026 17:36:07] "GET /players/552 HTTP/1.1" 301 0
[18/May/2026 17:36:07] "GET /players/552/?awards_page=2 HTTP/1.1" 200 68505
[18/May/2026 17:36:07] "GET /players/552/?awards_page=2&asset_reload=1778773076 HTTP/1.1" 200 68505
[18/May/2026 17:36:07] "GET /players/552/?awards_page=1 HTTP/1.1" 200 68564
[18/May/2026 17:36:07] "GET /players/552/ HTTP/1.1" 200 68564
[18/May/2026 17:36:07] "GET /players/552/?awards_page=2&asset_reload=1778773860 HTTP/1.1" 200 68505
[18/May/2026 17:36:08] "GET /clubs/3/ HTTP/1.1" 200 33213
[18/May/2026 17:37:12] "GET /clubs/3/ HTTP/1.1" 200 33213
[18/May/2026 17:37:13] "GET /static/game/css/global-dashboard/header.css HTTP/1.1" 304 0
[18/May/2026 17:37:13] "GET /static/game/images/flags/771.svg HTTP/1.1" 304 0
[18/May/2026 17:37:13] "GET /static/game/css/club-profile.css HTTP/1.1" 304 0
[18/May/2026 17:37:13] "GET /static/game/images/players/29221846.svg HTTP/1.1" 304 0
[18/May/2026 17:37:13] "GET /static/game/js/club-profile.js HTTP/1.1" 304 0
[18/May/2026 17:37:13] "GET /static/game/css/global-dashboard/overview-dashboard.css HTTP/1.1" 304 0
[18/May/2026 17:37:13] "GET /static/game/css/global-dashboard/layout-nav.css HTTP/1.1" 304 0
[18/May/2026 17:37:13] "GET /static/game/css/club-profile/identity.css HTTP/1.1" 304 0
[18/May/2026 17:37:13] "GET /static/game/css/club-profile/matches.css HTTP/1.1" 304 0
[18/May/2026 17:37:13] "GET /static/game/css/club-profile/layout.css HTTP/1.1" 304 0
[18/May/2026 17:37:13] "GET /static/game/css/club-profile/trophies.css HTTP/1.1" 304 0
[18/May/2026 17:37:13] "GET /static/game/css/club-profile/cards.css HTTP/1.1" 304 0
[18/May/2026 17:37:13] "GET /static/game/css/club-profile/compact-panels.css HTTP/1.1" 304 0
[18/May/2026 17:37:13] "GET /static/game/css/club-profile/responsive.css HTTP/1.1" 304 0
[18/May/2026 17:37:13] "GET /static/game/css/club-profile/players.css HTTP/1.1" 304 0
[18/May/2026 17:37:13] "GET /static/game/images/backgrounds/club-pro-highlights-profile.png HTTP/1.1" 304 0
[18/May/2026 17:37:13] "GET /static/game/images/backgrounds/club-kits-profile.png HTTP/1.1" 304 0
[18/May/2026 17:37:13] "GET /static/game/images/backgrounds/club-youth-highlights-profile.png HTTP/1.1" 304 0
[18/May/2026 17:37:13] "GET /static/game/images/backgrounds/club-profile-room-background.png HTTP/1.1" 304 0
[18/May/2026 17:37:13] "GET /static/game/images/backgrounds/club-table-profile.png HTTP/1.1" 304 0
[18/May/2026 17:37:13] "GET /static/game/images/backgrounds/trophy-cabinet-club-profile.png HTTP/1.1" 304 0
[18/May/2026 17:37:13] "GET /static/game/images/backgrounds/club-partner-profile.png HTTP/1.1" 304 0
[18/May/2026 17:37:15] "GET /clubs/3/ HTTP/1.1" 200 33213
[18/May/2026 17:39:38] "GET / HTTP/1.1" 200 48041
[18/May/2026 17:39:38] "GET /static/game/css/global-dashboard.css HTTP/1.1" 200 265
[18/May/2026 17:39:38] "GET /static/game/css/global-dashboard/header.css HTTP/1.1" 200 6360
[18/May/2026 17:39:38] "GET /players/552 HTTP/1.1" 301 0
[18/May/2026 17:39:38] "GET /clubs/3 HTTP/1.1" 301 0
[18/May/2026 17:39:38] "GET /players/552?awards_page=2 HTTP/1.1" 301 0
[18/May/2026 17:39:38] "GET /players/552?awards_page=2&asset_reload=1778773076 HTTP/1.1" 301 0
[18/May/2026 17:39:38] "GET /players/552?awards_page=1 HTTP/1.1" 301 0
[18/May/2026 17:39:38] "GET /players/552?awards_page=2&asset_reload=1778773860 HTTP/1.1" 301 0
[18/May/2026 17:39:38] "GET /players/552/?awards_page=2 HTTP/1.1" 200 68505
[18/May/2026 17:39:38] "GET /players/552/?awards_page=2&asset_reload=1778773076 HTTP/1.1" 200 68505
[18/May/2026 17:39:38] "GET /players/552/?awards_page=1 HTTP/1.1" 200 68564
[18/May/2026 17:39:38] "GET /players/552/?awards_page=2&asset_reload=1778773860 HTTP/1.1" 200 68505
[18/May/2026 17:39:38] "GET /players/552/ HTTP/1.1" 200 68564
[18/May/2026 17:39:38] "GET /clubs/3/ HTTP/1.1" 200 33213
[18/May/2026 17:43:13] "GET / HTTP/1.1" 200 48041
[18/May/2026 17:43:13] "GET /static/game/css/global-dashboard/header.css HTTP/1.1" 200 6360
[18/May/2026 17:43:13] "GET /static/game/css/global-dashboard.css HTTP/1.1" 200 265
[18/May/2026 17:43:13] "GET /players/552?awards_page=2 HTTP/1.1" 301 0
[18/May/2026 17:43:13] "GET /players/552 HTTP/1.1" 301 0
[18/May/2026 17:43:13] "GET /clubs/3 HTTP/1.1" 301 0
[18/May/2026 17:43:13] "GET /players/552?awards_page=2&asset_reload=1778773076 HTTP/1.1" 301 0
[18/May/2026 17:43:13] "GET /players/552?awards_page=1 HTTP/1.1" 301 0
[18/May/2026 17:43:13] "GET /players/552?awards_page=2&asset_reload=1778773860 HTTP/1.1" 301 0
[18/May/2026 17:43:13] "GET /players/552/?awards_page=2 HTTP/1.1" 200 68505
[18/May/2026 17:43:13] "GET /players/552/ HTTP/1.1" 200 68564
[18/May/2026 17:43:13] "GET /players/552/?awards_page=2&asset_reload=1778773076 HTTP/1.1" 200 68505
[18/May/2026 17:43:13] "GET /players/552/?awards_page=2&asset_reload=1778773860 HTTP/1.1" 200 68505
[18/May/2026 17:43:13] "GET /players/552/?awards_page=1 HTTP/1.1" 200 68564
[18/May/2026 17:43:13] "GET /clubs/3/ HTTP/1.1" 200 33213
[18/May/2026 17:43:47] "GET /clubs/3 HTTP/1.1" 301 0
[18/May/2026 17:43:47] "GET /players/552 HTTP/1.1" 301 0
[18/May/2026 17:43:47] "GET /players/552?awards_page=1 HTTP/1.1" 301 0
[18/May/2026 17:43:47] "GET /players/552?awards_page=2 HTTP/1.1" 301 0
[18/May/2026 17:43:47] "GET /players/552?awards_page=2&asset_reload=1778773076 HTTP/1.1" 301 0
[18/May/2026 17:43:47] "GET /players/552?awards_page=2&asset_reload=1778773860 HTTP/1.1" 301 0
[18/May/2026 17:43:47] "GET /players/552/ HTTP/1.1" 200 68564
[18/May/2026 17:43:47] "GET /players/552/?awards_page=2 HTTP/1.1" 200 68505
[18/May/2026 17:43:47] "GET /players/552/?awards_page=2&asset_reload=1778773076 HTTP/1.1" 200 68505
[18/May/2026 17:43:47] "GET /players/552/?awards_page=2&asset_reload=1778773860 HTTP/1.1" 200 68505
[18/May/2026 17:43:47] "GET /players/552/?awards_page=1 HTTP/1.1" 200 68564
[18/May/2026 17:43:47] "GET /clubs/3/ HTTP/1.1" 200 33213
[18/May/2026 17:44:06] "GET / HTTP/1.1" 200 48041
[18/May/2026 17:44:06] "GET /static/game/css/global-dashboard/header.css HTTP/1.1" 304 0
[18/May/2026 17:44:06] "GET /static/game/css/global-dashboard/overview-dashboard.css?v=overview-20260518-1 HTTP/1.1" 304 0
[18/May/2026 17:44:06] "GET /static/game/images/flags/771.svg HTTP/1.1" 304 0
[18/May/2026 17:44:06] "GET /static/game/images/icons/sidebar/verein.svg HTTP/1.1" 304 0
[18/May/2026 17:44:06] "GET /static/game/images/icons/sidebar/uebersicht.svg HTTP/1.1" 304 0
[18/May/2026 17:44:06] "GET /static/game/images/icons/sidebar/kader.svg HTTP/1.1" 304 0
[18/May/2026 17:44:06] "GET /static/game/images/icons/sidebar/taktik.svg HTTP/1.1" 304 0
[18/May/2026 17:44:06] "GET /static/game/css/global-dashboard/layout-nav.css HTTP/1.1" 304 0
[18/May/2026 17:44:06] "GET /static/game/css/global-dashboard/dashboard-cards.css HTTP/1.1" 304 0
[18/May/2026 17:44:06] "GET /static/game/css/global-dashboard/tables-lists.css HTTP/1.1" 304 0
[18/May/2026 17:44:06] "GET /static/game/css/global-dashboard/overview-dashboard.css HTTP/1.1" 304 0
[18/May/2026 17:44:06] "GET /static/game/css/global-dashboard/responsive.css HTTP/1.1" 304 0
[18/May/2026 17:44:06] "GET /static/game/images/icons/sidebar/transfers.svg HTTP/1.1" 304 0
[18/May/2026 17:44:06] "GET /static/game/images/icons/sidebar/jugend.svg HTTP/1.1" 304 0
[18/May/2026 17:44:06] "GET /static/game/images/icons/sidebar/scouting.svg HTTP/1.1" 304 0
[18/May/2026 17:44:06] "GET /static/game/images/icons/sidebar/mitarbeiter.svg HTTP/1.1" 304 0
[18/May/2026 17:44:06] "GET /static/game/images/icons/sidebar/wettbewerbe.svg HTTP/1.1" 304 0
[18/May/2026 17:44:06] "GET /static/game/images/players/29221846.svg HTTP/1.1" 304 0
[18/May/2026 17:44:06] "GET /static/game/images/players/92088306.svg HTTP/1.1" 304 0
[18/May/2026 17:44:06] "GET /static/game/images/players/28113827.svg HTTP/1.1" 304 0
[18/May/2026 17:44:06] "GET /static/game/images/players/16279486.svg HTTP/1.1" 304 0
[18/May/2026 17:44:06] "GET /static/game/images/backgrounds/overview/overview-navigation.png HTTP/1.1" 304 0
[18/May/2026 17:44:06] "GET /static/game/images/backgrounds/overview/overview-manager.png HTTP/1.1" 304 0
[18/May/2026 17:44:06] "GET /static/game/images/backgrounds/overview/overview-chat.png HTTP/1.1" 304 0
[18/May/2026 17:44:06] "GET /static/game/images/backgrounds/overview/overview-transfer.png HTTP/1.1" 304 0
[18/May/2026 17:44:06] "GET /static/game/images/backgrounds/overview/overview-table.png HTTP/1.1" 304 0
[18/May/2026 17:44:06] "GET /static/game/images/backgrounds/overview/overview-sim-news.png HTTP/1.1" 304 0
[18/May/2026 17:44:06] "GET /static/game/images/backgrounds/overview/overview-news.png HTTP/1.1" 304 0
[18/May/2026 17:44:06] "GET /static/game/images/backgrounds/overview/overview-social.png?v=2 HTTP/1.1" 304 0
[18/May/2026 17:44:06] "GET /static/game/images/backgrounds/overview/overview-live.png HTTP/1.1" 304 0
[18/May/2026 17:44:06] "GET /static/game/images/backgrounds/overview/overview-stats.png HTTP/1.1" 304 0
[18/May/2026 17:44:08] "GET /clubs/3/ HTTP/1.1" 200 33213
[18/May/2026 17:44:08] "GET /static/game/css/club-profile.css HTTP/1.1" 304 0
[18/May/2026 17:44:08] "GET /static/game/css/club-profile/layout.css HTTP/1.1" 304 0
[18/May/2026 17:44:08] "GET /static/game/css/club-profile/cards.css HTTP/1.1" 304 0
[18/May/2026 17:44:08] "GET /static/game/css/club-profile/matches.css HTTP/1.1" 304 0
[18/May/2026 17:44:08] "GET /static/game/css/club-profile/responsive.css HTTP/1.1" 304 0
[18/May/2026 17:44:08] "GET /static/game/css/club-profile/compact-panels.css HTTP/1.1" 304 0
[18/May/2026 17:44:08] "GET /static/game/css/club-profile/players.css HTTP/1.1" 304 0
[18/May/2026 17:44:08] "GET /static/game/css/club-profile/trophies.css HTTP/1.1" 304 0
[18/May/2026 17:44:08] "GET /static/game/css/club-profile/identity.css HTTP/1.1" 304 0
[18/May/2026 17:44:08] "GET /static/game/images/flags/769.svg HTTP/1.1" 304 0
[18/May/2026 17:44:08] "GET /static/game/images/players/20041862.svg HTTP/1.1" 304 0
[18/May/2026 17:44:08] "GET /static/game/images/flags/765.svg HTTP/1.1" 304 0
[18/May/2026 17:44:08] "GET /static/game/images/players/91207698.svg HTTP/1.1" 304 0
[18/May/2026 17:44:08] "GET /static/game/images/flags/364.svg HTTP/1.1" 304 0
[18/May/2026 17:44:08] "GET /static/game/images/players/2000375662.svg HTTP/1.1" 304 0
[18/May/2026 17:44:08] "GET /static/game/images/players/2000259380.svg HTTP/1.1" 304 0
[18/May/2026 17:44:08] "GET /static/game/images/players/2000147056.svg HTTP/1.1" 304 0
[18/May/2026 17:44:08] "GET /static/game/images/kits/915_home.svg HTTP/1.1" 304 0
[18/May/2026 17:44:08] "GET /static/game/images/flags/41.svg HTTP/1.1" 304 0
[18/May/2026 17:44:08] "GET /static/game/images/kits/915_away.svg HTTP/1.1" 304 0
[18/May/2026 17:44:08] "GET /static/game/images/kits/915_third.svg HTTP/1.1" 304 0
[18/May/2026 17:44:08] "GET /static/game/js/club-profile.js HTTP/1.1" 304 0
[18/May/2026 17:44:08] "GET /static/game/images/backgrounds/club-profile-room-background.png HTTP/1.1" 304 0
[18/May/2026 17:44:08] "GET /static/game/images/backgrounds/club-pro-highlights-profile.png HTTP/1.1" 304 0
[18/May/2026 17:44:08] "GET /static/game/images/backgrounds/club-youth-highlights-profile.png HTTP/1.1" 304 0
[18/May/2026 17:44:08] "GET /static/game/images/backgrounds/trophy-cabinet-club-profile.png HTTP/1.1" 304 0
[18/May/2026 17:44:08] "GET /static/game/images/backgrounds/club-kits-profile.png HTTP/1.1" 304 0
[18/May/2026 17:44:08] "GET /static/game/images/backgrounds/club-table-profile.png HTTP/1.1" 304 0
[18/May/2026 17:44:08] "GET /static/game/images/backgrounds/club-partner-profile.png HTTP/1.1" 304 0
[18/May/2026 17:44:08] "GET /static/game/images/backgrounds/club-news-profile.png HTTP/1.1" 304 0
[18/May/2026 17:47:53] "GET /clubs/3/ HTTP/1.1" 200 33213
C:\Users\mashu\Documents\Codex\Websoccer\Websoccer\game\models.py changed, reloading.
Watching for file changes with StatReloader
C:\Users\mashu\Documents\Codex\Websoccer\Websoccer\game\models.py changed, reloading.
Watching for file changes with StatReloader
C:\Users\mashu\Documents\Codex\Websoccer\Websoccer\game\admin.py changed, reloading.
Watching for file changes with StatReloader
C:\Users\mashu\Documents\Codex\Websoccer\Websoccer\game\tactics.py changed, reloading.
Watching for file changes with StatReloader
C:\Users\mashu\Documents\Codex\Websoccer\Websoccer\game\views.py changed, reloading.
Watching for file changes with StatReloader
C:\Users\mashu\Documents\Codex\Websoccer\Websoccer\game\views.py changed, reloading.
Watching for file changes with StatReloader
C:\Users\mashu\Documents\Codex\Websoccer\Websoccer\game\views.py changed, reloading.
Watching for file changes with StatReloader
C:\Users\mashu\Documents\Codex\Websoccer\Websoccer\game\views.py changed, reloading.
Watching for file changes with StatReloader
C:\Users\mashu\Documents\Codex\Websoccer\Websoccer\game\views.py changed, reloading.
Watching for file changes with StatReloader
[18/May/2026 17:52:16] "GET /clubs/3/ HTTP/1.1" 200 33213
C:\Users\mashu\Documents\Codex\Websoccer\Websoccer\game\views.py changed, reloading.
Watching for file changes with StatReloader
C:\Users\mashu\Documents\Codex\Websoccer\Websoccer\game\urls.py changed, reloading.
Watching for file changes with StatReloader
[18/May/2026 17:52:43] "GET /clubs/3/ HTTP/1.1" 200 33213
[18/May/2026 17:52:43] "GET /static/game/css/club-profile/trophies.css HTTP/1.1" 304 0
[18/May/2026 17:52:43] "GET /clubs/3/ HTTP/1.1" 200 33213
[18/May/2026 17:52:45] "GET /clubs/3/ HTTP/1.1" 200 33213
[18/May/2026 17:52:45] "GET /clubs/3/ HTTP/1.1" 200 33231
Internal Server Error: /clubs/3/tactics/
Traceback (most recent call last):
  File "C:\Users\mashu\Documents\Codex\Websoccer\Websoccer\.venv\Lib\site-packages\django\db\backends\utils.py", line 105, in _execute
    return self.cursor.execute(sql, params)
           ^^^^^^^^^^^^^^^^^^^^^^^^^^^^^^^^
  File "C:\Users\mashu\Documents\Codex\Websoccer\Websoccer\.venv\Lib\site-packages\django\db\backends\sqlite3\base.py", line 359, in execute
    return super().execute(query, params)
           ^^^^^^^^^^^^^^^^^^^^^^^^^^^^^^
sqlite3.OperationalError: no such table: game_tacticsetup

The above exception was the direct cause of the following exception:

Traceback (most recent call last):
  File "C:\Users\mashu\Documents\Codex\Websoccer\Websoccer\.venv\Lib\site-packages\django\core\handlers\exception.py", line 55, in inner
    response = get_response(request)
               ^^^^^^^^^^^^^^^^^^^^^
  File "C:\Users\mashu\Documents\Codex\Websoccer\Websoccer\.venv\Lib\site-packages\django\core\handlers\base.py", line 198, in _get_response
    response = wrapped_callback(request, *callback_args, **callback_kwargs)
               ^^^^^^^^^^^^^^^^^^^^^^^^^^^^^^^^^^^^^^^^^^^^^^^^^^^^^^^^^^^^
  File "C:\Users\mashu\Documents\Codex\Websoccer\Websoccer\game\views.py", line 1571, in club_tactics
    setup, _created = TacticSetup.objects.get_or_create(
                      ^^^^^^^^^^^^^^^^^^^^^^^^^^^^^^^^^^
  File "C:\Users\mashu\Documents\Codex\Websoccer\Websoccer\.venv\Lib\site-packages\django\db\models\manager.py", line 87, in manager_method
    return getattr(self.get_queryset(), name)(*args, **kwargs)
           ^^^^^^^^^^^^^^^^^^^^^^^^^^^^^^^^^^^^^^^^^^^^^^^^^^^
  File "C:\Users\mashu\Documents\Codex\Websoccer\Websoccer\.venv\Lib\site-packages\django\db\models\query.py", line 987, in get_or_create
    return self.get(**kwargs), False
           ^^^^^^^^^^^^^^^^^^
  File "C:\Users\mashu\Documents\Codex\Websoccer\Websoccer\.venv\Lib\site-packages\django\db\models\query.py", line 635, in get
    num = len(clone)
          ^^^^^^^^^^
  File "C:\Users\mashu\Documents\Codex\Websoccer\Websoccer\.venv\Lib\site-packages\django\db\models\query.py", line 372, in __len__
    self._fetch_all()
  File "C:\Users\mashu\Documents\Codex\Websoccer\Websoccer\.venv\Lib\site-packages\django\db\models\query.py", line 2000, in _fetch_all
    self._result_cache = list(self._iterable_class(self))
                         ^^^^^^^^^^^^^^^^^^^^^^^^^^^^^^^^
  File "C:\Users\mashu\Documents\Codex\Websoccer\Websoccer\.venv\Lib\site-packages\django\db\models\query.py", line 95, in __iter__
    results = compiler.execute_sql(
              ^^^^^^^^^^^^^^^^^^^^^
  File "C:\Users\mashu\Documents\Codex\Websoccer\Websoccer\.venv\Lib\site-packages\django\db\models\sql\compiler.py", line 1624, in execute_sql
    cursor.execute(sql, params)
  File "C:\Users\mashu\Documents\Codex\Websoccer\Websoccer\.venv\Lib\site-packages\django\db\backends\utils.py", line 122, in execute
    return super().execute(sql, params)
           ^^^^^^^^^^^^^^^^^^^^^^^^^^^^
  File "C:\Users\mashu\Documents\Codex\Websoccer\Websoccer\.venv\Lib\site-packages\django\db\backends\utils.py", line 79, in execute
    return self._execute_with_wrappers(
           ^^^^^^^^^^^^^^^^^^^^^^^^^^^^
  File "C:\Users\mashu\Documents\Codex\Websoccer\Websoccer\.venv\Lib\site-packages\django\db\backends\utils.py", line 92, in _execute_with_wrappers
    return executor(sql, params, many, context)
           ^^^^^^^^^^^^^^^^^^^^^^^^^^^^^^^^^^^^
  File "C:\Users\mashu\Documents\Codex\Websoccer\Websoccer\.venv\Lib\site-packages\django\db\backends\utils.py", line 100, in _execute
    with self.db.wrap_database_errors:
         ^^^^^^^^^^^^^^^^^^^^^^^^^^^^
  File "C:\Users\mashu\Documents\Codex\Websoccer\Websoccer\.venv\Lib\site-packages\django\db\utils.py", line 94, in __exit__
    raise dj_exc_value.with_traceback(traceback) from exc_value
  File "C:\Users\mashu\Documents\Codex\Websoccer\Websoccer\.venv\Lib\site-packages\django\db\backends\utils.py", line 105, in _execute
    return self.cursor.execute(sql, params)
           ^^^^^^^^^^^^^^^^^^^^^^^^^^^^^^^^
  File "C:\Users\mashu\Documents\Codex\Websoccer\Websoccer\.venv\Lib\site-packages\django\db\backends\sqlite3\base.py", line 359, in execute
    return super().execute(query, params)
           ^^^^^^^^^^^^^^^^^^^^^^^^^^^^^^
django.db.utils.OperationalError: no such table: game_tacticsetup
[18/May/2026 17:52:47] "GET /clubs/3/tactics/?squad=pro HTTP/1.1" 500 146444
Internal Server Error: /clubs/3/tactics/
Traceback (most recent call last):
  File "C:\Users\mashu\Documents\Codex\Websoccer\Websoccer\.venv\Lib\site-packages\django\db\backends\utils.py", line 105, in _execute
    return self.cursor.execute(sql, params)
           ^^^^^^^^^^^^^^^^^^^^^^^^^^^^^^^^
  File "C:\Users\mashu\Documents\Codex\Websoccer\Websoccer\.venv\Lib\site-packages\django\db\backends\sqlite3\base.py", line 359, in execute
    return super().execute(query, params)
           ^^^^^^^^^^^^^^^^^^^^^^^^^^^^^^
sqlite3.OperationalError: no such table: game_tacticsetup

The above exception was the direct cause of the following exception:

Traceback (most recent call last):
  File "C:\Users\mashu\Documents\Codex\Websoccer\Websoccer\.venv\Lib\site-packages\django\core\handlers\exception.py", line 55, in inner
    response = get_response(request)
               ^^^^^^^^^^^^^^^^^^^^^
  File "C:\Users\mashu\Documents\Codex\Websoccer\Websoccer\.venv\Lib\site-packages\django\core\handlers\base.py", line 198, in _get_response
    response = wrapped_callback(request, *callback_args, **callback_kwargs)
               ^^^^^^^^^^^^^^^^^^^^^^^^^^^^^^^^^^^^^^^^^^^^^^^^^^^^^^^^^^^^
  File "C:\Users\mashu\Documents\Codex\Websoccer\Websoccer\game\views.py", line 1571, in club_tactics
    setup, _created = TacticSetup.objects.get_or_create(
                      ^^^^^^^^^^^^^^^^^^^^^^^^^^^^^^^^^^
  File "C:\Users\mashu\Documents\Codex\Websoccer\Websoccer\.venv\Lib\site-packages\django\db\models\manager.py", line 87, in manager_method
    return getattr(self.get_queryset(), name)(*args, **kwargs)
           ^^^^^^^^^^^^^^^^^^^^^^^^^^^^^^^^^^^^^^^^^^^^^^^^^^^
  File "C:\Users\mashu\Documents\Codex\Websoccer\Websoccer\.venv\Lib\site-packages\django\db\models\query.py", line 987, in get_or_create
    return self.get(**kwargs), False
           ^^^^^^^^^^^^^^^^^^
  File "C:\Users\mashu\Documents\Codex\Websoccer\Websoccer\.venv\Lib\site-packages\django\db\models\query.py", line 635, in get
    num = len(clone)
          ^^^^^^^^^^
  File "C:\Users\mashu\Documents\Codex\Websoccer\Websoccer\.venv\Lib\site-packages\django\db\models\query.py", line 372, in __len__
    self._fetch_all()
  File "C:\Users\mashu\Documents\Codex\Websoccer\Websoccer\.venv\Lib\site-packages\django\db\models\query.py", line 2000, in _fetch_all
    self._result_cache = list(self._iterable_class(self))
                         ^^^^^^^^^^^^^^^^^^^^^^^^^^^^^^^^
  File "C:\Users\mashu\Documents\Codex\Websoccer\Websoccer\.venv\Lib\site-packages\django\db\models\query.py", line 95, in __iter__
    results = compiler.execute_sql(
              ^^^^^^^^^^^^^^^^^^^^^
  File "C:\Users\mashu\Documents\Codex\Websoccer\Websoccer\.venv\Lib\site-packages\django\db\models\sql\compiler.py", line 1624, in execute_sql
    cursor.execute(sql, params)
  File "C:\Users\mashu\Documents\Codex\Websoccer\Websoccer\.venv\Lib\site-packages\django\db\backends\utils.py", line 122, in execute
    return super().execute(sql, params)
           ^^^^^^^^^^^^^^^^^^^^^^^^^^^^
  File "C:\Users\mashu\Documents\Codex\Websoccer\Websoccer\.venv\Lib\site-packages\django\db\backends\utils.py", line 79, in execute
    return self._execute_with_wrappers(
           ^^^^^^^^^^^^^^^^^^^^^^^^^^^^
  File "C:\Users\mashu\Documents\Codex\Websoccer\Websoccer\.venv\Lib\site-packages\django\db\backends\utils.py", line 92, in _execute_with_wrappers
    return executor(sql, params, many, context)
           ^^^^^^^^^^^^^^^^^^^^^^^^^^^^^^^^^^^^
  File "C:\Users\mashu\Documents\Codex\Websoccer\Websoccer\.venv\Lib\site-packages\django\db\backends\utils.py", line 100, in _execute
    with self.db.wrap_database_errors:
         ^^^^^^^^^^^^^^^^^^^^^^^^^^^^
  File "C:\Users\mashu\Documents\Codex\Websoccer\Websoccer\.venv\Lib\site-packages\django\db\utils.py", line 94, in __exit__
    raise dj_exc_value.with_traceback(traceback) from exc_value
  File "C:\Users\mashu\Documents\Codex\Websoccer\Websoccer\.venv\Lib\site-packages\django\db\backends\utils.py", line 105, in _execute
    return self.cursor.execute(sql, params)
           ^^^^^^^^^^^^^^^^^^^^^^^^^^^^^^^^
  File "C:\Users\mashu\Documents\Codex\Websoccer\Websoccer\.venv\Lib\site-packages\django\db\backends\sqlite3\base.py", line 359, in execute
    return super().execute(query, params)
           ^^^^^^^^^^^^^^^^^^^^^^^^^^^^^^
django.db.utils.OperationalError: no such table: game_tacticsetup
[18/May/2026 17:52:49] "GET /clubs/3/tactics/?squad=pro HTTP/1.1" 500 146444
[18/May/2026 17:52:51] "GET /clubs/3/ HTTP/1.1" 200 33231
[18/May/2026 17:52:54] "GET /clubs/3/ HTTP/1.1" 200 33231
[18/May/2026 17:52:55] "GET / HTTP/1.1" 200 48059
[18/May/2026 17:52:55] "GET /static/game/css/global-dashboard/overview-dashboard.css?v=overview-20260518-1 HTTP/1.1" 200 31330
[18/May/2026 17:52:55] "GET /static/game/images/players/92088306.svg HTTP/1.1" 200 35485
[18/May/2026 17:52:55] "GET /static/game/images/backgrounds/overview/overview-navigation.png HTTP/1.1" 200 1282276
[18/May/2026 17:52:55] "GET /static/game/images/backgrounds/overview/overview-transfer.png HTTP/1.1" 200 1276956
[18/May/2026 17:52:55] "GET /static/game/images/backgrounds/overview/overview-manager.png HTTP/1.1" 200 1781080
[18/May/2026 17:52:55] "GET /static/game/images/players/28113827.svg HTTP/1.1" 200 40857
[18/May/2026 17:52:55] "GET /static/game/images/backgrounds/overview/overview-chat.png HTTP/1.1" 200 1298364
[18/May/2026 17:52:55] "GET /static/game/images/players/16279486.svg HTTP/1.1" 200 51445
[18/May/2026 17:52:55] "GET /static/game/images/backgrounds/overview/overview-table.png HTTP/1.1" 200 1373315
[18/May/2026 17:52:55] "GET /static/game/images/backgrounds/overview/overview-news.png HTTP/1.1" 200 1539822
[18/May/2026 17:52:55] "GET /static/game/images/backgrounds/overview/overview-live.png HTTP/1.1" 200 1377367
[18/May/2026 17:52:55] "GET /static/game/images/backgrounds/overview/overview-sim-news.png HTTP/1.1" 200 1370347
[18/May/2026 17:52:55] "GET /static/game/images/backgrounds/overview/overview-stats.png HTTP/1.1" 200 1422550
[18/May/2026 17:52:55] "GET /static/game/images/backgrounds/overview/overview-social.png?v=2 HTTP/1.1" 200 1515374
[18/May/2026 17:52:57] "GET /clubs/3/ HTTP/1.1" 200 33231
C:\Users\mashu\Documents\Codex\Websoccer\Websoccer\game\views.py changed, reloading.
Watching for file changes with StatReloader
[18/May/2026 17:55:55] "GET /clubs/3/ HTTP/1.1" 200 33237
[18/May/2026 17:55:55] "GET /static/game/css/club-profile/identity.css HTTP/1.1" 304 0
[18/May/2026 17:55:55] "GET /static/game/css/club-profile/matches.css HTTP/1.1" 304 0
[18/May/2026 17:55:55] "GET /static/game/css/club-profile/compact-panels.css HTTP/1.1" 304 0
[18/May/2026 17:55:55] "GET /static/game/css/club-profile/players.css HTTP/1.1" 304 0
[18/May/2026 17:55:55] "GET /static/game/images/backgrounds/club-news-profile.png HTTP/1.1" 304 0
Internal Server Error: /clubs/3/tactics/
Traceback (most recent call last):
  File "C:\Users\mashu\Documents\Codex\Websoccer\Websoccer\.venv\Lib\site-packages\django\db\backends\utils.py", line 105, in _execute
    return self.cursor.execute(sql, params)
           ^^^^^^^^^^^^^^^^^^^^^^^^^^^^^^^^
  File "C:\Users\mashu\Documents\Codex\Websoccer\Websoccer\.venv\Lib\site-packages\django\db\backends\sqlite3\base.py", line 359, in execute
    return super().execute(query, params)
           ^^^^^^^^^^^^^^^^^^^^^^^^^^^^^^
sqlite3.OperationalError: no such table: game_tacticsetup

The above exception was the direct cause of the following exception:

Traceback (most recent call last):
  File "C:\Users\mashu\Documents\Codex\Websoccer\Websoccer\.venv\Lib\site-packages\django\core\handlers\exception.py", line 55, in inner
    response = get_response(request)
               ^^^^^^^^^^^^^^^^^^^^^
  File "C:\Users\mashu\Documents\Codex\Websoccer\Websoccer\.venv\Lib\site-packages\django\core\handlers\base.py", line 198, in _get_response
    response = wrapped_callback(request, *callback_args, **callback_kwargs)
               ^^^^^^^^^^^^^^^^^^^^^^^^^^^^^^^^^^^^^^^^^^^^^^^^^^^^^^^^^^^^
  File "C:\Users\mashu\Documents\Codex\Websoccer\Websoccer\game\views.py", line 1594, in club_tactics
    setup, _created = TacticSetup.objects.get_or_create(
                      ^^^^^^^^^^^^^^^^^^^^^^^^^^^^^^^^^^
  File "C:\Users\mashu\Documents\Codex\Websoccer\Websoccer\.venv\Lib\site-packages\django\db\models\manager.py", line 87, in manager_method
    return getattr(self.get_queryset(), name)(*args, **kwargs)
           ^^^^^^^^^^^^^^^^^^^^^^^^^^^^^^^^^^^^^^^^^^^^^^^^^^^
  File "C:\Users\mashu\Documents\Codex\Websoccer\Websoccer\.venv\Lib\site-packages\django\db\models\query.py", line 987, in get_or_create
    return self.get(**kwargs), False
           ^^^^^^^^^^^^^^^^^^
  File "C:\Users\mashu\Documents\Codex\Websoccer\Websoccer\.venv\Lib\site-packages\django\db\models\query.py", line 635, in get
    num = len(clone)
          ^^^^^^^^^^
  File "C:\Users\mashu\Documents\Codex\Websoccer\Websoccer\.venv\Lib\site-packages\django\db\models\query.py", line 372, in __len__
    self._fetch_all()
  File "C:\Users\mashu\Documents\Codex\Websoccer\Websoccer\.venv\Lib\site-packages\django\db\models\query.py", line 2000, in _fetch_all
    self._result_cache = list(self._iterable_class(self))
                         ^^^^^^^^^^^^^^^^^^^^^^^^^^^^^^^^
  File "C:\Users\mashu\Documents\Codex\Websoccer\Websoccer\.venv\Lib\site-packages\django\db\models\query.py", line 95, in __iter__
    results = compiler.execute_sql(
              ^^^^^^^^^^^^^^^^^^^^^
  File "C:\Users\mashu\Documents\Codex\Websoccer\Websoccer\.venv\Lib\site-packages\django\db\models\sql\compiler.py", line 1624, in execute_sql
    cursor.execute(sql, params)
  File "C:\Users\mashu\Documents\Codex\Websoccer\Websoccer\.venv\Lib\site-packages\django\db\backends\utils.py", line 122, in execute
    return super().execute(sql, params)
           ^^^^^^^^^^^^^^^^^^^^^^^^^^^^
  File "C:\Users\mashu\Documents\Codex\Websoccer\Websoccer\.venv\Lib\site-packages\django\db\backends\utils.py", line 79, in execute
    return self._execute_with_wrappers(
           ^^^^^^^^^^^^^^^^^^^^^^^^^^^^
  File "C:\Users\mashu\Documents\Codex\Websoccer\Websoccer\.venv\Lib\site-packages\django\db\backends\utils.py", line 92, in _execute_with_wrappers
    return executor(sql, params, many, context)
           ^^^^^^^^^^^^^^^^^^^^^^^^^^^^^^^^^^^^
  File "C:\Users\mashu\Documents\Codex\Websoccer\Websoccer\.venv\Lib\site-packages\django\db\backends\utils.py", line 100, in _execute
    with self.db.wrap_database_errors:
         ^^^^^^^^^^^^^^^^^^^^^^^^^^^^
  File "C:\Users\mashu\Documents\Codex\Websoccer\Websoccer\.venv\Lib\site-packages\django\db\utils.py", line 94, in __exit__
    raise dj_exc_value.with_traceback(traceback) from exc_value
  File "C:\Users\mashu\Documents\Codex\Websoccer\Websoccer\.venv\Lib\site-packages\django\db\backends\utils.py", line 105, in _execute
    return self.cursor.execute(sql, params)
           ^^^^^^^^^^^^^^^^^^^^^^^^^^^^^^^^
  File "C:\Users\mashu\Documents\Codex\Websoccer\Websoccer\.venv\Lib\site-packages\django\db\backends\sqlite3\base.py", line 359, in execute
    return super().execute(query, params)
           ^^^^^^^^^^^^^^^^^^^^^^^^^^^^^^
django.db.utils.OperationalError: no such table: game_tacticsetup
[18/May/2026 17:55:56] "GET /clubs/3/tactics/?squad=pro HTTP/1.1" 500 146444
[18/May/2026 18:00:00] "GET /clubs/ HTTP/1.1" 200 16269
[18/May/2026 18:00:00,524] - Broken pipe from ('127.0.0.1', 55046)
[18/May/2026 18:02:24] "GET /clubs/3/tactics/?squad=pro HTTP/1.1" 200 744902
[18/May/2026 18:02:25] "GET /static/game/css/global-dashboard.css HTTP/1.1" 200 265
[18/May/2026 18:02:25] "GET /static/game/js/tactics.js HTTP/1.1" 200 10840
[18/May/2026 18:02:25] "GET /static/game/css/global-dashboard/layout-nav.css HTTP/1.1" 200 21152
[18/May/2026 18:02:25] "GET /static/game/css/global-dashboard/dashboard-cards.css HTTP/1.1" 200 12891
[18/May/2026 18:02:25] "GET /static/game/css/global-dashboard/tables-lists.css HTTP/1.1" 200 9923
[18/May/2026 18:02:25] "GET /static/game/css/global-dashboard/overview-dashboard.css HTTP/1.1" 200 31330
[18/May/2026 18:02:25] "GET /static/game/css/global-dashboard/responsive.css HTTP/1.1" 200 5122
[18/May/2026 18:02:25] "GET /static/game/images/icons/sidebar/verein.svg HTTP/1.1" 200 386
[18/May/2026 18:02:25] "GET /static/game/images/icons/sidebar/kader.svg HTTP/1.1" 200 615
[18/May/2026 18:02:25] "GET /static/game/images/icons/sidebar/taktik.svg HTTP/1.1" 200 530
[18/May/2026 18:02:25] "GET /static/game/images/icons/sidebar/transfers.svg HTTP/1.1" 200 497
[18/May/2026 18:02:25] "GET /static/game/images/icons/sidebar/jugend.svg HTTP/1.1" 200 392
[18/May/2026 18:02:25] "GET /static/game/images/icons/sidebar/scouting.svg HTTP/1.1" 200 423
[18/May/2026 18:02:25] "GET /static/game/images/icons/sidebar/mitarbeiter.svg HTTP/1.1" 200 522
[18/May/2026 18:02:25] "GET /static/game/images/icons/sidebar/wettbewerbe.svg HTTP/1.1" 200 432
[18/May/2026 18:02:25] "GET /static/game/images/crests/907.png HTTP/1.1" 200 34735
[18/May/2026 18:02:25] "GET /static/game/images/competitions/bundesliga.png HTTP/1.1" 200 22675
[18/May/2026 18:02:25] "GET /static/game/images/players/28049320.png HTTP/1.1" 200 79774
[18/May/2026 18:02:25] "GET /static/game/css/global-dashboard/header.css HTTP/1.1" 200 6360
[18/May/2026 18:02:25] "GET /static/game/images/icons/sidebar/uebersicht.svg HTTP/1.1" 200 360
[18/May/2026 18:02:25] "GET /static/game/css/tactics.css HTTP/1.1" 200 15509
[18/May/2026 18:02:25] "GET /static/game/images/flags/771.svg HTTP/1.1" 200 1599
[18/May/2026 18:02:25] "GET /static/game/images/crests/915.png HTTP/1.1" 200 148470
[18/May/2026 18:02:25] "GET /static/game/images/backgrounds/player-profile-stadium-atmosphere.svg HTTP/1.1" 200 5840
[18/May/2026 18:02:25] "GET /static/game/images/stadiums/germany/b-dortmund.jpg HTTP/1.1" 200 149529
[18/May/2026 18:02:25] "GET /static/game/images/stadiums/germany/fc-bayern.jpg HTTP/1.1" 200 208463
[18/May/2026 18:02:25] "GET /static/game/images/backgrounds/spielfeld.png HTTP/1.1" 200 2479542
[18/May/2026 18:02:25] "GET /static/game/images/brand/favicon-32.png HTTP/1.1" 200 1969
[18/May/2026 18:02:44] "GET /clubs/3/tactics/?squad=pro HTTP/1.1" 200 744902
[18/May/2026 18:02:44] "GET /static/game/css/tactics.css HTTP/1.1" 200 15509
[18/May/2026 18:02:44] "GET /static/game/js/tactics.js HTTP/1.1" 200 10840
[18/May/2026 18:02:44] "GET /static/game/images/backgrounds/spielfeld.png HTTP/1.1" 200 2479542
[18/May/2026 18:03:16] "GET /clubs/3/tactics/?squad=pro HTTP/1.1" 200 744902
[18/May/2026 18:03:16] "GET /static/game/css/global-dashboard.css HTTP/1.1" 200 265
[18/May/2026 18:03:16] "GET /static/game/css/global-dashboard/header.css HTTP/1.1" 200 6360
[18/May/2026 18:03:16] "GET /static/game/css/tactics.css HTTP/1.1" 200 15542
[18/May/2026 18:03:16] "GET /static/game/images/flags/771.svg HTTP/1.1" 200 1599
[18/May/2026 18:03:16] "GET /static/game/css/global-dashboard/layout-nav.css HTTP/1.1" 200 21152
[18/May/2026 18:03:16] "GET /static/game/css/global-dashboard/tables-lists.css HTTP/1.1" 200 9923
[18/May/2026 18:03:16] "GET /static/game/css/global-dashboard/dashboard-cards.css HTTP/1.1" 200 12891
[18/May/2026 18:03:16] "GET /static/game/images/icons/sidebar/uebersicht.svg HTTP/1.1" 200 360
[18/May/2026 18:03:16] "GET /static/game/css/global-dashboard/responsive.css HTTP/1.1" 200 5122
[18/May/2026 18:03:16] "GET /static/game/images/crests/915.png HTTP/1.1" 200 148470
[18/May/2026 18:03:16] "GET /static/game/css/global-dashboard/overview-dashboard.css HTTP/1.1" 200 31330
[18/May/2026 18:03:16] "GET /static/game/images/icons/sidebar/verein.svg HTTP/1.1" 200 386
[18/May/2026 18:03:16] "GET /static/game/js/tactics.js HTTP/1.1" 200 10840
[18/May/2026 18:03:16] "GET /static/game/images/icons/sidebar/kader.svg HTTP/1.1" 200 615
[18/May/2026 18:03:16] "GET /static/game/images/icons/sidebar/jugend.svg HTTP/1.1" 200 392
[18/May/2026 18:03:16] "GET /static/game/images/icons/sidebar/transfers.svg HTTP/1.1" 200 497
[18/May/2026 18:03:16] "GET /static/game/images/icons/sidebar/scouting.svg HTTP/1.1" 200 423
[18/May/2026 18:03:16] "GET /static/game/images/icons/sidebar/mitarbeiter.svg HTTP/1.1" 200 522
[18/May/2026 18:03:16] "GET /static/game/images/icons/sidebar/taktik.svg HTTP/1.1" 200 530
[18/May/2026 18:03:16] "GET /static/game/images/icons/sidebar/wettbewerbe.svg HTTP/1.1" 200 432
[18/May/2026 18:03:16] "GET /static/game/images/backgrounds/player-profile-stadium-atmosphere.svg HTTP/1.1" 200 5840
[18/May/2026 18:03:16] "GET /static/game/images/crests/907.png HTTP/1.1" 200 34735
[18/May/2026 18:03:16] "GET /static/game/images/competitions/bundesliga.png HTTP/1.1" 200 22675
[18/May/2026 18:03:16] "GET /static/game/images/stadiums/germany/b-dortmund.jpg HTTP/1.1" 200 149529
[18/May/2026 18:03:16] "GET /static/game/images/players/28049320.png HTTP/1.1" 200 79774
[18/May/2026 18:03:16] "GET /static/game/images/stadiums/germany/fc-bayern.jpg HTTP/1.1" 200 208463
[18/May/2026 18:03:16] "GET /static/game/images/backgrounds/spielfeld.png HTTP/1.1" 200 2479542
[18/May/2026 18:03:16] "GET /static/game/images/brand/favicon-32.png HTTP/1.1" 200 1969
[18/May/2026 18:04:19] "GET /clubs/3/tactics/?squad=pro HTTP/1.1" 200 744902
[18/May/2026 18:04:19] "GET /static/game/css/global-dashboard.css HTTP/1.1" 200 265
[18/May/2026 18:04:19] "GET /static/game/css/global-dashboard/header.css HTTP/1.1" 200 6360
[18/May/2026 18:04:19] "GET /static/game/css/tactics.css HTTP/1.1" 200 15565
[18/May/2026 18:04:19] "GET /static/game/images/flags/771.svg HTTP/1.1" 200 1599
[18/May/2026 18:04:19] "GET /static/game/images/icons/sidebar/uebersicht.svg HTTP/1.1" 200 360
[18/May/2026 18:04:19] "GET /static/game/images/icons/sidebar/verein.svg HTTP/1.1" 200 386
[18/May/2026 18:04:19] "GET /static/game/js/tactics.js HTTP/1.1" 200 10840
[18/May/2026 18:04:19] "GET /static/game/images/icons/sidebar/kader.svg HTTP/1.1" 200 615
[18/May/2026 18:04:19] "GET /static/game/css/global-dashboard/layout-nav.css HTTP/1.1" 200 21152
[18/May/2026 18:04:19] "GET /static/game/images/icons/sidebar/transfers.svg HTTP/1.1" 200 497
[18/May/2026 18:04:19] "GET /static/game/images/icons/sidebar/taktik.svg HTTP/1.1" 200 530
[18/May/2026 18:04:19] "GET /static/game/css/global-dashboard/dashboard-cards.css HTTP/1.1" 200 12891
[18/May/2026 18:04:19] "GET /static/game/css/global-dashboard/tables-lists.css HTTP/1.1" 200 9923
[18/May/2026 18:04:19] "GET /static/game/images/icons/sidebar/jugend.svg HTTP/1.1" 200 392
[18/May/2026 18:04:19] "GET /static/game/css/global-dashboard/responsive.css HTTP/1.1" 200 5122
[18/May/2026 18:04:19] "GET /static/game/images/icons/sidebar/scouting.svg HTTP/1.1" 200 423
[18/May/2026 18:04:19] "GET /static/game/css/global-dashboard/overview-dashboard.css HTTP/1.1" 200 31330
[18/May/2026 18:04:19] "GET /static/game/images/crests/915.png HTTP/1.1" 200 148470
[18/May/2026 18:04:19] "GET /static/game/images/icons/sidebar/mitarbeiter.svg HTTP/1.1" 200 522
[18/May/2026 18:04:19] "GET /static/game/images/icons/sidebar/wettbewerbe.svg HTTP/1.1" 200 432
[18/May/2026 18:04:19] "GET /static/game/images/crests/907.png HTTP/1.1" 200 34735
[18/May/2026 18:04:19] "GET /static/game/images/competitions/bundesliga.png HTTP/1.1" 200 22675
[18/May/2026 18:04:19] "GET /static/game/images/backgrounds/player-profile-stadium-atmosphere.svg HTTP/1.1" 200 5840
[18/May/2026 18:04:19] "GET /static/game/images/players/28049320.png HTTP/1.1" 200 79774
[18/May/2026 18:04:19] "GET /static/game/images/stadiums/germany/b-dortmund.jpg HTTP/1.1" 200 149529
[18/May/2026 18:04:19] "GET /static/game/images/stadiums/germany/fc-bayern.jpg HTTP/1.1" 200 208463
[18/May/2026 18:04:19] "GET /static/game/images/backgrounds/spielfeld.png HTTP/1.1" 200 2479542
[18/May/2026 18:04:19] "GET /static/game/images/brand/favicon-32.png HTTP/1.1" 200 1969
[18/May/2026 18:06:32] "GET /clubs/3/ HTTP/1.1" 200 33237
[18/May/2026 18:06:32] "GET /static/game/images/default_player.svg HTTP/1.1" 304 0
[18/May/2026 18:06:32] "GET /static/game/css/club-profile/identity.css HTTP/1.1" 304 0
[18/May/2026 18:06:32] "GET /static/game/css/club-profile/matches.css HTTP/1.1" 304 0
[18/May/2026 18:06:32] "GET /static/game/css/club-profile/trophies.css HTTP/1.1" 304 0
[18/May/2026 18:06:32] "GET /static/game/css/club-profile/players.css HTTP/1.1" 304 0
[18/May/2026 18:06:32] "GET /static/game/css/club-profile/compact-panels.css HTTP/1.1" 304 0
[18/May/2026 18:06:36] "GET /clubs/3/tactics/?squad=pro HTTP/1.1" 200 744902
[18/May/2026 18:06:36] "GET /static/game/css/global-dashboard/header.css HTTP/1.1" 304 0
[18/May/2026 18:06:36] "GET /static/game/css/tactics.css HTTP/1.1" 200 15565
[18/May/2026 18:06:36] "GET /static/game/js/tactics.js HTTP/1.1" 304 0
[18/May/2026 18:08:19] "GET /clubs/3/tactics/?squad=pro HTTP/1.1" 200 744902
[18/May/2026 18:08:19] "GET /static/game/css/tactics.css HTTP/1.1" 200 15565
[18/May/2026 18:08:19] "GET /static/game/js/tactics.js HTTP/1.1" 200 10840
[18/May/2026 18:08:20] "GET /static/game/images/backgrounds/spielfeld.png HTTP/1.1" 304 0
[18/May/2026 18:10:50] "GET /clubs/3/tactics/?squad=pro HTTP/1.1" 200 744902
[18/May/2026 18:10:50] "GET /static/game/css/global-dashboard/header.css HTTP/1.1" 304 0
[18/May/2026 18:10:50] "GET /static/game/css/tactics.css HTTP/1.1" 304 0
[18/May/2026 18:10:51] "GET /static/game/js/tactics.js HTTP/1.1" 304 0
[18/May/2026 18:11:14] "GET /clubs/3/tactics/?squad=pro HTTP/1.1" 200 744902
[18/May/2026 18:11:14] "GET /static/game/css/tactics.css HTTP/1.1" 304 0
[18/May/2026 18:11:14] "GET /static/game/js/tactics.js HTTP/1.1" 304 0
[18/May/2026 18:11:16] "GET /clubs/3/tactics/?squad=pro HTTP/1.1" 200 744902
C:\Users\mashu\Documents\Codex\Websoccer\Websoccer\game\views.py changed, reloading.
Watching for file changes with StatReloader
[18/May/2026 18:19:11] "GET /clubs/3/tactics/?squad=pro HTTP/1.1" 200 752908
[18/May/2026 18:19:11] "GET /static/game/css/tactics.css HTTP/1.1" 200 23564
[18/May/2026 18:19:11] "GET /static/game/js/tactics.js HTTP/1.1" 200 14611
[18/May/2026 18:19:11] "GET /static/game/images/default_player.png HTTP/1.1" 304 0
[18/May/2026 18:20:37] "GET /clubs/3/tactics/?squad=pro HTTP/1.1" 200 752908
[18/May/2026 18:20:37] "GET /static/game/css/tactics.css HTTP/1.1" 200 23697
[18/May/2026 18:20:37] "GET /static/game/js/tactics.js HTTP/1.1" 304 0
[18/May/2026 18:21:43] "GET /clubs/3/tactics/?squad=pro HTTP/1.1" 200 752908
[18/May/2026 18:21:43] "GET /static/game/css/tactics.css HTTP/1.1" 200 23769
[18/May/2026 18:21:43] "GET /static/game/js/tactics.js HTTP/1.1" 304 0
[18/May/2026 18:22:17] "GET /clubs/3/tactics/?squad=pro HTTP/1.1" 200 752908
[18/May/2026 18:22:17] "GET /static/game/css/tactics.css HTTP/1.1" 304 0
[18/May/2026 18:23:26] "GET /clubs/3/tactics/?squad=pro HTTP/1.1" 200 752908
[18/May/2026 18:23:26] "GET /static/game/images/default_player.png HTTP/1.1" 200 527
[18/May/2026 18:23:26] "GET /static/game/css/tactics.css HTTP/1.1" 200 23769
[18/May/2026 18:23:26] "GET /static/game/js/tactics.js HTTP/1.1" 200 14611
[18/May/2026 18:24:08] "GET /static/game/images/players/76049803.svg HTTP/1.1" 304 0
[18/May/2026 18:24:16] "GET /static/game/images/players/85045409.svg HTTP/1.1" 304 0
[18/May/2026 18:24:58] "GET /static/game/images/players/28066083.svg HTTP/1.1" 304 0
[18/May/2026 18:36:06] "GET /static/game/images/players/16147659.svg HTTP/1.1" 304 0
[18/May/2026 18:36:09] "GET /static/game/images/players/8718372.svg HTTP/1.1" 304 0
[18/May/2026 18:36:12] "GET /static/game/images/players/91119700.svg HTTP/1.1" 304 0
[18/May/2026 18:37:42] "POST /clubs/3/tactics/?squad=pro HTTP/1.1" 200 757373
[18/May/2026 18:37:48] "POST /clubs/3/tactics/?squad=pro HTTP/1.1" 200 757373
[18/May/2026 18:37:48] "POST /clubs/3/tactics/?squad=pro HTTP/1.1" 200 757373
[18/May/2026 18:37:49] "POST /clubs/3/tactics/?squad=pro HTTP/1.1" 200 757373
[18/May/2026 18:42:34] "GET /clubs/3/tactics/?squad=pro HTTP/1.1" 200 752908
[18/May/2026 18:42:34] "GET /static/game/css/global-dashboard/header.css HTTP/1.1" 304 0
[18/May/2026 18:42:34] "GET /static/game/css/tactics.css HTTP/1.1" 304 0
[18/May/2026 18:42:34] "GET /static/game/js/tactics.js HTTP/1.1" 304 0
C:\Users\mashu\Documents\Codex\Websoccer\Websoccer\game\tactics.py changed, reloading.
Watching for file changes with StatReloader
C:\Users\mashu\Documents\Codex\Websoccer\Websoccer\game\views.py changed, reloading.
Watching for file changes with StatReloader
C:\Users\mashu\Documents\Codex\Websoccer\Websoccer\game\views.py changed, reloading.
Watching for file changes with StatReloader
C:\Users\mashu\Documents\Codex\Websoccer\Websoccer\game\views.py changed, reloading.
Watching for file changes with StatReloader
C:\Users\mashu\Documents\Codex\Websoccer\Websoccer\game\views.py changed, reloading.
Watching for file changes with StatReloader
C:\Users\mashu\Documents\Codex\Websoccer\Websoccer\game\views.py changed, reloading.
Watching for file changes with StatReloader
[18/May/2026 19:00:55] "GET /clubs/3/tactics/?squad=pro HTTP/1.1" 200 764807
[18/May/2026 19:00:55] "GET /static/game/css/global-dashboard/header.css HTTP/1.1" 304 0
[18/May/2026 19:00:55] "GET /static/game/css/tactics.css HTTP/1.1" 200 26866
[18/May/2026 19:00:55] "GET /static/game/js/tactics.js HTTP/1.1" 200 15123
[18/May/2026 19:00:55] "GET /static/game/images/players/91104807.svg HTTP/1.1" 304 0
[18/May/2026 19:00:55] "GET /static/game/images/players/45109024.svg HTTP/1.1" 304 0
[18/May/2026 19:00:55] "GET /static/game/images/players/12087972.svg HTTP/1.1" 304 0
[18/May/2026 19:00:55] "GET /static/game/images/players/89063073.svg HTTP/1.1" 304 0
[18/May/2026 19:00:55] "GET /static/game/images/players/92039023.svg HTTP/1.1" 304 0
[18/May/2026 19:00:55] "GET /static/game/images/players/91190673.svg HTTP/1.1" 304 0
[18/May/2026 19:00:55] "GET /static/game/images/players/28124579.svg HTTP/1.1" 304 0
[18/May/2026 19:00:55] "GET /static/game/images/players/2000171034.svg HTTP/1.1" 304 0
[18/May/2026 19:00:55] "GET /static/game/images/players/16182894.svg HTTP/1.1" 304 0
[18/May/2026 19:00:55] "GET /static/game/images/players/35008097.svg HTTP/1.1" 304 0
[18/May/2026 19:02:00] "GET /clubs/3/tactics/?squad=pro HTTP/1.1" 200 764807
[18/May/2026 19:02:00] "GET /static/game/css/tactics.css HTTP/1.1" 304 0
[18/May/2026 19:02:00] "GET /static/game/js/tactics.js HTTP/1.1" 304 0
[18/May/2026 20:48:39] "GET /clubs/3/tactics/?squad=pro HTTP/1.1" 200 764807
[18/May/2026 20:48:39] "GET /static/game/css/global-dashboard/header.css HTTP/1.1" 304 0
[18/May/2026 20:48:40] "GET /static/game/css/tactics.css HTTP/1.1" 200 26866
[18/May/2026 20:48:40] "GET /static/game/css/global-dashboard/layout-nav.css HTTP/1.1" 304 0
[18/May/2026 20:48:40] "GET /static/game/css/global-dashboard/dashboard-cards.css HTTP/1.1" 304 0
[18/May/2026 20:48:40] "GET /static/game/js/tactics.js HTTP/1.1" 200 15123
[18/May/2026 20:48:40] "GET /static/game/css/global-dashboard/tables-lists.css HTTP/1.1" 304 0
[18/May/2026 20:48:40] "GET /static/game/css/global-dashboard/overview-dashboard.css HTTP/1.1" 304 0
[18/May/2026 20:48:40] "GET /static/game/images/players/20041862.svg HTTP/1.1" 200 41701
[18/May/2026 20:48:40] "GET /static/game/css/global-dashboard/responsive.css HTTP/1.1" 304 0
[18/May/2026 20:48:40] "GET /static/game/images/players/76049803.svg HTTP/1.1" 200 41493
[18/May/2026 20:48:40] "GET /static/game/images/players/28066083.svg HTTP/1.1" 200 41029
[18/May/2026 20:48:40] "GET /static/game/images/players/91104807.svg HTTP/1.1" 200 40029
[18/May/2026 20:48:40] "GET /static/game/images/players/85045409.svg HTTP/1.1" 200 42693
[18/May/2026 20:48:40] "GET /static/game/images/players/12087972.svg HTTP/1.1" 200 40077
[18/May/2026 20:48:40] "GET /static/game/images/players/45109024.svg HTTP/1.1" 200 44825
[18/May/2026 20:48:40] "GET /static/game/images/players/92039023.svg HTTP/1.1" 200 38805
[18/May/2026 20:48:40] "GET /static/game/images/players/16147659.svg HTTP/1.1" 200 46005
[18/May/2026 20:48:40] "GET /static/game/images/players/28124579.svg HTTP/1.1" 200 38409
[18/May/2026 20:48:40] "GET /static/game/images/players/29221846.svg HTTP/1.1" 200 55001
[18/May/2026 20:48:40] "GET /static/game/images/players/89063073.svg HTTP/1.1" 200 42001
[18/May/2026 20:48:40] "GET /static/game/images/players/8718372.svg HTTP/1.1" 200 42792
[18/May/2026 20:48:40] "GET /static/game/images/players/2000171034.svg HTTP/1.1" 200 38003
[18/May/2026 20:48:40] "GET /static/game/images/players/91190673.svg HTTP/1.1" 200 40437
[18/May/2026 20:48:40] "GET /static/game/images/players/91119700.svg HTTP/1.1" 200 42889
[18/May/2026 20:48:40] "GET /static/game/images/players/16182894.svg HTTP/1.1" 200 43149
[18/May/2026 20:48:40] "GET /static/game/images/players/35008097.svg HTTP/1.1" 200 38889
[18/May/2026 20:48:40] "GET /static/game/images/players/91207698.svg HTTP/1.1" 200 42501
[18/May/2026 20:55:27] "POST /clubs/3/tactics/?squad=pro HTTP/1.1" 200 764981
[18/May/2026 20:55:29] "POST /clubs/3/tactics/?squad=pro HTTP/1.1" 200 764981
[18/May/2026 20:55:31] "POST /clubs/3/tactics/?squad=pro HTTP/1.1" 200 764995
[18/May/2026 20:55:33] "POST /clubs/3/tactics/?squad=pro HTTP/1.1" 200 764981
[18/May/2026 20:55:38] "POST /clubs/3/tactics/?squad=pro HTTP/1.1" 200 765020
[18/May/2026 21:00:07] "GET / HTTP/1.1" 200 48086
[18/May/2026 21:00:07] "GET /static/game/css/global-dashboard.css HTTP/1.1" 200 265
[18/May/2026 21:00:07] "GET /static/game/css/global-dashboard/header.css HTTP/1.1" 200 6360
[18/May/2026 21:00:07] "GET /players/552 HTTP/1.1" 301 0
[18/May/2026 21:00:07] "GET /clubs/3 HTTP/1.1" 301 0
[18/May/2026 21:00:07] "GET /players/552?awards_page=2 HTTP/1.1" 301 0
[18/May/2026 21:00:07] "GET /players/552?awards_page=1 HTTP/1.1" 301 0
[18/May/2026 21:00:07] "GET /players/552?awards_page=2&asset_reload=1778773076 HTTP/1.1" 301 0
[18/May/2026 21:00:07] "GET /players/552?awards_page=2&asset_reload=1778773860 HTTP/1.1" 301 0
[18/May/2026 21:00:07] "GET /players/552/?awards_page=2 HTTP/1.1" 200 68550
[18/May/2026 21:00:07] "GET /players/552/?awards_page=1 HTTP/1.1" 200 68609
[18/May/2026 21:00:07] "GET /players/552/?awards_page=2&asset_reload=1778773076 HTTP/1.1" 200 68550
[18/May/2026 21:00:07] "GET /players/552/?awards_page=2&asset_reload=1778773860 HTTP/1.1" 200 68550
[18/May/2026 21:00:07] "GET /players/552/ HTTP/1.1" 200 68609
[18/May/2026 21:00:07] "GET /clubs/3/ HTTP/1.1" 200 33258
[18/May/2026 21:00:07] "GET / HTTP/1.1" 200 48086
[18/May/2026 21:00:07] "GET /static/game/css/global-dashboard/header.css HTTP/1.1" 200 6360
[18/May/2026 21:00:07] "GET /static/game/css/global-dashboard.css HTTP/1.1" 200 265
[18/May/2026 21:00:07] "GET /players/552?awards_page=1 HTTP/1.1" 301 0
[18/May/2026 21:00:07] "GET /clubs/3/tactics?squad=pro HTTP/1.1" 301 0
[18/May/2026 21:00:07] "GET /players/552?awards_page=2&asset_reload=1778773076 HTTP/1.1" 301 0
[18/May/2026 21:00:07] "GET /players/552 HTTP/1.1" 301 0
[18/May/2026 21:00:07] "GET /players/552?awards_page=2&asset_reload=1778773860 HTTP/1.1" 301 0
[18/May/2026 21:00:07] "GET /players/552?awards_page=2 HTTP/1.1" 301 0
[18/May/2026 21:00:07] "GET /clubs/3 HTTP/1.1" 301 0
[18/May/2026 21:00:07] "GET /players/552/?awards_page=2&asset_reload=1778773076 HTTP/1.1" 200 68550
[18/May/2026 21:00:08] "GET /players/552/ HTTP/1.1" 200 68609
[18/May/2026 21:00:08] "GET /players/552/?awards_page=2 HTTP/1.1" 200 68550
[18/May/2026 21:00:08] "GET /players/552/?awards_page=2&asset_reload=1778773860 HTTP/1.1" 200 68550
[18/May/2026 21:00:08] "GET /players/552/?awards_page=1 HTTP/1.1" 200 68609
[18/May/2026 21:00:08] "GET /clubs/3/ HTTP/1.1" 200 33258
[18/May/2026 21:00:08] "GET /clubs/3/tactics/?squad=pro HTTP/1.1" 200 764828
[18/May/2026 21:00:09] "GET / HTTP/1.1" 200 48086
[18/May/2026 21:00:09] "GET /static/game/css/global-dashboard/header.css HTTP/1.1" 304 0
[18/May/2026 21:00:09] "GET /static/game/css/global-dashboard/overview-dashboard.css?v=overview-20260518-1 HTTP/1.1" 304 0
[18/May/2026 21:00:09] "GET /static/game/css/global-dashboard/overview-dashboard.css HTTP/1.1" 304 0
[18/May/2026 21:00:09] "GET /static/game/css/global-dashboard/layout-nav.css HTTP/1.1" 200 21351
[18/May/2026 21:00:09] "GET /static/game/images/backgrounds/overview/overview-navigation.png HTTP/1.1" 304 0
[18/May/2026 21:00:09] "GET /static/game/images/backgrounds/overview/overview-manager.png HTTP/1.1" 304 0
[18/May/2026 21:00:09] "GET /static/game/images/backgrounds/overview/overview-chat.png HTTP/1.1" 304 0
[18/May/2026 21:00:09] "GET /static/game/images/backgrounds/overview/overview-transfer.png HTTP/1.1" 304 0
[18/May/2026 21:00:09] "GET /static/game/images/backgrounds/overview/overview-table.png HTTP/1.1" 304 0
[18/May/2026 21:00:09] "GET /static/game/images/backgrounds/overview/overview-news.png HTTP/1.1" 304 0
[18/May/2026 21:00:09] "GET /static/game/images/backgrounds/overview/overview-sim-news.png HTTP/1.1" 304 0
[18/May/2026 21:00:09] "GET /static/game/images/backgrounds/overview/overview-social.png?v=2 HTTP/1.1" 304 0
[18/May/2026 21:00:09] "GET /static/game/images/backgrounds/overview/overview-live.png HTTP/1.1" 304 0
[18/May/2026 21:00:09] "GET /static/game/images/backgrounds/overview/overview-stats.png HTTP/1.1" 304 0
[18/May/2026 21:00:11] "GET /clubs/3/tactics/?squad=pro HTTP/1.1" 200 764828
[18/May/2026 21:00:11] "GET /static/game/js/tactics.js HTTP/1.1" 304 0
[18/May/2026 21:00:11] "GET /static/game/css/tactics.css HTTP/1.1" 304 0
[18/May/2026 21:00:11] "GET /static/game/css/global-dashboard/layout-nav.css HTTP/1.1" 304 0
C:\Users\mashu\Documents\Codex\Websoccer\Websoccer\game\context_processors.py changed, reloading.
Watching for file changes with StatReloader
[18/May/2026 21:01:50] "GET / HTTP/1.1" 200 48089
[18/May/2026 21:01:50] "GET /static/game/css/global-dashboard.css HTTP/1.1" 304 0
[18/May/2026 21:01:50] "GET /static/game/css/global-dashboard/overview-dashboard.css?v=overview-20260518-1 HTTP/1.1" 304 0
[18/May/2026 21:01:50] "GET /static/game/images/flags/771.svg HTTP/1.1" 304 0
[18/May/2026 21:01:50] "GET /static/game/css/global-dashboard/header.css HTTP/1.1" 200 6360
[18/May/2026 21:01:51] "GET /static/game/images/icons/sidebar/uebersicht.svg HTTP/1.1" 304 0
[18/May/2026 21:01:51] "GET /static/game/images/icons/sidebar/verein.svg HTTP/1.1" 304 0
[18/May/2026 21:01:51] "GET /static/game/css/global-dashboard/dashboard-cards.css HTTP/1.1" 304 0
[18/May/2026 21:01:51] "GET /static/game/css/global-dashboard/layout-nav.css HTTP/1.1" 200 21351
[18/May/2026 21:01:51] "GET /static/game/css/global-dashboard/tables-lists.css HTTP/1.1" 304 0
[18/May/2026 21:01:51] "GET /static/game/css/global-dashboard/responsive.css HTTP/1.1" 304 0
[18/May/2026 21:01:51] "GET /static/game/css/global-dashboard/overview-dashboard.css HTTP/1.1" 304 0
[18/May/2026 21:01:51] "GET /static/game/images/icons/sidebar/kader.svg HTTP/1.1" 304 0
[18/May/2026 21:01:51] "GET /static/game/images/icons/sidebar/taktik.svg HTTP/1.1" 304 0
[18/May/2026 21:01:51] "GET /static/game/images/icons/sidebar/transfers.svg HTTP/1.1" 304 0
[18/May/2026 21:01:51] "GET /static/game/images/icons/sidebar/jugend.svg HTTP/1.1" 304 0
[18/May/2026 21:01:51] "GET /static/game/images/icons/sidebar/wettbewerbe.svg HTTP/1.1" 304 0
[18/May/2026 21:01:51] "GET /static/game/images/icons/sidebar/scouting.svg HTTP/1.1" 304 0
[18/May/2026 21:01:51] "GET /static/game/images/icons/sidebar/mitarbeiter.svg HTTP/1.1" 304 0
[18/May/2026 21:01:51] "GET /static/game/images/players/28049320.png HTTP/1.1" 304 0
[18/May/2026 21:01:51] "GET /static/game/images/players/29221846.svg HTTP/1.1" 304 0
[18/May/2026 21:01:51] "GET /static/game/images/icons/stat-goals.svg HTTP/1.1" 304 0
[18/May/2026 21:01:51] "GET /static/game/images/players/16279486.svg HTTP/1.1" 304 0
[18/May/2026 21:01:51] "GET /static/game/images/players/92088306.svg HTTP/1.1" 304 0
[18/May/2026 21:01:51] "GET /static/game/images/players/28113827.svg HTTP/1.1" 304 0
[18/May/2026 21:01:51] "GET /static/game/images/backgrounds/overview/overview-navigation.png HTTP/1.1" 304 0
[18/May/2026 21:01:51] "GET /static/game/images/backgrounds/player-profile-stadium-atmosphere.svg HTTP/1.1" 304 0
[18/May/2026 21:01:51] "GET /static/game/images/stadiums/germany/fc-bayern.jpg HTTP/1.1" 304 0
[18/May/2026 21:01:51] "GET /static/game/images/backgrounds/overview/overview-chat.png HTTP/1.1" 304 0
[18/May/2026 21:01:51] "GET /static/game/images/stadiums/germany/b-dortmund.jpg HTTP/1.1" 304 0
[18/May/2026 21:01:51] "GET /static/game/images/city/915.jpg HTTP/1.1" 304 0
[18/May/2026 21:01:51] "GET /static/game/images/backgrounds/overview/overview-manager.png HTTP/1.1" 304 0
[18/May/2026 21:01:51] "GET /static/game/images/backgrounds/overview/overview-transfer.png HTTP/1.1" 304 0
[18/May/2026 21:01:51] "GET /static/game/images/backgrounds/overview/overview-table.png HTTP/1.1" 304 0
[18/May/2026 21:01:51] "GET /static/game/images/backgrounds/overview/overview-social.png?v=2 HTTP/1.1" 304 0
[18/May/2026 21:01:51] "GET /static/game/images/backgrounds/overview/overview-news.png HTTP/1.1" 304 0
[18/May/2026 21:01:51] "GET /static/game/images/backgrounds/overview/overview-sim-news.png HTTP/1.1" 304 0
[18/May/2026 21:01:51] "GET /static/game/images/backgrounds/overview/overview-live.png HTTP/1.1" 304 0
[18/May/2026 21:01:51] "GET /static/game/images/backgrounds/overview/overview-stats.png HTTP/1.1" 304 0
C:\Users\mashu\Documents\Codex\Websoccer\Websoccer\game\views.py changed, reloading.
Watching for file changes with StatReloader
C:\Users\mashu\Documents\Codex\Websoccer\Websoccer\game\views.py changed, reloading.
Watching for file changes with StatReloader
[18/May/2026 21:09:52] "GET /players/507/ HTTP/1.1" 200 27214
[18/May/2026 21:16:11] "POST /clubs/3/tactics/?squad=pro HTTP/1.1" 200 766794
[18/May/2026 21:16:11] "GET /static/game/js/tactics.js HTTP/1.1" 304 0
[18/May/2026 21:16:11] "GET /static/game/css/tactics.css HTTP/1.1" 200 27370
[18/May/2026 21:16:35] "POST /clubs/3/tactics/?squad=pro HTTP/1.1" 200 766794
[18/May/2026 21:16:35] "GET /static/game/css/tactics.css HTTP/1.1" 304 0
[18/May/2026 21:18:05] "GET /clubs/3/tactics/?squad=pro HTTP/1.1" 200 766581
[18/May/2026 21:18:05] "GET /static/game/css/tactics.css HTTP/1.1" 200 27370
[18/May/2026 21:18:05] "GET /static/game/js/tactics.js HTTP/1.1" 304 0
[18/May/2026 21:18:05] "GET /static/game/css/global-dashboard/layout-nav.css HTTP/1.1" 304 0
[18/May/2026 21:19:13] "POST /clubs/3/tactics/?squad=pro HTTP/1.1" 200 766794
[18/May/2026 21:19:13] "GET /static/game/css/tactics.css HTTP/1.1" 304 0
C:\Users\mashu\Documents\Codex\Websoccer\Websoccer\game\tactics.py changed, reloading.
Watching for file changes with StatReloader
C:\Users\mashu\Documents\Codex\Websoccer\Websoccer\game\views.py changed, reloading.
Watching for file changes with StatReloader
C:\Users\mashu\Documents\Codex\Websoccer\Websoccer\game\views.py changed, reloading.
Watching for file changes with StatReloader
[18/May/2026 21:47:37] "POST /clubs/3/tactics/?squad=pro HTTP/1.1" 200 773170
[18/May/2026 21:47:37] "GET /static/game/css/global-dashboard.css HTTP/1.1" 304 0
[18/May/2026 21:47:37] "GET /static/game/css/global-dashboard/header.css HTTP/1.1" 304 0
[18/May/2026 21:47:37] "GET /static/game/js/tactics.js HTTP/1.1" 304 0
[18/May/2026 21:47:37] "GET /static/game/images/players/2000205927.svg HTTP/1.1" 200 44139
[18/May/2026 21:47:37] "GET /static/game/images/players/91137493.svg HTTP/1.1" 200 41633
[18/May/2026 21:47:37] "GET /static/game/images/players/16279486.svg HTTP/1.1" 200 51445
[18/May/2026 21:47:37] "GET /static/game/css/tactics.css HTTP/1.1" 200 28357
[18/May/2026 21:47:37] "GET /static/game/images/players/91207281.svg HTTP/1.1" 200 41509
[18/May/2026 21:51:59] "GET /clubs/3/tactics/?squad=pro HTTP/1.1" 200 772957
[18/May/2026 21:51:59] "GET /static/game/css/global-dashboard/header.css HTTP/1.1" 304 0
[18/May/2026 21:51:59] "GET /static/game/css/tactics.css HTTP/1.1" 200 30171
[18/May/2026 21:51:59] "GET /static/game/css/global-dashboard/layout-nav.css HTTP/1.1" 304 0
[18/May/2026 21:51:59] "GET /static/game/js/tactics.js HTTP/1.1" 304 0
[18/May/2026 21:51:59] "GET /static/game/images/players/91137493.svg HTTP/1.1" 200 41633
[18/May/2026 21:51:59] "GET /static/game/images/players/91207281.svg HTTP/1.1" 200 41509
[18/May/2026 21:51:59] "GET /static/game/images/players/2000205927.svg HTTP/1.1" 200 44139
[18/May/2026 21:53:41] "POST /clubs/3/tactics/?squad=pro HTTP/1.1" 200 773170
[18/May/2026 21:53:41] "GET /static/game/css/tactics.css HTTP/1.1" 200 30171
C:\Users\mashu\Documents\Codex\Websoccer\Websoccer\game\views.py changed, reloading.
Watching for file changes with StatReloader
[18/May/2026 21:55:08] "GET /clubs/3/tactics/?squad=pro HTTP/1.1" 200 774117
[18/May/2026 21:55:09] "GET /static/game/css/tactics.css HTTP/1.1" 304 0
[18/May/2026 21:58:33] "POST /clubs/3/tactics/?squad=pro HTTP/1.1" 200 774330
[18/May/2026 21:58:33] "GET /static/game/css/tactics.css HTTP/1.1" 200 30171
[18/May/2026 21:58:57] "GET /clubs/3/tactics/?squad=pro HTTP/1.1" 200 774117
[18/May/2026 21:58:57] "GET /static/game/css/tactics.css HTTP/1.1" 200 30171
[18/May/2026 21:58:57] "GET /static/game/css/global-dashboard/layout-nav.css HTTP/1.1" 304 0
C:\Users\mashu\Documents\Codex\Websoccer\Websoccer\game\views.py changed, reloading.
Watching for file changes with StatReloader
[18/May/2026 22:00:40] "GET /clubs/3/tactics/?squad=pro HTTP/1.1" 200 774115
[18/May/2026 22:00:40] "GET /static/game/css/tactics.css HTTP/1.1" 304 0
[18/May/2026 22:01:13] "POST /clubs/3/tactics/?squad=pro HTTP/1.1" 200 774328
[18/May/2026 22:01:13] "GET /static/game/css/tactics.css HTTP/1.1" 304 0
[18/May/2026 22:04:06] "POST /clubs/3/tactics/?squad=pro HTTP/1.1" 200 774328
[18/May/2026 22:04:06] "GET /static/game/css/tactics.css HTTP/1.1" 304 0
[18/May/2026 22:08:58] "POST /clubs/3/tactics/?squad=pro HTTP/1.1" 200 783354
[18/May/2026 22:08:58] "GET /static/game/js/tactics.js HTTP/1.1" 304 0
[18/May/2026 22:08:58] "GET /static/game/css/tactics.css HTTP/1.1" 200 31558
[18/May/2026 22:09:32] "GET /players/537/ HTTP/1.1" 200 27394
[18/May/2026 22:09:32] "GET /static/game/css/trophy-cabinet.css HTTP/1.1" 200 12971
[18/May/2026 22:09:32] "GET /static/game/css/player-profile.css HTTP/1.1" 200 42328
[18/May/2026 22:09:32] "GET /static/game/images/flags/364.svg HTTP/1.1" 200 4043
[18/May/2026 22:09:32] "GET /static/game/images/flags/27.svg HTTP/1.1" 200 3098
[18/May/2026 22:09:32] "GET /static/game/images/icons/trophy-heading.png HTTP/1.1" 200 9060
[18/May/2026 22:09:32] "GET /static/game/images/icons/trophy-total.png HTTP/1.1" 200 5402
[18/May/2026 22:09:32] "GET /static/game/images/icons/stat-goals.svg HTTP/1.1" 200 1058
[18/May/2026 22:09:32] "GET /static/game/images/icons/stat-assists.svg HTTP/1.1" 200 1179
[18/May/2026 22:09:32] "GET /static/game/images/backgrounds/injury-card-bg.svg HTTP/1.1" 200 1958
[18/May/2026 22:09:32] "GET /static/game/images/nations/federations/364.png HTTP/1.1" 200 66996
[18/May/2026 22:09:33] "GET /static/game/images/icons/player-ui-icons.svg HTTP/1.1" 200 4970
[18/May/2026 22:09:33] "GET /static/game/images/trophies/podium-trophy.png HTTP/1.1" 200 748570
[18/May/2026 22:09:33] "GET /static/game/images/backgrounds/trophy-stage.png HTTP/1.1" 200 1946438
[18/May/2026 22:11:55] "GET / HTTP/1.1" 200 48089
[18/May/2026 22:11:55] "GET /static/game/css/global-dashboard/overview-dashboard.css?v=overview-20260518-1 HTTP/1.1" 200 31330
[18/May/2026 22:11:55] "GET /static/game/images/players/28113827.svg HTTP/1.1" 200 40857
[18/May/2026 22:11:55] "GET /static/game/images/players/92088306.svg HTTP/1.1" 200 35485
[18/May/2026 22:11:55] "GET /static/game/images/city/915.jpg HTTP/1.1" 200 55646
[18/May/2026 22:11:55] "GET /static/game/images/backgrounds/overview/overview-navigation.png HTTP/1.1" 200 1282276
[18/May/2026 22:11:55] "GET /static/game/images/backgrounds/overview/overview-chat.png HTTP/1.1" 200 1298364
[18/May/2026 22:11:55] "GET /static/game/images/backgrounds/overview/overview-transfer.png HTTP/1.1" 200 1276956
[18/May/2026 22:11:55] "GET /static/game/images/backgrounds/overview/overview-table.png HTTP/1.1" 200 1373315
[18/May/2026 22:11:55] "GET /static/game/images/backgrounds/overview/overview-manager.png HTTP/1.1" 200 1781080
[18/May/2026 22:11:55] "GET /static/game/images/backgrounds/overview/overview-news.png HTTP/1.1" 200 1539822
[18/May/2026 22:11:55] "GET /static/game/images/backgrounds/overview/overview-sim-news.png HTTP/1.1" 200 1370347
[18/May/2026 22:11:55] "GET /static/game/images/backgrounds/overview/overview-live.png HTTP/1.1" 200 1377367
[18/May/2026 22:11:55] "GET /static/game/images/backgrounds/overview/overview-social.png?v=2 HTTP/1.1" 200 1515374
[18/May/2026 22:11:55] "GET /static/game/images/backgrounds/overview/overview-stats.png HTTP/1.1" 200 1422550
[18/May/2026 22:11:58] "GET /clubs/3/ HTTP/1.1" 200 33261
[18/May/2026 22:11:58] "GET /static/game/css/club-profile.css HTTP/1.1" 200 353
[18/May/2026 22:11:58] "GET /static/game/images/trophies/1301397.png HTTP/1.1" 200 72537
[18/May/2026 22:11:58] "GET /static/game/images/trophies/1001959.png HTTP/1.1" 200 49816
[18/May/2026 22:11:58] "GET /static/game/images/trophies/1301410.png HTTP/1.1" 200 78266
[18/May/2026 22:11:58] "GET /static/game/images/trophies/1301394.png HTTP/1.1" 200 88300
[18/May/2026 22:11:58] "GET /static/game/images/trophies/22.png HTTP/1.1" 200 157699
[18/May/2026 22:11:58] "GET /static/game/images/trophies/100.png HTTP/1.1" 200 74206
[18/May/2026 22:11:58] "GET /static/game/images/flags/769.svg HTTP/1.1" 200 1671
[18/May/2026 22:11:58] "GET /static/game/css/club-profile/layout.css HTTP/1.1" 200 5092
[18/May/2026 22:11:58] "GET /static/game/images/flags/765.svg HTTP/1.1" 200 1803
[18/May/2026 22:11:58] "GET /static/game/css/club-profile/cards.css HTTP/1.1" 200 255
[18/May/2026 22:11:58] "GET /static/game/css/club-profile/identity.css HTTP/1.1" 200 4484
[18/May/2026 22:11:58] "GET /static/game/css/club-profile/matches.css HTTP/1.1" 200 4577
[18/May/2026 22:11:58] "GET /static/game/css/club-profile/trophies.css HTTP/1.1" 200 3202
[18/May/2026 22:11:58] "GET /static/game/css/club-profile/compact-panels.css HTTP/1.1" 200 8506
[18/May/2026 22:11:58] "GET /static/game/css/club-profile/responsive.css HTTP/1.1" 200 1819
[18/May/2026 22:11:58] "GET /static/game/css/club-profile/players.css HTTP/1.1" 200 4435
[18/May/2026 22:11:58] "GET /static/game/images/players/2000375662.svg HTTP/1.1" 200 38755
[18/May/2026 22:11:58] "GET /static/game/images/players/2000259380.svg HTTP/1.1" 200 38515
[18/May/2026 22:11:58] "GET /static/game/images/default_player.svg HTTP/1.1" 200 987
[18/May/2026 22:11:58] "GET /static/game/images/flags/41.svg HTTP/1.1" 200 2650
[18/May/2026 22:11:58] "GET /static/game/images/players/2000147056.svg HTTP/1.1" 200 39219
[18/May/2026 22:11:58] "GET /static/game/images/kits/915_third.svg HTTP/1.1" 200 45018
[18/May/2026 22:11:58] "GET /static/game/images/kits/915_home.svg HTTP/1.1" 200 83617
[18/May/2026 22:11:58] "GET /static/game/images/kits/915_away.svg HTTP/1.1" 200 103085
[18/May/2026 22:11:58] "GET /static/game/js/club-profile.js HTTP/1.1" 200 1614
[18/May/2026 22:11:58] "GET /static/game/images/backgrounds/club-table-profile.png HTTP/1.1" 200 1373315
[18/May/2026 22:11:58] "GET /static/game/images/backgrounds/club-youth-highlights-profile.png HTTP/1.1" 200 1528272
[18/May/2026 22:11:58] "GET /static/game/images/backgrounds/club-pro-highlights-profile.png HTTP/1.1" 200 1500375
[18/May/2026 22:11:58] "GET /static/game/images/backgrounds/club-profile-room-background.png HTTP/1.1" 200 1576094
[18/May/2026 22:11:58] "GET /static/game/images/backgrounds/trophy-cabinet-club-profile.png HTTP/1.1" 200 1806599
[18/May/2026 22:11:58] "GET /static/game/images/backgrounds/club-news-profile.png HTTP/1.1" 200 1263036
[18/May/2026 22:11:58] "GET /static/game/images/backgrounds/club-kits-profile.png HTTP/1.1" 200 1660099
[18/May/2026 22:11:58] "GET /static/game/images/backgrounds/club-partner-profile.png HTTP/1.1" 200 1751161
[18/May/2026 22:12:00] "GET / HTTP/1.1" 200 48089
[18/May/2026 22:12:09] "GET /clubs/3/ HTTP/1.1" 200 33261
[18/May/2026 22:12:11] "GET /players/552/ HTTP/1.1" 200 68612
[18/May/2026 22:12:11] "GET /static/game/images/flags/789.svg HTTP/1.1" 200 1647
[18/May/2026 22:12:11] "GET /static/game/images/nations/federations/765.png HTTP/1.1" 200 95781
[18/May/2026 22:12:11] "GET /static/game/images/competitions/champions-league.png HTTP/1.1" 200 93326
[18/May/2026 22:12:11] "GET /static/game/images/competitions/dfb-pokal.png HTTP/1.1" 200 26479
[18/May/2026 22:12:11] "GET /static/game/images/competitions/supercup.png HTTP/1.1" 200 27978
[18/May/2026 22:12:11] "GET /static/game/images/icons/suspension-cards.svg HTTP/1.1" 200 1334
[18/May/2026 22:12:11] "GET /static/game/images/trophies/1301410.png?v=1767377822 HTTP/1.1" 200 78266
[18/May/2026 22:12:11] "GET /static/game/images/trophies/1301397.png?v=1767377822 HTTP/1.1" 200 72537
[18/May/2026 22:12:11] "GET /static/game/images/trophies/1301394.png?v=1767377828 HTTP/1.1" 200 88300
[18/May/2026 22:12:11] "GET /static/game/images/trophies/22.png?v=1767377822 HTTP/1.1" 200 157699
[18/May/2026 22:12:14] "GET / HTTP/1.1" 200 48089
[18/May/2026 22:12:15] "GET /clubs/3/ HTTP/1.1" 200 33261
[18/May/2026 22:12:16] "GET /clubs/3/ HTTP/1.1" 200 33261
[18/May/2026 22:12:16] "GET /clubs/3/ HTTP/1.1" 200 33261
[18/May/2026 22:12:17] "GET /clubs/3/ HTTP/1.1" 200 33261
[18/May/2026 22:12:17] "GET /clubs/3/ HTTP/1.1" 200 33261
[18/May/2026 22:12:18] "GET /clubs/3/ HTTP/1.1" 200 33261
[18/May/2026 22:12:18] "GET /clubs/3/ HTTP/1.1" 200 33261
[18/May/2026 22:12:21] "GET /players/552/ HTTP/1.1" 200 68612
[18/May/2026 22:12:21] "GET / HTTP/1.1" 200 48089
[18/May/2026 22:12:24] "GET /clubs/3/tactics/?squad=pro HTTP/1.1" 200 783151
[18/May/2026 22:12:24] "GET /static/game/css/global-dashboard.css HTTP/1.1" 304 0
[18/May/2026 22:12:24] "GET /static/game/css/tactics.css HTTP/1.1" 200 31640
[18/May/2026 22:12:24] "GET /static/game/js/tactics.js HTTP/1.1" 304 0
[18/May/2026 22:12:25] "GET /static/game/css/global-dashboard/layout-nav.css HTTP/1.1" 304 0
[18/May/2026 22:13:47] "GET /clubs/3/tactics/?squad=pro HTTP/1.1" 200 783151
[18/May/2026 22:13:47] "GET /static/game/css/tactics.css HTTP/1.1" 200 31640
[18/May/2026 22:13:47] "GET /static/game/images/players/76049803.svg HTTP/1.1" 200 41493
[18/May/2026 22:13:47] "GET /static/game/images/players/91104807.svg HTTP/1.1" 200 40029
[18/May/2026 22:13:47] "GET /static/game/images/players/28066083.svg HTTP/1.1" 200 41029
[18/May/2026 22:13:47] "GET /static/game/images/players/85045409.svg HTTP/1.1" 200 42693
[18/May/2026 22:13:47] "GET /static/game/images/players/45109024.svg HTTP/1.1" 200 44825
[18/May/2026 22:13:47] "GET /static/game/images/players/12087972.svg HTTP/1.1" 200 40077
[18/May/2026 22:13:47] "GET /static/game/images/players/92039023.svg HTTP/1.1" 200 38805
[18/May/2026 22:13:47] "GET /static/game/images/players/89063073.svg HTTP/1.1" 200 42001
[18/May/2026 22:13:47] "GET /static/game/images/players/16147659.svg HTTP/1.1" 200 46005
[18/May/2026 22:13:47] "GET /static/game/images/players/28124579.svg HTTP/1.1" 200 38409
[18/May/2026 22:13:47] "GET /static/game/images/players/8718372.svg HTTP/1.1" 200 42792
[18/May/2026 22:13:47] "GET /static/game/images/players/16182894.svg HTTP/1.1" 200 43149
[18/May/2026 22:13:47] "GET /static/game/images/players/91119700.svg HTTP/1.1" 200 42889
[18/May/2026 22:13:47] "GET /static/game/images/players/2000171034.svg HTTP/1.1" 200 38003
[18/May/2026 22:13:47] "GET /static/game/images/players/91190673.svg HTTP/1.1" 200 40437
[18/May/2026 22:13:47] "GET /static/game/images/players/35008097.svg HTTP/1.1" 200 38889
[18/May/2026 22:13:47] "GET /static/game/images/default_player.png HTTP/1.1" 200 527
[18/May/2026 22:13:49] "GET /clubs/3/tactics/?squad=pro HTTP/1.1" 200 783151
[18/May/2026 22:14:13] "GET /clubs/3/tactics/?squad=pro HTTP/1.1" 200 783151
[18/May/2026 22:14:13] "GET /static/game/css/tactics.css HTTP/1.1" 304 0
[18/May/2026 22:14:14] "GET /clubs/3/tactics/?squad=pro HTTP/1.1" 200 783151
[18/May/2026 22:20:12] "GET /clubs/3/tactics/?squad=pro HTTP/1.1" 200 783151
[18/May/2026 22:20:12] "GET /static/game/css/tactics.css HTTP/1.1" 304 0
[18/May/2026 22:20:14] "GET /clubs/3/tactics/?squad=pro HTTP/1.1" 200 783151
[18/May/2026 22:21:34] "GET /clubs/3/tactics/?squad=pro HTTP/1.1" 200 787024
[18/May/2026 22:21:34] "GET /static/game/css/tactics.css HTTP/1.1" 304 0
[18/May/2026 22:22:11] "GET /players/549/ HTTP/1.1" 200 27166
[18/May/2026 22:22:11] "GET /static/game/images/nations/federations/1653.png HTTP/1.1" 200 63153
[18/May/2026 22:22:11] "GET /static/game/images/flags/1653.svg HTTP/1.1" 200 1604
[18/May/2026 22:25:53] "GET /clubs/3/tactics/?squad=pro HTTP/1.1" 200 787024
[18/May/2026 22:25:53] "GET /static/game/css/tactics.css HTTP/1.1" 200 32076
[18/May/2026 22:28:44] "GET /clubs/3/tactics/?squad=pro HTTP/1.1" 200 787268
[18/May/2026 22:28:44] "GET /static/game/js/tactics.js HTTP/1.1" 304 0
[18/May/2026 22:28:44] "GET /static/game/css/tactics.css HTTP/1.1" 200 32114
[18/May/2026 22:28:53] "GET /clubs/3/tactics/?squad=pro HTTP/1.1" 200 787268
[18/May/2026 22:28:53] "GET /static/game/css/tactics.css HTTP/1.1" 304 0
[18/May/2026 22:29:01] "POST /clubs/3/tactics/?squad=pro HTTP/1.1" 200 787442
[18/May/2026 22:29:01] "GET /static/game/css/tactics.css HTTP/1.1" 304 0
[18/May/2026 22:29:18] "GET /clubs/3/tactics/?squad=pro HTTP/1.1" 200 787268
[18/May/2026 22:29:18] "GET /static/game/css/tactics.css HTTP/1.1" 200 32114
[18/May/2026 22:29:18] "GET /static/game/css/global-dashboard/layout-nav.css HTTP/1.1" 304 0
[18/May/2026 22:31:06] "POST /clubs/3/tactics/?squad=pro HTTP/1.1" 200 787442
[18/May/2026 22:31:06] "GET /static/game/css/tactics.css HTTP/1.1" 304 0
C:\Users\mashu\Documents\Codex\Websoccer\Websoccer\game\views.py changed, reloading.
Watching for file changes with StatReloader
[18/May/2026 22:41:45] "POST /clubs/3/tactics/?squad=pro HTTP/1.1" 200 788874
[18/May/2026 22:41:45] "GET /static/game/css/global-dashboard/header.css HTTP/1.1" 304 0
[18/May/2026 22:41:45] "GET /static/game/css/tactics.css HTTP/1.1" 304 0
[18/May/2026 22:42:35] "GET /players/541/ HTTP/1.1" 200 27192
[18/May/2026 22:42:35] "GET /static/game/images/nations/federations/771.png HTTP/1.1" 200 134589
[18/May/2026 22:45:18] "GET /clubs/3/tactics/?squad=pro HTTP/1.1" 200 788700
[18/May/2026 22:45:18] "GET /static/game/css/global-dashboard/header.css HTTP/1.1" 304 0
[18/May/2026 22:45:18] "GET /static/game/css/tactics.css HTTP/1.1" 200 34227
[18/May/2026 22:45:18] "GET /static/game/css/global-dashboard/layout-nav.css HTTP/1.1" 304 0
[18/May/2026 22:45:18] "GET /static/game/js/tactics.js HTTP/1.1" 304 0
[18/May/2026 22:45:18] "GET /static/game/images/backgrounds/manager-duel-card.svg HTTP/1.1" 200 4091
[18/May/2026 22:45:18] "GET /static/game/images/backgrounds/player-profile-stadium-atmosphere.svg HTTP/1.1" 304 0
[18/May/2026 22:46:16] "POST /clubs/3/tactics/?squad=pro HTTP/1.1" 200 788874
[18/May/2026 22:46:16] "GET /static/game/css/tactics.css HTTP/1.1" 200 34227
[18/May/2026 22:46:16] "GET /static/game/css/global-dashboard/overview-dashboard.css HTTP/1.1" 304 0
[18/May/2026 22:46:16] "GET /static/game/images/backgrounds/player-profile-stadium-atmosphere.svg HTTP/1.1" 304 0
[18/May/2026 22:46:16] "GET /static/game/images/backgrounds/manager-duel-card.svg HTTP/1.1" 200 4091
[18/May/2026 22:48:32] "GET /clubs/3/tactics/?squad=pro HTTP/1.1" 200 788700
[18/May/2026 22:48:32] "GET /static/game/css/tactics.css HTTP/1.1" 200 34295
[18/May/2026 22:48:32] "GET /static/game/images/backgrounds/manager-duel-card.svg HTTP/1.1" 304 0
[18/May/2026 22:49:57] "POST /clubs/3/tactics/?squad=pro HTTP/1.1" 200 788874
[18/May/2026 22:49:57] "GET /static/game/css/tactics.css HTTP/1.1" 200 34295
[18/May/2026 22:49:57] "GET /static/game/css/global-dashboard/layout-nav.css HTTP/1.1" 200 21351
[18/May/2026 22:49:57] "GET /static/game/images/backgrounds/manager-duel-card.svg HTTP/1.1" 304 0
[18/May/2026 22:53:52] "GET /players/552/ HTTP/1.1" 200 68612
[18/May/2026 22:58:17] "GET / HTTP/1.1" 200 48089
[18/May/2026 22:58:17] "GET /static/game/css/global-dashboard.css HTTP/1.1" 200 265
[18/May/2026 22:58:17] "GET /static/game/css/global-dashboard/header.css HTTP/1.1" 200 6360
[18/May/2026 22:58:17] "GET /players/552 HTTP/1.1" 301 0
[18/May/2026 22:58:17] "GET /clubs/3 HTTP/1.1" 301 0
[18/May/2026 22:58:17] "GET /clubs/3/tactics?squad=pro HTTP/1.1" 301 0
[18/May/2026 22:58:17] "GET /players/552?awards_page=2 HTTP/1.1" 301 0
[18/May/2026 22:58:17] "GET /players/552?awards_page=2&asset_reload=1778773076 HTTP/1.1" 301 0
[18/May/2026 22:58:17] "GET /players/552?awards_page=2&asset_reload=1778773860 HTTP/1.1" 301 0
[18/May/2026 22:58:17] "GET /players/552?awards_page=1 HTTP/1.1" 301 0
[18/May/2026 22:58:17] "GET /players/552/?awards_page=2 HTTP/1.1" 200 68553
[18/May/2026 22:58:17] "GET /players/552/?awards_page=2&asset_reload=1778773076 HTTP/1.1" 200 68553
[18/May/2026 22:58:17] "GET /players/552/?awards_page=2&asset_reload=1778773860 HTTP/1.1" 200 68553
[18/May/2026 22:58:17] "GET /players/552/?awards_page=1 HTTP/1.1" 200 68612
[18/May/2026 22:58:17] "GET /players/552/ HTTP/1.1" 200 68612
[18/May/2026 22:58:17] "GET /clubs/3/ HTTP/1.1" 200 33261
[18/May/2026 22:58:17] "GET /clubs/3/tactics/?squad=pro HTTP/1.1" 200 787523
[18/May/2026 23:03:23] "GET / HTTP/1.1" 200 48089
[18/May/2026 23:03:23] "GET /static/game/css/global-dashboard.css HTTP/1.1" 200 265
[18/May/2026 23:03:23] "GET /static/game/css/global-dashboard/header.css HTTP/1.1" 200 6360
[18/May/2026 23:03:23] "GET /clubs/3 HTTP/1.1" 301 0
[18/May/2026 23:03:23] "GET /clubs/3/tactics?squad=pro HTTP/1.1" 301 0
[18/May/2026 23:03:23] "GET /players/552 HTTP/1.1" 301 0
[18/May/2026 23:03:23] "GET /players/552?awards_page=2 HTTP/1.1" 301 0
[18/May/2026 23:03:23] "GET /players/552?awards_page=1 HTTP/1.1" 301 0
[18/May/2026 23:03:23] "GET /players/552?awards_page=2&asset_reload=1778773076 HTTP/1.1" 301 0
[18/May/2026 23:03:23] "GET /players/552?awards_page=2&asset_reload=1778773860 HTTP/1.1" 301 0
[18/May/2026 23:03:23] "GET /players/552/ HTTP/1.1" 200 68612
[18/May/2026 23:03:23] "GET /players/552/?awards_page=2 HTTP/1.1" 200 68553
[18/May/2026 23:03:23] "GET /players/552/?awards_page=2&asset_reload=1778773076 HTTP/1.1" 200 68553
[18/May/2026 23:03:24] "GET /players/552/?awards_page=2&asset_reload=1778773860 HTTP/1.1" 200 68553
[18/May/2026 23:03:24] "GET /players/552/?awards_page=1 HTTP/1.1" 200 68612
[18/May/2026 23:03:24] "GET /clubs/3/ HTTP/1.1" 200 33261
[18/May/2026 23:03:24] "GET /clubs/3/tactics/?squad=pro HTTP/1.1" 200 787523
[18/May/2026 23:03:30,979] - Broken pipe from ('127.0.0.1', 52888)
[18/May/2026 23:03:30,979] - Broken pipe from ('127.0.0.1', 52898)
[18/May/2026 23:03:30,979] - Broken pipe from ('127.0.0.1', 52895)
[18/May/2026 23:03:30,979] - Broken pipe from ('127.0.0.1', 52891)
[18/May/2026 23:03:37] "GET /clubs/3/tactics/?squad=pro HTTP/1.1" 200 787523
[18/May/2026 23:03:37] "GET /static/game/images/icons/tactics-calendar.svg HTTP/1.1" 200 1471
[18/May/2026 23:03:37] "GET /static/game/css/tactics.css HTTP/1.1" 200 34316
[18/May/2026 23:03:37] "GET /static/game/js/tactics.js HTTP/1.1" 304 0
[18/May/2026 23:03:37] "GET /static/game/images/icons/tactics-clock.svg HTTP/1.1" 200 1163
[18/May/2026 23:03:37] "GET /static/game/images/icons/tactics-stadium.svg HTTP/1.1" 200 1243
[18/May/2026 23:03:37] "GET /static/game/images/players/20041862.svg HTTP/1.1" 200 41701
[18/May/2026 23:03:37] "GET /static/game/css/global-dashboard/layout-nav.css HTTP/1.1" 304 0
[18/May/2026 23:03:37] "GET /static/game/images/players/29221846.svg HTTP/1.1" 200 55001
[18/May/2026 23:03:37] "GET /static/game/images/players/91207698.svg HTTP/1.1" 200 42501
[18/May/2026 23:03:37] "GET /static/game/images/backgrounds/manager-duel-card.svg HTTP/1.1" 304 0
[18/May/2026 23:03:39] "GET /clubs/3/tactics/?squad=pro HTTP/1.1" 200 787523
[18/May/2026 23:03:50] "GET /clubs/3/tactics/?squad=pro HTTP/1.1" 200 787523
[18/May/2026 23:03:50] "GET /static/game/css/tactics.css HTTP/1.1" 200 34316
[18/May/2026 23:03:51] "GET /static/game/css/global-dashboard/layout-nav.css HTTP/1.1" 304 0
[18/May/2026 23:03:51] "GET /static/game/css/global-dashboard/overview-dashboard.css HTTP/1.1" 304 0
[18/May/2026 23:03:51] "GET /static/game/images/icons/tactics-calendar.svg HTTP/1.1" 200 1471
[18/May/2026 23:03:51] "GET /static/game/images/icons/tactics-clock.svg HTTP/1.1" 200 1163
[18/May/2026 23:03:51] "GET /static/game/images/icons/tactics-stadium.svg HTTP/1.1" 200 1243
[18/May/2026 23:03:51] "GET /static/game/images/backgrounds/manager-duel-card.svg HTTP/1.1" 304 0
[18/May/2026 23:09:23] "GET /clubs/3/tactics/?squad=pro HTTP/1.1" 200 787523
[18/May/2026 23:09:23] "GET /static/game/css/tactics.css HTTP/1.1" 304 0
[18/May/2026 23:09:23] "GET /static/game/images/icons/tactics-calendar.svg HTTP/1.1" 304 0
[18/May/2026 23:09:23] "GET /static/game/images/icons/tactics-clock.svg HTTP/1.1" 304 0
[18/May/2026 23:09:23] "GET /static/game/images/stadiums/germany/b-dortmund.jpg HTTP/1.1" 304 0
[18/May/2026 23:09:23] "GET /static/game/images/icons/tactics-stadium.svg HTTP/1.1" 304 0
[18/May/2026 23:09:23] "GET /static/game/images/stadiums/germany/fc-bayern.jpg HTTP/1.1" 304 0
[18/May/2026 23:09:23] "GET /static/game/images/backgrounds/manager-duel-card.svg HTTP/1.1" 304 0
[18/May/2026 23:16:03] "GET /clubs/3/tactics/?squad=pro HTTP/1.1" 200 787532
[18/May/2026 23:16:03] "GET /static/game/css/tactics.css HTTP/1.1" 304 0
[18/May/2026 23:16:04] "GET /static/game/js/tactics.js HTTP/1.1" 304 0
[18/May/2026 23:16:04] "GET /static/game/images/icons/tactics-calendar.svg HTTP/1.1" 304 0
[18/May/2026 23:16:04] "GET /static/game/images/icons/tactics-clock.svg HTTP/1.1" 304 0
[18/May/2026 23:16:04] "GET /static/game/images/icons/tactics-stadium-original.png HTTP/1.1" 200 240695
[18/May/2026 23:16:04] "GET /static/game/images/stadiums/germany/fc-bayern.jpg HTTP/1.1" 304 0
[18/May/2026 23:16:04] "GET /static/game/images/stadiums/germany/b-dortmund.jpg HTTP/1.1" 304 0
[18/May/2026 23:16:04] "GET /static/game/images/backgrounds/manager-duel-card.svg HTTP/1.1" 304 0
[18/May/2026 23:16:26] "GET /clubs/3/tactics/?squad=pro HTTP/1.1" 200 787532
[18/May/2026 23:16:26] "GET /static/game/css/tactics.css HTTP/1.1" 304 0
[18/May/2026 23:16:26] "GET /static/game/css/global-dashboard/layout-nav.css HTTP/1.1" 304 0
[18/May/2026 23:16:26] "GET /static/game/images/icons/tactics-clock.svg HTTP/1.1" 304 0
[18/May/2026 23:16:26] "GET /static/game/images/icons/tactics-calendar.svg HTTP/1.1" 304 0
[18/May/2026 23:16:26] "GET /static/game/images/icons/tactics-stadium-original.png HTTP/1.1" 200 240695
[18/May/2026 23:16:26] "GET /static/game/images/backgrounds/manager-duel-card.svg HTTP/1.1" 304 0
[18/May/2026 23:22:51] "GET /clubs/3/tactics/?squad=pro HTTP/1.1" 200 787532
[18/May/2026 23:22:51] "GET /static/game/css/tactics.css HTTP/1.1" 304 0
[18/May/2026 23:22:51] "GET /static/game/images/icons/tactics-calendar.svg HTTP/1.1" 304 0
[18/May/2026 23:22:51] "GET /static/game/images/icons/tactics-clock.svg HTTP/1.1" 304 0
[18/May/2026 23:22:51] "GET /static/game/images/icons/tactics-stadium-original.png HTTP/1.1" 304 0
[18/May/2026 23:22:51] "GET /static/game/images/backgrounds/manager-duel-card.svg HTTP/1.1" 304 0
[18/May/2026 23:22:57] "GET /clubs/3/ HTTP/1.1" 200 33261
[18/May/2026 23:22:57] "GET /static/game/css/club-profile/layout.css HTTP/1.1" 304 0
[18/May/2026 23:22:57] "GET /static/game/css/club-profile/matches.css HTTP/1.1" 304 0
[18/May/2026 23:22:57] "GET /static/game/css/club-profile/identity.css HTTP/1.1" 304 0
[18/May/2026 23:22:57] "GET /static/game/css/club-profile/trophies.css HTTP/1.1" 304 0
[18/May/2026 23:22:57] "GET /static/game/css/club-profile/players.css HTTP/1.1" 304 0
[18/May/2026 23:22:57] "GET /static/game/css/club-profile/compact-panels.css HTTP/1.1" 304 0
[18/May/2026 23:22:57] "GET /static/game/images/backgrounds/club-profile-room-background.png HTTP/1.1" 304 0
[18/May/2026 23:22:57] "GET /static/game/images/backgrounds/trophy-cabinet-club-profile.png HTTP/1.1" 304 0
[18/May/2026 23:22:57] "GET /static/game/images/backgrounds/club-kits-profile.png HTTP/1.1" 304 0
[18/May/2026 23:22:57] "GET /static/game/images/backgrounds/club-youth-highlights-profile.png HTTP/1.1" 304 0
[18/May/2026 23:22:57] "GET /static/game/images/backgrounds/club-pro-highlights-profile.png HTTP/1.1" 304 0
[18/May/2026 23:22:57] "GET /static/game/images/backgrounds/club-partner-profile.png HTTP/1.1" 304 0
[18/May/2026 23:22:59] "GET /players/552/ HTTP/1.1" 200 68612
[18/May/2026 23:23:11] "GET /clubs/3/ HTTP/1.1" 200 33261
[18/May/2026 23:23:29] "GET /clubs/3/ HTTP/1.1" 200 33261
[18/May/2026 23:23:30] "GET /clubs/3/ HTTP/1.1" 200 33261
[18/May/2026 23:23:31] "GET /clubs/3/tactics/?squad=pro HTTP/1.1" 200 787532
[18/May/2026 23:23:35] "GET /clubs/3/ HTTP/1.1" 200 33261
[18/May/2026 23:30:21] "GET /clubs/3/ HTTP/1.1" 200 33261
[18/May/2026 23:30:21] "GET /static/game/css/global-dashboard/layout-nav.css HTTP/1.1" 304 0
[18/May/2026 23:30:22] "GET /clubs/3/tactics/?squad=pro HTTP/1.1" 200 787532
[18/May/2026 23:30:22] "GET /static/game/css/tactics.css HTTP/1.1" 304 0
[18/May/2026 23:30:22] "GET /static/game/js/tactics.js HTTP/1.1" 304 0
[18/May/2026 23:30:22] "GET /static/game/images/icons/tactics-calendar.svg HTTP/1.1" 304 0
[18/May/2026 23:30:22] "GET /static/game/images/icons/tactics-clock.svg HTTP/1.1" 304 0
[18/May/2026 23:30:22] "GET /static/game/images/icons/tactics-stadium-original.png HTTP/1.1" 304 0
[18/May/2026 23:30:22] "GET /static/game/images/backgrounds/manager-duel-card.svg HTTP/1.1" 304 0
[18/May/2026 23:36:05] "GET /clubs/3/tactics/?squad=pro HTTP/1.1" 200 787532
[18/May/2026 23:36:05] "GET /static/game/css/tactics.css HTTP/1.1" 304 0
[18/May/2026 23:36:05] "GET /static/game/images/icons/tactics-calendar.svg HTTP/1.1" 304 0
[18/May/2026 23:36:05] "GET /static/game/images/icons/tactics-clock.svg HTTP/1.1" 304 0
[18/May/2026 23:36:05] "GET /static/game/images/icons/tactics-stadium-original.png HTTP/1.1" 304 0
[18/May/2026 23:36:05] "GET /static/game/images/backgrounds/manager-duel-card.svg HTTP/1.1" 304 0
C:\Users\mashu\Documents\Codex\Websoccer\Websoccer\game\tactics.py changed, reloading.
Watching for file changes with StatReloader
C:\Users\mashu\Documents\Codex\Websoccer\Websoccer\game\views.py changed, reloading.
Watching for file changes with StatReloader
[18/May/2026 23:39:44] "GET /clubs/3/tactics/?squad=pro HTTP/1.1" 200 784883
[18/May/2026 23:39:44] "GET /static/game/css/global-dashboard/header.css HTTP/1.1" 304 0
[18/May/2026 23:39:44] "GET /static/game/images/icons/tactics-stadium-original.png HTTP/1.1" 304 0
[18/May/2026 23:42:09] "GET /clubs/3/tactics/?squad=pro HTTP/1.1" 200 777582
[18/May/2026 23:42:09] "GET /static/game/css/tactics.css HTTP/1.1" 304 0
[18/May/2026 23:42:09] "GET /static/game/images/icons/tactics-calendar.svg HTTP/1.1" 304 0
[18/May/2026 23:42:09] "GET /static/game/images/icons/tactics-clock.svg HTTP/1.1" 304 0
[18/May/2026 23:42:09] "GET /static/game/images/backgrounds/manager-duel-card.svg HTTP/1.1" 304 0
[18/May/2026 23:42:09] "GET /static/game/images/icons/captain-armband.png HTTP/1.1" 200 1106283
[18/May/2026 23:45:00] "GET /clubs/3/tactics/?squad=pro HTTP/1.1" 200 777582
[18/May/2026 23:45:00] "GET /static/game/images/icons/tactics-stadium-original.png HTTP/1.1" 304 0
[18/May/2026 23:45:00] "GET /static/game/images/icons/captain-armband.png HTTP/1.1" 304 0
[18/May/2026 23:56:59] "GET /clubs/3/tactics/?squad=pro HTTP/1.1" 200 777582
[18/May/2026 23:56:59,744] - Broken pipe from ('127.0.0.1', 53205)
[18/May/2026 23:58:02] "GET /clubs/3/tactics/?squad=pro HTTP/1.1" 200 777582
[18/May/2026 23:58:02] "GET /static/game/js/tactics.js HTTP/1.1" 200 16613
[18/May/2026 23:58:02] "GET /static/game/css/tactics.css HTTP/1.1" 200 34792
[18/May/2026 23:58:02] "GET /static/game/images/icons/tactics-clock.svg HTTP/1.1" 304 0
[18/May/2026 23:58:02] "GET /static/game/images/icons/tactics-calendar.svg HTTP/1.1" 304 0
[18/May/2026 23:58:02] "GET /static/game/images/icons/tactics-stadium-original.png HTTP/1.1" 304 0
[18/May/2026 23:58:02] "GET /static/game/css/global-dashboard/layout-nav.css HTTP/1.1" 304 0
[18/May/2026 23:58:02] "GET /static/game/images/icons/captain-armband.png HTTP/1.1" 304 0
[18/May/2026 23:58:02] "GET /static/game/images/backgrounds/manager-duel-card.svg HTTP/1.1" 200 4081
[19/May/2026 00:00:44] "GET /clubs/3/tactics/?squad=pro&qa=standards HTTP/1.1" 200 777582
[19/May/2026 00:00:44] "GET /static/game/css/global-dashboard/header.css HTTP/1.1" 304 0
[19/May/2026 00:00:44] "GET /static/game/css/tactics.css HTTP/1.1" 200 34792
[19/May/2026 00:00:44] "GET /static/game/css/global-dashboard/layout-nav.css HTTP/1.1" 304 0
[19/May/2026 00:00:44] "GET /static/game/js/tactics.js HTTP/1.1" 200 16613
[19/May/2026 00:00:44] "GET /static/game/images/icons/tactics-calendar.svg HTTP/1.1" 304 0
[19/May/2026 00:00:44] "GET /static/game/images/icons/tactics-clock.svg HTTP/1.1" 304 0
[19/May/2026 00:00:44] "GET /static/game/images/icons/tactics-stadium-original.png HTTP/1.1" 304 0
[19/May/2026 00:00:44] "GET /static/game/images/backgrounds/manager-duel-card.svg HTTP/1.1" 200 4081
[19/May/2026 00:00:44] "GET /static/game/images/icons/captain-armband.png HTTP/1.1" 200 1106283
[19/May/2026 00:07:51] "GET /clubs/3/tactics/?squad=pro&qa=badge2 HTTP/1.1" 200 777582
[19/May/2026 00:07:51] "GET /static/game/css/tactics.css HTTP/1.1" 200 34792
[19/May/2026 00:07:51] "GET /static/game/js/tactics.js HTTP/1.1" 304 0
[19/May/2026 00:07:51] "GET /static/game/images/icons/tactics-calendar.svg HTTP/1.1" 304 0
[19/May/2026 00:07:51] "GET /static/game/images/icons/tactics-clock.svg HTTP/1.1" 304 0
[19/May/2026 00:07:51] "GET /static/game/images/icons/tactics-stadium-original.png HTTP/1.1" 304 0
[19/May/2026 00:07:51] "GET /static/game/images/backgrounds/manager-duel-card.svg HTTP/1.1" 304 0
[19/May/2026 00:07:51] "GET /static/game/images/icons/captain-armband.png HTTP/1.1" 304 0
[19/May/2026 00:16:00] "GET /clubs/3/tactics/?squad=pro HTTP/1.1" 200 777582
[19/May/2026 00:16:00] "GET /static/game/js/tactics.js HTTP/1.1" 304 0
[19/May/2026 00:16:00] "GET /static/game/images/icons/tactics-calendar.svg HTTP/1.1" 304 0
[19/May/2026 00:16:00] "GET /static/game/css/tactics.css HTTP/1.1" 200 34792
[19/May/2026 00:16:00] "GET /static/game/images/icons/captain-armband.png HTTP/1.1" 304 0
[19/May/2026 00:16:00] "GET /static/game/images/icons/tactics-stadium-original.png HTTP/1.1" 304 0
[19/May/2026 00:16:00] "GET /static/game/images/icons/tactics-clock.svg HTTP/1.1" 304 0
[19/May/2026 00:16:00] "GET /static/game/css/global-dashboard/layout-nav.css HTTP/1.1" 304 0
[19/May/2026 00:16:00] "GET /static/game/images/backgrounds/manager-duel-card.svg HTTP/1.1" 304 0
[19/May/2026 00:18:14,224] - Broken pipe from ('127.0.0.1', 55653)
[19/May/2026 00:18:14,224] - Broken pipe from ('127.0.0.1', 51456)
[19/May/2026 00:22:11] "GET /clubs/3/tactics/?squad=pro HTTP/1.1" 200 777582
[19/May/2026 00:22:11] "GET /static/game/js/tactics.js HTTP/1.1" 304 0
[19/May/2026 00:22:11] "GET /static/game/css/tactics.css HTTP/1.1" 304 0
[19/May/2026 00:22:11] "GET /static/game/images/icons/tactics-stadium-original.png HTTP/1.1" 304 0
[19/May/2026 00:22:11] "GET /static/game/images/icons/captain-armband.png HTTP/1.1" 304 0
[19/May/2026 00:22:11] "GET /static/game/images/backgrounds/manager-duel-card.svg HTTP/1.1" 304 0
Not Found: /clubs/1/tactics/
[19/May/2026 00:31:21] "GET /clubs/1/tactics/?squad=pro HTTP/1.1" 404 4059
[19/May/2026 00:32:29] "GET /clubs/2/tactics/?squad=pro HTTP/1.1" 200 789255
[19/May/2026 00:32:29] "GET /static/game/css/tactics.css HTTP/1.1" 200 41103
[19/May/2026 00:32:29] "GET /static/game/css/global-dashboard/header.css HTTP/1.1" 304 0
[19/May/2026 00:32:29] "GET /static/game/js/tactics.js HTTP/1.1" 200 16613
[19/May/2026 00:32:29] "GET /static/game/css/global-dashboard/layout-nav.css HTTP/1.1" 304 0
[19/May/2026 00:32:29] "GET /static/game/css/global-dashboard/overview-dashboard.css HTTP/1.1" 304 0
[19/May/2026 00:32:29] "GET /static/game/images/icons/tactics-calendar.svg HTTP/1.1" 200 1471
[19/May/2026 00:32:29] "GET /static/game/images/icons/tactics-clock.svg HTTP/1.1" 200 1163
[19/May/2026 00:32:29] "GET /static/game/images/players/91207281.svg HTTP/1.1" 304 0
[19/May/2026 00:32:29] "GET /static/game/images/players/12038706.svg HTTP/1.1" 304 0
[19/May/2026 00:32:29] "GET /static/game/images/players/28127875.svg HTTP/1.1" 304 0
[19/May/2026 00:32:29] "GET /static/game/images/players/19383257.svg HTTP/1.1" 304 0
[19/May/2026 00:32:29] "GET /static/game/images/players/91137493.svg HTTP/1.1" 304 0
[19/May/2026 00:32:29] "GET /static/game/images/players/91100472.svg HTTP/1.1" 304 0
[19/May/2026 00:32:29] "GET /static/game/images/players/98040383.svg HTTP/1.1" 304 0
[19/May/2026 00:32:29] "GET /static/game/images/players/85111795.svg HTTP/1.1" 304 0
[19/May/2026 00:32:29] "GET /static/game/images/players/91119265.svg HTTP/1.1" 304 0
[19/May/2026 00:32:29] "GET /static/game/images/players/53113114.svg HTTP/1.1" 304 0
[19/May/2026 00:32:29] "GET /static/game/images/players/91018450.svg HTTP/1.1" 304 0
[19/May/2026 00:32:29] "GET /static/game/images/players/92021718.svg HTTP/1.1" 304 0
[19/May/2026 00:32:29] "GET /static/game/images/players/2000069555.svg HTTP/1.1" 304 0
[19/May/2026 00:32:29] "GET /static/game/images/players/91107360.svg HTTP/1.1" 304 0
[19/May/2026 00:32:29] "GET /static/game/images/players/83228802.svg HTTP/1.1" 304 0
[19/May/2026 00:32:29] "GET /static/game/images/players/16045721.svg HTTP/1.1" 304 0
[19/May/2026 00:32:29] "GET /static/game/images/players/91139869.svg HTTP/1.1" 304 0
[19/May/2026 00:32:29] "GET /static/game/images/players/2000147056.svg HTTP/1.1" 304 0
[19/May/2026 00:32:29] "GET /static/game/images/players/93123163.svg HTTP/1.1" 304 0
[19/May/2026 00:32:29] "GET /static/game/images/players/76049803.svg HTTP/1.1" 304 0
[19/May/2026 00:32:29] "GET /static/game/images/players/20041862.svg HTTP/1.1" 304 0
[19/May/2026 00:32:29] "GET /static/game/images/backgrounds/manager-duel-card.svg HTTP/1.1" 200 4081
[19/May/2026 00:32:29] "GET /static/game/images/players/28066083.svg HTTP/1.1" 304 0
[19/May/2026 00:32:29] "GET /static/game/images/backgrounds/spielfeld.png HTTP/1.1" 304 0
[19/May/2026 00:32:29] "GET /static/game/images/icons/captain-armband.png HTTP/1.1" 200 1106283
[19/May/2026 00:32:29] "GET /static/game/images/icons/tactics-stadium-original.png HTTP/1.1" 200 240695
[19/May/2026 00:35:16] "GET /clubs/2/tactics/?squad=pro HTTP/1.1" 200 789255
[19/May/2026 00:35:16] "GET /static/game/css/global-dashboard.css HTTP/1.1" 200 265
[19/May/2026 00:35:16] "GET /static/game/css/global-dashboard/header.css HTTP/1.1" 200 6360
[19/May/2026 00:35:16] "GET /static/game/images/flags/771.svg HTTP/1.1" 200 1599
[19/May/2026 00:35:16] "GET /static/game/css/tactics.css HTTP/1.1" 200 41103
[19/May/2026 00:35:16] "GET /static/game/css/global-dashboard/layout-nav.css HTTP/1.1" 200 21351
[19/May/2026 00:35:16] "GET /static/game/css/global-dashboard/dashboard-cards.css HTTP/1.1" 200 12891
[19/May/2026 00:35:16] "GET /static/game/images/icons/sidebar/uebersicht.svg HTTP/1.1" 200 360
[19/May/2026 00:35:16] "GET /static/game/css/global-dashboard/tables-lists.css HTTP/1.1" 200 9923
[19/May/2026 00:35:16] "GET /static/game/images/icons/sidebar/verein.svg HTTP/1.1" 200 386
[19/May/2026 00:35:16] "GET /static/game/css/global-dashboard/overview-dashboard.css HTTP/1.1" 200 31330
[19/May/2026 00:35:16] "GET /static/game/css/global-dashboard/responsive.css HTTP/1.1" 200 5122
[19/May/2026 00:35:16] "GET /static/game/images/icons/sidebar/kader.svg HTTP/1.1" 200 615
[19/May/2026 00:35:16] "GET /static/game/images/icons/sidebar/transfers.svg HTTP/1.1" 200 497
[19/May/2026 00:35:16] "GET /static/game/images/icons/sidebar/scouting.svg HTTP/1.1" 200 423
[19/May/2026 00:35:16] "GET /static/game/images/icons/sidebar/mitarbeiter.svg HTTP/1.1" 200 522
[19/May/2026 00:35:16] "GET /static/game/js/tactics.js HTTP/1.1" 200 16613
[19/May/2026 00:35:16] "GET /static/game/images/icons/sidebar/taktik.svg HTTP/1.1" 200 530
[19/May/2026 00:35:16] "GET /static/game/images/icons/sidebar/jugend.svg HTTP/1.1" 200 392
[19/May/2026 00:35:16] "GET /static/game/images/crests/915.png HTTP/1.1" 200 148470
[19/May/2026 00:35:16] "GET /static/game/images/icons/tactics-calendar.svg HTTP/1.1" 200 1471
[19/May/2026 00:35:16] "GET /static/game/images/competitions/bundesliga.png HTTP/1.1" 200 22675
[19/May/2026 00:35:16] "GET /static/game/images/icons/sidebar/wettbewerbe.svg HTTP/1.1" 200 432
[19/May/2026 00:35:16] "GET /static/game/images/icons/tactics-clock.svg HTTP/1.1" 200 1163
[19/May/2026 00:35:16] "GET /static/game/images/crests/907.png HTTP/1.1" 200 34735
[19/May/2026 00:35:16] "GET /static/game/images/players/91137493.svg HTTP/1.1" 200 41633
[19/May/2026 00:35:16] "GET /static/game/images/players/16279486.svg HTTP/1.1" 200 51445
[19/May/2026 00:35:16] "GET /static/game/images/players/91207281.svg HTTP/1.1" 200 41509
[19/May/2026 00:35:16] "GET /static/game/images/players/12038706.svg HTTP/1.1" 200 43361
[19/May/2026 00:35:16] "GET /static/game/images/players/92021718.svg HTTP/1.1" 200 40737
[19/May/2026 00:35:16] "GET /static/game/images/players/91119265.svg HTTP/1.1" 200 41449
[19/May/2026 00:35:16] "GET /static/game/images/players/28127875.svg HTTP/1.1" 200 49089
[19/May/2026 00:35:16] "GET /static/game/images/players/85111795.svg HTTP/1.1" 200 41029
[19/May/2026 00:35:16] "GET /static/game/images/players/19383257.svg HTTP/1.1" 200 42157
[19/May/2026 00:35:16] "GET /static/game/images/players/91100472.svg HTTP/1.1" 200 41357
[19/May/2026 00:35:16] "GET /static/game/images/players/98040383.svg HTTP/1.1" 200 45101
[19/May/2026 00:35:16] "GET /static/game/images/players/91018450.svg HTTP/1.1" 200 43069
[19/May/2026 00:35:16] "GET /static/game/images/icons/tactics-stadium-original.png HTTP/1.1" 200 240695
[19/May/2026 00:35:16] "GET /static/game/images/players/28113827.svg HTTP/1.1" 200 40857
[19/May/2026 00:35:16] "GET /static/game/images/players/92088306.svg HTTP/1.1" 200 35485
[19/May/2026 00:35:16] "GET /static/game/images/players/2000069555.svg HTTP/1.1" 200 35103
[19/May/2026 00:35:16] "GET /static/game/images/players/93123163.svg HTTP/1.1" 200 41897
[19/May/2026 00:35:16] "GET /static/game/images/players/16045721.svg HTTP/1.1" 200 45497
[19/May/2026 00:35:16] "GET /static/game/images/players/53113114.svg HTTP/1.1" 200 46297
[19/May/2026 00:35:16] "GET /static/game/images/players/83228802.svg HTTP/1.1" 200 57229
[19/May/2026 00:35:16] "GET /static/game/images/players/2000147056.svg HTTP/1.1" 200 39219
[19/May/2026 00:35:16] "GET /static/game/images/players/91107360.svg HTTP/1.1" 200 41097
[19/May/2026 00:35:16] "GET /static/game/images/players/91139869.svg HTTP/1.1" 200 36853
[19/May/2026 00:35:16] "GET /static/game/images/backgrounds/player-profile-stadium-atmosphere.svg HTTP/1.1" 200 5840
[19/May/2026 00:35:16] "GET /static/game/images/players/28066083.svg HTTP/1.1" 200 41029
[19/May/2026 00:35:16] "GET /static/game/images/players/20041862.svg HTTP/1.1" 200 41701
[19/May/2026 00:35:16] "GET /static/game/images/players/76049803.svg HTTP/1.1" 200 41493
[19/May/2026 00:35:16] "GET /static/game/images/backgrounds/manager-duel-card.svg HTTP/1.1" 200 4081
[19/May/2026 00:35:16] "GET /static/game/images/stadiums/germany/b-dortmund.jpg HTTP/1.1" 200 149529
[19/May/2026 00:35:16] "GET /static/game/images/stadiums/germany/fc-bayern.jpg HTTP/1.1" 200 208463
[19/May/2026 00:35:16] "GET /static/game/images/icons/captain-armband.png HTTP/1.1" 200 1106283
[19/May/2026 00:35:16] "GET /static/game/images/backgrounds/spielfeld.png HTTP/1.1" 200 2479542
[19/May/2026 00:35:16] "GET /static/game/images/brand/favicon-32.png HTTP/1.1" 200 1969
[19/May/2026 00:35:34] "GET /clubs/2/tactics/?squad=pro HTTP/1.1" 200 789255
[19/May/2026 00:35:34] "GET /static/game/css/global-dashboard.css HTTP/1.1" 200 265
[19/May/2026 00:35:34] "GET /static/game/css/global-dashboard/header.css HTTP/1.1" 200 6360
[19/May/2026 00:35:34] "GET /static/game/images/icons/sidebar/uebersicht.svg HTTP/1.1" 200 360
[19/May/2026 00:35:34] "GET /static/game/images/flags/771.svg HTTP/1.1" 200 1599
[19/May/2026 00:35:34] "GET /static/game/images/icons/sidebar/verein.svg HTTP/1.1" 200 386
[19/May/2026 00:35:34] "GET /static/game/css/tactics.css HTTP/1.1" 200 41103
[19/May/2026 00:35:34] "GET /static/game/js/tactics.js HTTP/1.1" 200 16613
[19/May/2026 00:35:34] "GET /static/game/images/icons/sidebar/kader.svg HTTP/1.1" 200 615
[19/May/2026 00:35:34] "GET /static/game/css/global-dashboard/tables-lists.css HTTP/1.1" 200 9923
[19/May/2026 00:35:34] "GET /static/game/css/global-dashboard/layout-nav.css HTTP/1.1" 200 21351
[19/May/2026 00:35:34] "GET /static/game/css/global-dashboard/dashboard-cards.css HTTP/1.1" 200 12891
[19/May/2026 00:35:34] "GET /static/game/css/global-dashboard/responsive.css HTTP/1.1" 200 5122
[19/May/2026 00:35:34] "GET /static/game/css/global-dashboard/overview-dashboard.css HTTP/1.1" 200 31330
[19/May/2026 00:35:34] "GET /static/game/images/icons/sidebar/taktik.svg HTTP/1.1" 200 530
[19/May/2026 00:35:34] "GET /static/game/images/icons/sidebar/transfers.svg HTTP/1.1" 200 497
[19/May/2026 00:35:34] "GET /static/game/images/crests/915.png HTTP/1.1" 200 148470
[19/May/2026 00:35:34] "GET /static/game/images/icons/sidebar/scouting.svg HTTP/1.1" 200 423
[19/May/2026 00:35:34] "GET /static/game/images/icons/sidebar/wettbewerbe.svg HTTP/1.1" 200 432
[19/May/2026 00:35:34] "GET /static/game/images/icons/sidebar/jugend.svg HTTP/1.1" 200 392
[19/May/2026 00:35:34] "GET /static/game/images/icons/sidebar/mitarbeiter.svg HTTP/1.1" 200 522
[19/May/2026 00:35:34] "GET /static/game/images/competitions/bundesliga.png HTTP/1.1" 200 22675
[19/May/2026 00:35:34] "GET /static/game/images/icons/tactics-calendar.svg HTTP/1.1" 200 1471
[19/May/2026 00:35:34] "GET /static/game/images/icons/tactics-clock.svg HTTP/1.1" 200 1163
[19/May/2026 00:35:34] "GET /static/game/images/crests/907.png HTTP/1.1" 200 34735
[19/May/2026 00:35:34] "GET /static/game/images/players/16279486.svg HTTP/1.1" 200 51445
[19/May/2026 00:35:34] "GET /static/game/images/players/91137493.svg HTTP/1.1" 200 41633
[19/May/2026 00:35:34] "GET /static/game/images/players/12038706.svg HTTP/1.1" 200 43361
[19/May/2026 00:35:34] "GET /static/game/images/players/91207281.svg HTTP/1.1" 200 41509
[19/May/2026 00:35:34] "GET /static/game/images/players/91119265.svg HTTP/1.1" 200 41449
[19/May/2026 00:35:34] "GET /static/game/images/players/92021718.svg HTTP/1.1" 200 40737
[19/May/2026 00:35:34] "GET /static/game/images/players/28127875.svg HTTP/1.1" 200 49089
[19/May/2026 00:35:34] "GET /static/game/images/players/19383257.svg HTTP/1.1" 200 42157
[19/May/2026 00:35:34] "GET /static/game/images/players/85111795.svg HTTP/1.1" 200 41029
[19/May/2026 00:35:34] "GET /static/game/images/players/98040383.svg HTTP/1.1" 200 45101
[19/May/2026 00:35:34] "GET /static/game/images/players/91100472.svg HTTP/1.1" 200 41357
[19/May/2026 00:35:34] "GET /static/game/images/icons/tactics-stadium-original.png HTTP/1.1" 200 240695
[19/May/2026 00:35:34] "GET /static/game/images/players/91018450.svg HTTP/1.1" 200 43069
[19/May/2026 00:35:34] "GET /static/game/images/players/2000069555.svg HTTP/1.1" 200 35103
[19/May/2026 00:35:34] "GET /static/game/images/players/28113827.svg HTTP/1.1" 200 40857
[19/May/2026 00:35:34] "GET /static/game/images/players/92088306.svg HTTP/1.1" 200 35485
[19/May/2026 00:35:34] "GET /static/game/images/players/53113114.svg HTTP/1.1" 200 46297
[19/May/2026 00:35:34] "GET /static/game/images/players/16045721.svg HTTP/1.1" 200 45497
[19/May/2026 00:35:34] "GET /static/game/images/players/83228802.svg HTTP/1.1" 200 57229
[19/May/2026 00:35:34] "GET /static/game/images/players/91107360.svg HTTP/1.1" 200 41097
[19/May/2026 00:35:34] "GET /static/game/images/players/93123163.svg HTTP/1.1" 200 41897
[19/May/2026 00:35:34] "GET /static/game/images/players/91139869.svg HTTP/1.1" 200 36853
[19/May/2026 00:35:34] "GET /static/game/images/players/2000147056.svg HTTP/1.1" 200 39219
[19/May/2026 00:35:34] "GET /static/game/images/players/20041862.svg HTTP/1.1" 200 41701
[19/May/2026 00:35:34] "GET /static/game/images/backgrounds/player-profile-stadium-atmosphere.svg HTTP/1.1" 200 5840
[19/May/2026 00:35:34] "GET /static/game/images/players/76049803.svg HTTP/1.1" 200 41493
[19/May/2026 00:35:34] "GET /static/game/images/players/28066083.svg HTTP/1.1" 200 41029
[19/May/2026 00:35:34] "GET /static/game/images/backgrounds/manager-duel-card.svg HTTP/1.1" 200 4081
[19/May/2026 00:35:34] "GET /static/game/images/stadiums/germany/fc-bayern.jpg HTTP/1.1" 200 208463
[19/May/2026 00:35:34] "GET /static/game/images/stadiums/germany/b-dortmund.jpg HTTP/1.1" 200 149529
[19/May/2026 00:35:34] "GET /static/game/images/icons/captain-armband.png HTTP/1.1" 200 1106283
[19/May/2026 00:35:34] "GET /static/game/images/backgrounds/spielfeld.png HTTP/1.1" 200 2479542
[19/May/2026 00:35:34] "GET /static/game/images/brand/favicon-32.png HTTP/1.1" 200 1969
[19/May/2026 00:36:04] "GET /clubs/2/tactics/?squad=pro HTTP/1.1" 200 789252
[19/May/2026 00:36:04] "GET /static/game/css/tactics.css HTTP/1.1" 304 0
[19/May/2026 00:36:27] "GET /clubs/2/tactics/?squad=pro HTTP/1.1" 200 789252
[19/May/2026 00:36:27] "GET /static/game/css/global-dashboard.css HTTP/1.1" 200 265
[19/May/2026 00:36:27] "GET /static/game/css/global-dashboard/header.css HTTP/1.1" 200 6360
[19/May/2026 00:36:27] "GET /static/game/images/flags/771.svg HTTP/1.1" 200 1599
[19/May/2026 00:36:27] "GET /static/game/images/icons/sidebar/verein.svg HTTP/1.1" 200 386
[19/May/2026 00:36:27] "GET /static/game/css/tactics.css HTTP/1.1" 200 41103
[19/May/2026 00:36:27] "GET /static/game/images/icons/sidebar/uebersicht.svg HTTP/1.1" 200 360
[19/May/2026 00:36:27] "GET /static/game/images/icons/sidebar/taktik.svg HTTP/1.1" 200 530
[19/May/2026 00:36:27] "GET /static/game/images/icons/sidebar/kader.svg HTTP/1.1" 200 615
[19/May/2026 00:36:27] "GET /static/game/js/tactics.js HTTP/1.1" 200 16613
[19/May/2026 00:36:27] "GET /static/game/images/icons/sidebar/scouting.svg HTTP/1.1" 200 423
[19/May/2026 00:36:27] "GET /static/game/images/icons/sidebar/jugend.svg HTTP/1.1" 200 392
[19/May/2026 00:36:27] "GET /static/game/images/icons/sidebar/transfers.svg HTTP/1.1" 200 497
[19/May/2026 00:36:27] "GET /static/game/css/global-dashboard/layout-nav.css HTTP/1.1" 200 21351
[19/May/2026 00:36:27] "GET /static/game/css/global-dashboard/tables-lists.css HTTP/1.1" 200 9923
[19/May/2026 00:36:27] "GET /static/game/images/crests/915.png HTTP/1.1" 200 148470
[19/May/2026 00:36:27] "GET /static/game/images/icons/sidebar/mitarbeiter.svg HTTP/1.1" 200 522
[19/May/2026 00:36:27] "GET /static/game/css/global-dashboard/responsive.css HTTP/1.1" 200 5122
[19/May/2026 00:36:27] "GET /static/game/css/global-dashboard/dashboard-cards.css HTTP/1.1" 200 12891
[19/May/2026 00:36:27] "GET /static/game/images/icons/sidebar/wettbewerbe.svg HTTP/1.1" 200 432
[19/May/2026 00:36:27] "GET /static/game/css/global-dashboard/overview-dashboard.css HTTP/1.1" 200 31330
[19/May/2026 00:36:27] "GET /static/game/images/icons/tactics-calendar.svg HTTP/1.1" 200 1471
[19/May/2026 00:36:27] "GET /static/game/images/competitions/bundesliga.png HTTP/1.1" 200 22675
[19/May/2026 00:36:27] "GET /static/game/images/icons/tactics-clock.svg HTTP/1.1" 200 1163
[19/May/2026 00:36:28] "GET /static/game/images/crests/907.png HTTP/1.1" 200 34735
[19/May/2026 00:36:28] "GET /static/game/images/players/12038706.svg HTTP/1.1" 200 43361
[19/May/2026 00:36:28] "GET /static/game/images/players/91137493.svg HTTP/1.1" 200 41633
[19/May/2026 00:36:28] "GET /static/game/images/players/91207281.svg HTTP/1.1" 200 41509
[19/May/2026 00:36:28] "GET /static/game/images/players/16279486.svg HTTP/1.1" 200 51445
[19/May/2026 00:36:28] "GET /static/game/images/players/92021718.svg HTTP/1.1" 200 40737
[19/May/2026 00:36:28] "GET /static/game/images/players/28127875.svg HTTP/1.1" 200 49089
[19/May/2026 00:36:28] "GET /static/game/images/players/19383257.svg HTTP/1.1" 200 42157
[19/May/2026 00:36:28] "GET /static/game/images/players/91119265.svg HTTP/1.1" 200 41449
[19/May/2026 00:36:28] "GET /static/game/images/players/91100472.svg HTTP/1.1" 200 41357
[19/May/2026 00:36:28] "GET /static/game/images/players/85111795.svg HTTP/1.1" 200 41029
[19/May/2026 00:36:28] "GET /static/game/images/players/91018450.svg HTTP/1.1" 200 43069
[19/May/2026 00:36:28] "GET /static/game/images/players/98040383.svg HTTP/1.1" 200 45101
[19/May/2026 00:36:28] "GET /static/game/images/players/28113827.svg HTTP/1.1" 200 40857
[19/May/2026 00:36:28] "GET /static/game/images/players/16045721.svg HTTP/1.1" 200 45497
[19/May/2026 00:36:28] "GET /static/game/images/icons/tactics-stadium-original.png HTTP/1.1" 200 240695
[19/May/2026 00:36:28] "GET /static/game/images/players/2000069555.svg HTTP/1.1" 200 35103
[19/May/2026 00:36:28] "GET /static/game/images/players/53113114.svg HTTP/1.1" 200 46297
[19/May/2026 00:36:28] "GET /static/game/images/players/92088306.svg HTTP/1.1" 200 35485
[19/May/2026 00:36:28] "GET /static/game/images/players/93123163.svg HTTP/1.1" 200 41897
[19/May/2026 00:36:28] "GET /static/game/images/players/2000147056.svg HTTP/1.1" 200 39219
[19/May/2026 00:36:28] "GET /static/game/images/players/83228802.svg HTTP/1.1" 200 57229
[19/May/2026 00:36:28] "GET /static/game/images/players/91139869.svg HTTP/1.1" 200 36853
[19/May/2026 00:36:28] "GET /static/game/images/players/91107360.svg HTTP/1.1" 200 41097
[19/May/2026 00:36:28] "GET /static/game/images/players/76049803.svg HTTP/1.1" 200 41493
[19/May/2026 00:36:28] "GET /static/game/images/backgrounds/player-profile-stadium-atmosphere.svg HTTP/1.1" 200 5840
[19/May/2026 00:36:28] "GET /static/game/images/players/20041862.svg HTTP/1.1" 200 41701
[19/May/2026 00:36:28] "GET /static/game/images/players/28066083.svg HTTP/1.1" 200 41029
[19/May/2026 00:36:28] "GET /static/game/images/backgrounds/manager-duel-card.svg HTTP/1.1" 200 4081
[19/May/2026 00:36:28] "GET /static/game/images/stadiums/germany/b-dortmund.jpg HTTP/1.1" 200 149529
[19/May/2026 00:36:28] "GET /static/game/images/stadiums/germany/fc-bayern.jpg HTTP/1.1" 200 208463
[19/May/2026 00:36:28] "GET /static/game/images/icons/captain-armband.png HTTP/1.1" 200 1106283
[19/May/2026 00:36:28] "GET /static/game/images/backgrounds/spielfeld.png HTTP/1.1" 200 2479542
[19/May/2026 00:36:28] "GET /static/game/images/brand/favicon-32.png HTTP/1.1" 200 1969
[19/May/2026 07:19:07] "GET /clubs/3/tactics/?squad=pro HTTP/1.1" 200 784886
[19/May/2026 07:19:07] "GET /static/game/css/global-dashboard.css HTTP/1.1" 304 0
[19/May/2026 07:19:07] "GET /static/game/css/global-dashboard/header.css HTTP/1.1" 304 0
[19/May/2026 07:19:07] "GET /static/game/images/icons/tactics-clock.svg HTTP/1.1" 304 0
[19/May/2026 07:19:07] "GET /static/game/images/icons/tactics-calendar.svg HTTP/1.1" 304 0
[19/May/2026 07:19:07] "GET /static/game/js/tactics.js HTTP/1.1" 304 0
[19/May/2026 07:19:07] "GET /static/game/css/global-dashboard/layout-nav.css HTTP/1.1" 304 0
[19/May/2026 07:19:07] "GET /static/game/images/icons/tactics-stadium-original.png HTTP/1.1" 304 0
[19/May/2026 07:19:07] "GET /static/game/images/players/28049320.png HTTP/1.1" 304 0
[19/May/2026 07:19:07] "GET /static/game/css/global-dashboard/tables-lists.css HTTP/1.1" 304 0
[19/May/2026 07:19:07] "GET /static/game/css/global-dashboard/dashboard-cards.css HTTP/1.1" 304 0
[19/May/2026 07:19:07] "GET /static/game/css/global-dashboard/overview-dashboard.css HTTP/1.1" 304 0
[19/May/2026 07:19:07] "GET /static/game/css/tactics.css HTTP/1.1" 200 41103
[19/May/2026 07:19:07] "GET /static/game/css/global-dashboard/responsive.css HTTP/1.1" 304 0
[19/May/2026 07:19:07] "GET /static/game/images/icons/captain-armband.png HTTP/1.1" 304 0
[19/May/2026 07:19:07] "GET /static/game/images/backgrounds/spielfeld.png HTTP/1.1" 304 0
[19/May/2026 07:19:07] "GET /static/game/images/backgrounds/manager-duel-card.svg HTTP/1.1" 304 0
[19/May/2026 07:22:29] "GET /clubs/2/tactics/?squad=pro HTTP/1.1" 200 789252
[19/May/2026 07:22:29] "GET /static/game/css/global-dashboard.css HTTP/1.1" 304 0
[19/May/2026 07:22:29] "GET /static/game/js/tactics.js HTTP/1.1" 304 0
[19/May/2026 07:22:29] "GET /static/game/css/global-dashboard/header.css HTTP/1.1" 304 0
[19/May/2026 07:22:29] "GET /static/game/css/tactics.css HTTP/1.1" 200 41607
[19/May/2026 07:22:30] "GET /static/game/images/icons/tactics-calendar.svg HTTP/1.1" 304 0
[19/May/2026 07:22:30] "GET /static/game/css/global-dashboard/dashboard-cards.css HTTP/1.1" 304 0
[19/May/2026 07:22:30] "GET /static/game/css/global-dashboard/layout-nav.css HTTP/1.1" 304 0
[19/May/2026 07:22:30] "GET /static/game/images/icons/tactics-clock.svg HTTP/1.1" 304 0
[19/May/2026 07:22:30] "GET /static/game/css/global-dashboard/tables-lists.css HTTP/1.1" 304 0
[19/May/2026 07:22:30] "GET /static/game/css/global-dashboard/overview-dashboard.css HTTP/1.1" 304 0
[19/May/2026 07:22:30] "GET /static/game/images/icons/captain-armband.png HTTP/1.1" 304 0
[19/May/2026 07:22:30] "GET /static/game/images/icons/tactics-stadium-original.png HTTP/1.1" 304 0
[19/May/2026 07:22:30] "GET /static/game/css/global-dashboard/responsive.css HTTP/1.1" 304 0
[19/May/2026 07:22:30] "GET /static/game/images/backgrounds/manager-duel-card.svg HTTP/1.1" 304 0
[19/May/2026 07:25:11] "GET /clubs/3/tactics/?squad=pro HTTP/1.1" 200 784886
[19/May/2026 07:25:55] "GET /clubs/2/tactics/?squad=pro HTTP/1.1" 200 789255
[19/May/2026 07:25:55] "GET /static/game/css/tactics.css HTTP/1.1" 304 0
[19/May/2026 07:25:55] "GET /static/game/images/backgrounds/tactics-banner-bg.png HTTP/1.1" 200 1670960
[19/May/2026 07:26:39] "GET /clubs/2/tactics/?squad=pro HTTP/1.1" 200 789255
[19/May/2026 07:26:39] "GET /static/game/css/tactics.css HTTP/1.1" 200 41607
[19/May/2026 07:29:11] "GET /clubs/2/tactics/?squad=pro HTTP/1.1" 200 789255
[19/May/2026 07:29:11] "GET /static/game/css/tactics.css HTTP/1.1" 200 41941
[19/May/2026 07:29:12] "GET /static/game/images/backgrounds/tactics-standards-bg.png HTTP/1.1" 200 1414781
[19/May/2026 07:33:23] "GET /clubs/3/tactics/?squad=pro HTTP/1.1" 200 784889
[19/May/2026 07:33:23] "GET /static/game/images/backgrounds/tactics-banner-bg.png HTTP/1.1" 200 1670960
[19/May/2026 07:33:47] "GET /clubs/2/tactics/?squad=pro HTTP/1.1" 200 789255
[19/May/2026 07:33:47] "GET /static/game/css/tactics.css HTTP/1.1" 200 42320
[19/May/2026 07:36:06] "GET /clubs/3/tactics/?squad=pro HTTP/1.1" 200 784889
[19/May/2026 07:36:09] "GET /clubs/3/tactics/?squad=pro HTTP/1.1" 200 784889
[19/May/2026 07:37:14] "POST /clubs/2/tactics/?squad=pro HTTP/1.1" 200 793967
[19/May/2026 07:37:14] "GET /static/game/css/tactics.css HTTP/1.1" 304 0
[19/May/2026 07:37:42] "POST /clubs/3/tactics/?squad=pro HTTP/1.1" 200 785122
[19/May/2026 07:37:50] "POST /clubs/3/tactics/?squad=pro HTTP/1.1" 200 785122
[19/May/2026 07:38:59] "GET /clubs/2/ HTTP/1.1" 200 33327
[19/May/2026 07:38:59] "GET /static/game/css/club-profile.css HTTP/1.1" 304 0
[19/May/2026 07:38:59] "GET /static/game/images/players/92088306.svg HTTP/1.1" 200 35485
[19/May/2026 07:38:59] "GET /static/game/images/players/91018450.svg HTTP/1.1" 200 43069
[19/May/2026 07:38:59] "GET /static/game/images/flags/5.svg HTTP/1.1" 200 4817
[19/May/2026 07:38:59] "GET /static/game/images/players/12038706.svg HTTP/1.1" 200 43361
[19/May/2026 07:38:59] "GET /static/game/css/club-profile/layout.css HTTP/1.1" 304 0
[19/May/2026 07:38:59] "GET /static/game/css/club-profile/identity.css HTTP/1.1" 304 0
[19/May/2026 07:38:59] "GET /static/game/css/club-profile/trophies.css HTTP/1.1" 304 0
[19/May/2026 07:38:59] "GET /static/game/css/club-profile/cards.css HTTP/1.1" 304 0
[19/May/2026 07:38:59] "GET /static/game/css/club-profile/matches.css HTTP/1.1" 304 0
[19/May/2026 07:38:59] "GET /static/game/images/players/16045721.svg HTTP/1.1" 200 45497
[19/May/2026 07:38:59] "GET /static/game/css/club-profile/compact-panels.css HTTP/1.1" 304 0
[19/May/2026 07:38:59] "GET /static/game/css/club-profile/responsive.css HTTP/1.1" 304 0
[19/May/2026 07:38:59] "GET /static/game/images/players/91100472.svg HTTP/1.1" 200 41357
[19/May/2026 07:38:59] "GET /static/game/css/club-profile/players.css HTTP/1.1" 304 0
[19/May/2026 07:38:59] "GET /static/game/images/flags/755.svg HTTP/1.1" 200 1479
[19/May/2026 07:38:59] "GET /static/game/images/players/2000121585.svg HTTP/1.1" 200 42219
[19/May/2026 07:38:59] "GET /static/game/images/flags/776.svg HTTP/1.1" 200 1647
[19/May/2026 07:38:59] "GET /static/game/images/city/907.jpg HTTP/1.1" 200 27904
[19/May/2026 07:38:59] "GET /static/game/images/kits/907_home.svg HTTP/1.1" 200 68629
[19/May/2026 07:38:59] "GET /static/game/js/club-profile.js HTTP/1.1" 304 0
[19/May/2026 07:38:59] "GET /static/game/images/kits/907_away.svg HTTP/1.1" 200 69349
[19/May/2026 07:38:59] "GET /static/game/images/kits/907_third.svg HTTP/1.1" 200 76322
[19/May/2026 07:38:59] "GET /static/game/images/backgrounds/club-profile-room-background.png HTTP/1.1" 304 0
[19/May/2026 07:38:59] "GET /static/game/images/backgrounds/trophy-cabinet-club-profile.png HTTP/1.1" 304 0
[19/May/2026 07:38:59] "GET /static/game/images/backgrounds/club-pro-highlights-profile.png HTTP/1.1" 304 0
[19/May/2026 07:38:59] "GET /static/game/images/backgrounds/club-table-profile.png HTTP/1.1" 304 0
[19/May/2026 07:38:59] "GET /static/game/images/backgrounds/club-youth-highlights-profile.png HTTP/1.1" 304 0
[19/May/2026 07:38:59] "GET /static/game/images/backgrounds/club-kits-profile.png HTTP/1.1" 304 0
[19/May/2026 07:38:59] "GET /static/game/images/backgrounds/club-news-profile.png HTTP/1.1" 304 0
[19/May/2026 07:38:59] "GET /static/game/images/backgrounds/club-partner-profile.png HTTP/1.1" 304 0
[19/May/2026 07:39:20] "GET /players/507/ HTTP/1.1" 200 27214
[19/May/2026 07:39:20] "GET /static/game/css/player-profile.css HTTP/1.1" 304 0
[19/May/2026 07:39:20] "GET /static/game/css/trophy-cabinet.css HTTP/1.1" 304 0
[19/May/2026 07:39:20] "GET /static/game/images/nations/federations/771.png HTTP/1.1" 200 134589
[19/May/2026 07:39:20] "GET /static/game/images/backgrounds/injury-card-bg.svg HTTP/1.1" 304 0
[19/May/2026 07:39:26] "GET /static/game/css/tactics.css?v=1552578658 HTTP/1.1" 200 42739
[19/May/2026 07:39:27,012] - Broken pipe from ('127.0.0.1', 62366)
[19/May/2026 07:39:28] "GET /clubs/3/tactics/?squad=pro HTTP/1.1" 200 784909
[19/May/2026 07:39:37] "GET /static/game/css/tactics.css HTTP/1.1" 200 42739
[19/May/2026 07:39:37,743] - Broken pipe from ('127.0.0.1', 62370)
[19/May/2026 07:40:20] "GET /clubs/2/tactics/?squad=pro HTTP/1.1" 200 789275
[19/May/2026 07:40:21,635] - Broken pipe from ('127.0.0.1', 52555)
[19/May/2026 07:40:43] "GET /clubs/2/tactics/?squad=pro&styleBust=1779169243014 HTTP/1.1" 200 789275
[19/May/2026 07:40:43] "GET /static/game/css/tactics.css HTTP/1.1" 200 42739
[19/May/2026 07:40:43] "GET /static/game/images/backgrounds/tactics-top-scorers-bg.png HTTP/1.1" 200 1558813
[19/May/2026 07:41:08] "GET /clubs/3/tactics/?squad=pro HTTP/1.1" 200 784909
[19/May/2026 07:41:17] "GET /clubs/2/tactics/?squad=pro HTTP/1.1" 200 789275
[19/May/2026 07:41:17] "GET /static/game/css/tactics.css HTTP/1.1" 304 0
[19/May/2026 07:43:10] "GET /clubs/2/tactics/?squad=pro HTTP/1.1" 200 789275
[19/May/2026 07:43:11] "GET /static/game/css/tactics.css HTTP/1.1" 200 42797
[19/May/2026 07:43:11] "GET /static/game/images/backgrounds/tactics-manager-duel-bg.png HTTP/1.1" 200 1501724
[19/May/2026 07:46:54] "GET /clubs/2/tactics/?squad=pro HTTP/1.1" 200 789275
[19/May/2026 07:46:54] "GET /static/game/css/tactics.css HTTP/1.1" 200 43128
[19/May/2026 07:46:55] "GET /static/game/images/backgrounds/tactics-bench-bg.png HTTP/1.1" 200 1524804
[19/May/2026 07:51:40] "GET /clubs/2/tactics/?squad=pro HTTP/1.1" 200 789275
[19/May/2026 07:51:40] "GET /static/game/css/tactics.css HTTP/1.1" 304 0
[19/May/2026 07:51:41] "GET /static/game/images/backgrounds/tactics-bench-bg.png HTTP/1.1" 304 0
[19/May/2026 07:53:19] "GET /clubs/2/tactics/?squad=pro HTTP/1.1" 200 789275
[19/May/2026 07:53:19] "GET /static/game/css/tactics.css HTTP/1.1" 200 43209
[19/May/2026 07:58:34] "GET /clubs/2/tactics/?squad=pro HTTP/1.1" 200 789275
[19/May/2026 07:58:34] "GET /static/game/css/tactics.css HTTP/1.1" 200 43224
[19/May/2026 07:58:34] "GET /static/game/images/backgrounds/tactics-bench-bg.png HTTP/1.1" 304 0
[19/May/2026 08:00:24] "GET /clubs/2/tactics/?squad=pro HTTP/1.1" 200 789304
[19/May/2026 08:00:24] "GET /static/game/css/tactics.css HTTP/1.1" 200 43253
[19/May/2026 08:00:24] "GET /static/game/images/backgrounds/tactics-banner-bg.png?v=tactics-banner-vs-20260519 HTTP/1.1" 200 1818886
[19/May/2026 08:05:23] "GET /clubs/2/tactics/?squad=pro HTTP/1.1" 200 788424
[19/May/2026 08:05:23] "GET /static/game/css/tactics.css HTTP/1.1" 200 42948
[19/May/2026 08:05:23] "GET /static/game/images/backgrounds/tactics-banner-bg.png?v=tactics-banner-vs-20260519 HTTP/1.1" 304 0
[19/May/2026 08:05:23] "GET /static/game/images/backgrounds/tactics-bench-bg.png HTTP/1.1" 304 0
[19/May/2026 08:24:33] "GET /clubs/3/tactics/?squad=pro HTTP/1.1" 200 784058
[19/May/2026 08:24:33] "GET /static/game/images/flags/771.svg HTTP/1.1" 200 1599
[19/May/2026 08:24:33] "GET /static/game/css/tactics.css HTTP/1.1" 200 42948
[19/May/2026 08:24:33] "GET /static/game/css/global-dashboard/layout-nav.css HTTP/1.1" 304 0
[19/May/2026 08:24:33] "GET /static/game/images/icons/sidebar/uebersicht.svg HTTP/1.1" 200 360
[19/May/2026 08:24:33] "GET /static/game/images/icons/sidebar/verein.svg HTTP/1.1" 200 386
[19/May/2026 08:24:33] "GET /static/game/js/tactics.js HTTP/1.1" 200 16307
[19/May/2026 08:24:33] "GET /static/game/css/global-dashboard/dashboard-cards.css HTTP/1.1" 200 12891
[19/May/2026 08:24:33] "GET /static/game/images/crests/915.png HTTP/1.1" 200 148470
[19/May/2026 08:24:33] "GET /static/game/css/global-dashboard/tables-lists.css HTTP/1.1" 200 9923
[19/May/2026 08:24:33] "GET /static/game/images/icons/sidebar/taktik.svg HTTP/1.1" 200 530
[19/May/2026 08:24:33] "GET /static/game/css/global-dashboard/responsive.css HTTP/1.1" 200 5122
[19/May/2026 08:24:33] "GET /static/game/images/icons/sidebar/jugend.svg HTTP/1.1" 200 392
[19/May/2026 08:24:33] "GET /static/game/images/icons/sidebar/kader.svg HTTP/1.1" 200 615
[19/May/2026 08:24:33] "GET /static/game/images/icons/sidebar/transfers.svg HTTP/1.1" 200 497
[19/May/2026 08:24:33] "GET /static/game/images/icons/sidebar/scouting.svg HTTP/1.1" 200 423
[19/May/2026 08:24:33] "GET /static/game/images/icons/sidebar/wettbewerbe.svg HTTP/1.1" 200 432
[19/May/2026 08:24:33] "GET /static/game/images/icons/sidebar/mitarbeiter.svg HTTP/1.1" 200 522
[19/May/2026 08:24:33] "GET /static/game/images/icons/tactics-calendar.svg HTTP/1.1" 304 0
[19/May/2026 08:24:33] "GET /static/game/images/icons/tactics-clock.svg HTTP/1.1" 304 0
[19/May/2026 08:24:33] "GET /static/game/images/competitions/bundesliga.png HTTP/1.1" 200 22675
[19/May/2026 08:24:33] "GET /static/game/images/icons/tactics-stadium-original.png HTTP/1.1" 304 0
[19/May/2026 08:24:33] "GET /static/game/images/crests/907.png HTTP/1.1" 200 34735
[19/May/2026 08:24:33] "GET /static/game/images/players/28049320.png HTTP/1.1" 200 79774
[19/May/2026 08:24:33] "GET /static/game/images/icons/captain-armband.png HTTP/1.1" 304 0
[19/May/2026 08:24:33] "GET /static/game/images/backgrounds/player-profile-stadium-atmosphere.svg HTTP/1.1" 200 5840
[19/May/2026 08:24:33] "GET /static/game/images/stadiums/germany/b-dortmund.jpg HTTP/1.1" 200 149529
[19/May/2026 08:24:33] "GET /static/game/images/stadiums/germany/fc-bayern.jpg HTTP/1.1" 200 208463
[19/May/2026 08:24:33] "GET /static/game/images/backgrounds/tactics-bench-bg.png HTTP/1.1" 200 1524804
[19/May/2026 08:24:33] "GET /static/game/images/backgrounds/tactics-standards-bg.png HTTP/1.1" 200 1414781
[19/May/2026 08:24:33] "GET /static/game/images/backgrounds/tactics-banner-bg.png?v=tactics-banner-vs-20260519 HTTP/1.1" 200 1818886
[19/May/2026 08:24:33] "GET /static/game/images/backgrounds/tactics-top-scorers-bg.png HTTP/1.1" 200 1558813
[19/May/2026 08:24:33] "GET /static/game/images/backgrounds/tactics-manager-duel-bg.png HTTP/1.1" 200 1501724
[19/May/2026 08:24:33] "GET /static/game/images/backgrounds/spielfeld.png HTTP/1.1" 200 2479542
[19/May/2026 08:24:54] "GET /clubs/2/tactics/?squad=pro HTTP/1.1" 200 788424
[19/May/2026 08:24:54] "GET /static/game/css/tactics.css HTTP/1.1" 304 0
[19/May/2026 08:24:54] "GET /static/game/js/tactics.js HTTP/1.1" 200 16307
[19/May/2026 08:24:54] "GET /static/game/images/icons/tactics-calendar.svg HTTP/1.1" 304 0
[19/May/2026 08:24:54] "GET /static/game/images/icons/tactics-clock.svg HTTP/1.1" 304 0
[19/May/2026 08:24:54] "GET /static/game/css/global-dashboard/layout-nav.css HTTP/1.1" 304 0
[19/May/2026 08:24:54] "GET /static/game/images/icons/tactics-stadium-original.png HTTP/1.1" 304 0
[19/May/2026 08:24:54] "GET /static/game/images/icons/captain-armband.png HTTP/1.1" 304 0
[19/May/2026 08:24:54] "GET /static/game/images/backgrounds/tactics-banner-bg.png?v=tactics-banner-vs-20260519 HTTP/1.1" 304 0
[19/May/2026 08:24:54] "GET /static/game/images/backgrounds/tactics-bench-bg.png HTTP/1.1" 304 0
[19/May/2026 08:24:54] "GET /static/game/images/backgrounds/tactics-standards-bg.png HTTP/1.1" 304 0
[19/May/2026 08:28:23] "GET /clubs/2/tactics/?squad=pro HTTP/1.1" 200 788424
[19/May/2026 08:28:23] "GET /static/game/css/tactics.css HTTP/1.1" 200 43045
[19/May/2026 08:28:23] "GET /static/game/js/tactics.js HTTP/1.1" 304 0
[19/May/2026 08:28:58] "GET /clubs/2/tactics/?squad=pro HTTP/1.1" 200 788424
[19/May/2026 08:28:58] "GET /static/game/css/tactics.css HTTP/1.1" 304 0
[19/May/2026 08:28:58] "GET /static/game/images/backgrounds/tactics-banner-bg.png?v=tactics-banner-vs-20260519 HTTP/1.1" 304 0
[19/May/2026 08:29:26] "GET /clubs/2/tactics/?squad=pro HTTP/1.1" 200 788424
[19/May/2026 08:29:26] "GET /static/game/css/tactics.css HTTP/1.1" 304 0
[19/May/2026 08:29:33] "GET /players/520/ HTTP/1.1" 200 27440
[19/May/2026 08:29:33] "GET /static/game/css/player-profile.css HTTP/1.1" 304 0
[19/May/2026 08:29:33] "GET /static/game/css/trophy-cabinet.css HTTP/1.1" 304 0
[19/May/2026 08:29:33] "GET /static/game/images/flags/755.svg HTTP/1.1" 304 0
[19/May/2026 08:29:33] "GET /static/game/images/nations/federations/755.png HTTP/1.1" 200 61346
[19/May/2026 08:29:33] "GET /static/game/images/flags/765.svg HTTP/1.1" 304 0
[19/May/2026 08:29:33] "GET /static/game/images/icons/trophy-heading.png HTTP/1.1" 304 0
[19/May/2026 08:29:33] "GET /static/game/images/icons/trophy-total.png HTTP/1.1" 304 0
[19/May/2026 08:29:33] "GET /static/game/images/icons/stat-assists.svg HTTP/1.1" 304 0
[19/May/2026 08:29:33] "GET /static/game/images/icons/player-ui-icons.svg HTTP/1.1" 304 0
[19/May/2026 08:29:33] "GET /static/game/images/trophies/podium-trophy.png HTTP/1.1" 304 0
[19/May/2026 08:29:33] "GET /static/game/images/backgrounds/injury-card-bg.svg HTTP/1.1" 304 0
[19/May/2026 08:29:33] "GET /static/game/images/backgrounds/trophy-stage.png HTTP/1.1" 304 0
[19/May/2026 08:31:03] "GET /clubs/2/tactics/?squad=pro HTTP/1.1" 200 788424
[19/May/2026 08:31:03] "GET /static/game/css/tactics.css HTTP/1.1" 200 43153
[19/May/2026 08:31:03] "GET /static/game/js/tactics.js HTTP/1.1" 304 0
[19/May/2026 08:31:03] "GET /static/game/images/backgrounds/tactics-bench-bg.png HTTP/1.1" 304 0
[19/May/2026 08:31:03] "GET /static/game/images/backgrounds/tactics-top-scorers-bg.png HTTP/1.1" 304 0
[19/May/2026 08:31:46] "GET /clubs/2/tactics/?squad=pro HTTP/1.1" 200 788424
[19/May/2026 08:31:46] "GET /static/game/css/tactics.css HTTP/1.1" 304 0
[19/May/2026 08:33:01] "GET /clubs/2/tactics/?squad=pro HTTP/1.1" 200 788424
[19/May/2026 08:33:01] "GET /static/game/css/tactics.css HTTP/1.1" 200 43151
[19/May/2026 08:35:04] "GET /clubs/2/tactics/?squad=pro HTTP/1.1" 200 788424
[19/May/2026 08:35:04] "GET /static/game/css/tactics.css HTTP/1.1" 200 43149
[19/May/2026 08:35:04] "GET /static/game/js/tactics.js HTTP/1.1" 304 0
[19/May/2026 08:35:04] "GET /static/game/images/backgrounds/tactics-banner-bg.png?v=tactics-banner-vs-20260519 HTTP/1.1" 304 0
[19/May/2026 08:35:27] "GET /clubs/2/tactics/?squad=pro HTTP/1.1" 200 788424
[19/May/2026 08:35:27] "GET /static/game/css/tactics.css HTTP/1.1" 304 0
[19/May/2026 08:38:50] "GET /clubs/2/tactics/?squad=pro HTTP/1.1" 200 788424
[19/May/2026 08:38:50] "GET /static/game/css/tactics.css HTTP/1.1" 200 43489
[19/May/2026 08:38:50] "GET /static/game/js/tactics.js HTTP/1.1" 304 0
[19/May/2026 08:38:50] "GET /static/game/images/backgrounds/tactics-bench-bg.png HTTP/1.1" 304 0
[19/May/2026 08:38:50] "GET /static/game/images/backgrounds/tactics-manager-duel-bg.png HTTP/1.1" 304 0
[19/May/2026 08:38:50] "GET /static/game/images/backgrounds/tactics-substitutions-bg.png HTTP/1.1" 200 1359257
[19/May/2026 08:42:37] "GET /clubs/2/tactics/?squad=pro HTTP/1.1" 200 788424
[19/May/2026 08:42:37] "GET /static/game/css/tactics.css HTTP/1.1" 200 43521
[19/May/2026 08:42:38] "GET /static/game/js/tactics.js HTTP/1.1" 304 0
[19/May/2026 08:42:38] "GET /static/game/images/backgrounds/tactics-banner-bg.png?v=tactics-banner-vs-20260519 HTTP/1.1" 304 0
[19/May/2026 08:45:37] "GET /clubs/2/tactics/?squad=pro HTTP/1.1" 200 788424
[19/May/2026 08:45:37] "GET /static/game/css/tactics.css HTTP/1.1" 200 43595
[19/May/2026 08:49:40] "GET /clubs/2/tactics/?squad=pro HTTP/1.1" 200 788424
[19/May/2026 08:49:40] "GET /static/game/css/tactics.css HTTP/1.1" 200 43649
[19/May/2026 08:49:40] "GET /static/game/js/tactics.js HTTP/1.1" 304 0
[19/May/2026 08:49:40] "GET /static/game/images/backgrounds/tactics-banner-bg.png?v=tactics-banner-vs-20260519 HTTP/1.1" 304 0
[19/May/2026 08:49:40] "GET /static/game/images/backgrounds/tactics-bench-bg.png HTTP/1.1" 304 0
[19/May/2026 08:53:11] "GET /clubs/2/tactics/?squad=pro HTTP/1.1" 200 788424
[19/May/2026 08:53:11] "GET /static/game/css/tactics.css HTTP/1.1" 304 0
[19/May/2026 08:54:40] "GET /clubs/2/tactics/?squad=pro HTTP/1.1" 200 788424
[19/May/2026 08:54:40] "GET /static/game/css/tactics.css HTTP/1.1" 200 43954
[19/May/2026 08:54:40] "GET /static/game/js/tactics.js HTTP/1.1" 304 0
[19/May/2026 13:33:47] "GET /clubs/3/tactics/?squad=pro HTTP/1.1" 200 784058
[19/May/2026 13:33:47] "GET /static/game/css/global-dashboard/header.css HTTP/1.1" 304 0
[19/May/2026 13:33:47] "GET /static/game/css/tactics.css HTTP/1.1" 200 43954
[19/May/2026 13:33:47] "GET /static/game/js/tactics.js HTTP/1.1" 304 0
[19/May/2026 13:33:47] "GET /static/game/css/global-dashboard/layout-nav.css HTTP/1.1" 304 0
[19/May/2026 13:33:47] "GET /static/game/css/global-dashboard/overview-dashboard.css HTTP/1.1" 304 0
[19/May/2026 13:33:47] "GET /static/game/images/icons/tactics-calendar.svg HTTP/1.1" 304 0
[19/May/2026 13:33:47] "GET /static/game/images/icons/tactics-clock.svg HTTP/1.1" 304 0
[19/May/2026 13:33:47] "GET /static/game/images/icons/tactics-stadium-original.png HTTP/1.1" 304 0
[19/May/2026 13:33:47] "GET /static/game/images/icons/captain-armband.png HTTP/1.1" 304 0
[19/May/2026 13:33:47] "GET /static/game/images/backgrounds/tactics-banner-bg.png?v=tactics-banner-vs-20260519 HTTP/1.1" 304 0
[19/May/2026 13:33:47] "GET /static/game/images/backgrounds/tactics-bench-bg.png HTTP/1.1" 304 0
[19/May/2026 13:33:47] "GET /static/game/images/backgrounds/tactics-standards-bg.png HTTP/1.1" 304 0
[19/May/2026 13:33:47] "GET /static/game/images/backgrounds/tactics-top-scorers-bg.png HTTP/1.1" 304 0
[19/May/2026 13:33:47] "GET /static/game/images/backgrounds/tactics-manager-duel-bg.png HTTP/1.1" 304 0
[19/May/2026 13:33:47] "GET /static/game/images/backgrounds/tactics-substitutions-bg.png HTTP/1.1" 200 1359257
[19/May/2026 13:33:47] "GET /static/game/images/brand/favicon-32.png HTTP/1.1" 304 0
C:\Users\mashu\Documents\Codex\Websoccer\Websoccer\game\views.py changed, reloading.
Watching for file changes with StatReloader
[19/May/2026 13:38:40] "GET /clubs/3/tactics/?squad=pro HTTP/1.1" 200 784414
[19/May/2026 13:40:36] "GET /clubs/2/tactics/?squad=pro HTTP/1.1" 200 788780
[19/May/2026 13:40:36] "GET /static/game/css/global-dashboard/header.css HTTP/1.1" 304 0
[19/May/2026 13:40:36] "GET /static/game/css/tactics.css HTTP/1.1" 200 44578
[19/May/2026 13:40:36] "GET /static/game/js/tactics.js HTTP/1.1" 304 0
[19/May/2026 13:40:36] "GET /static/game/css/global-dashboard/overview-dashboard.css HTTP/1.1" 304 0
[19/May/2026 13:40:36] "GET /static/game/css/global-dashboard/layout-nav.css HTTP/1.1" 304 0
[19/May/2026 13:40:36] "GET /static/game/images/icons/tactics-calendar.svg HTTP/1.1" 304 0
[19/May/2026 13:40:36] "GET /static/game/images/icons/tactics-clock.svg HTTP/1.1" 304 0
[19/May/2026 13:40:36] "GET /static/game/images/icons/tactics-stadium-original.png HTTP/1.1" 304 0
[19/May/2026 13:40:36] "GET /static/game/images/icons/captain-armband.png HTTP/1.1" 304 0
[19/May/2026 13:40:36] "GET /static/game/images/backgrounds/player-profile-stadium-atmosphere.svg HTTP/1.1" 304 0
[19/May/2026 13:40:36] "GET /static/game/images/stadiums/germany/b-dortmund.jpg HTTP/1.1" 304 0
[19/May/2026 13:40:36] "GET /static/game/images/stadiums/germany/fc-bayern.jpg HTTP/1.1" 304 0
[19/May/2026 13:40:36] "GET /static/game/images/backgrounds/spielfeld.png HTTP/1.1" 304 0
[19/May/2026 13:40:36] "GET /static/game/images/backgrounds/tactics-bench-bg.png HTTP/1.1" 304 0
[19/May/2026 13:40:36] "GET /static/game/images/backgrounds/tactics-banner-bg.png?v=tactics-banner-vs-20260519 HTTP/1.1" 304 0
[19/May/2026 13:40:36] "GET /static/game/images/backgrounds/tactics-substitutions-bg.png HTTP/1.1" 304 0
[19/May/2026 13:40:36] "GET /static/game/images/backgrounds/tactics-standards-bg.png HTTP/1.1" 304 0
[19/May/2026 13:40:36] "GET /static/game/images/backgrounds/tactics-top-scorers-bg.png HTTP/1.1" 304 0
[19/May/2026 13:40:36] "GET /static/game/images/backgrounds/tactics-manager-duel-bg.png HTTP/1.1" 304 0
C:\Users\mashu\Documents\Codex\Websoccer\Websoccer\game\views.py changed, reloading.
Watching for file changes with StatReloader
[19/May/2026 13:45:19] "GET /clubs/2/tactics/?squad=pro HTTP/1.1" 200 788780
[19/May/2026 13:45:19] "GET /static/game/css/tactics.css HTTP/1.1" 304 0
C:\Users\mashu\Documents\Codex\Websoccer\Websoccer\game\views.py changed, reloading.
Watching for file changes with StatReloader
[19/May/2026 13:47:46] "GET /clubs/2/tactics/?squad=pro HTTP/1.1" 200 788780
[19/May/2026 13:47:46] "GET /static/game/css/tactics.css HTTP/1.1" 304 0
[19/May/2026 13:54:39] "GET /clubs/2/tactics/?squad=pro HTTP/1.1" 200 788780
[19/May/2026 13:54:39] "GET /static/game/css/tactics.css HTTP/1.1" 304 0
[19/May/2026 14:02:49] "GET /clubs/2/tactics/?squad=pro HTTP/1.1" 200 788978
[19/May/2026 14:02:49] "GET /static/game/css/tactics.css HTTP/1.1" 304 0
[19/May/2026 14:02:50] "GET /static/game/images/icons/captain-armband.png?v=yellow-20260519 HTTP/1.1" 200 836206
[19/May/2026 14:08:04] "GET /clubs/2/tactics/?squad=pro HTTP/1.1" 200 788978
[19/May/2026 14:08:04] "GET /static/game/css/tactics.css HTTP/1.1" 200 44687
[19/May/2026 14:08:04] "GET /static/game/images/icons/captain-armband.png?v=yellow-20260519 HTTP/1.1" 304 0
[19/May/2026 14:11:53] "GET /clubs/2/tactics/?squad=pro HTTP/1.1" 200 788978
[19/May/2026 14:11:53] "GET /static/game/css/tactics.css HTTP/1.1" 200 44687
[19/May/2026 14:11:54] "GET /static/game/images/icons/captain-armband.png?v=yellow-20260519 HTTP/1.1" 304 0
[19/May/2026 14:15:50] "GET /clubs/2/tactics/?squad=pro HTTP/1.1" 200 788978
[19/May/2026 14:15:50] "GET /static/game/css/tactics.css HTTP/1.1" 200 45230
[19/May/2026 14:15:50] "GET /static/game/js/tactics.js HTTP/1.1" 200 16325
[19/May/2026 14:15:51] "GET /static/game/images/icons/captain-armband.png?v=yellow-20260519 HTTP/1.1" 304 0
[19/May/2026 20:15:13] "GET /clubs/2/tactics/?squad=pro HTTP/1.1" 200 789016
[19/May/2026 20:15:13] "GET /static/game/css/global-dashboard.css HTTP/1.1" 304 0
[19/May/2026 20:15:13] "GET /static/game/css/global-dashboard/header.css HTTP/1.1" 304 0
[19/May/2026 20:15:13] "GET /static/game/images/flags/771.svg HTTP/1.1" 304 0
[19/May/2026 20:15:13] "GET /static/game/css/tactics.css HTTP/1.1" 200 45315
[19/May/2026 20:15:13] "GET /static/game/images/icons/sidebar/verein.svg HTTP/1.1" 304 0
[19/May/2026 20:15:13] "GET /static/game/images/icons/sidebar/uebersicht.svg HTTP/1.1" 304 0
[19/May/2026 20:15:13] "GET /static/game/css/global-dashboard/layout-nav.css HTTP/1.1" 304 0
[19/May/2026 20:15:13] "GET /static/game/css/global-dashboard/dashboard-cards.css HTTP/1.1" 304 0
[19/May/2026 20:15:13] "GET /static/game/css/global-dashboard/tables-lists.css HTTP/1.1" 304 0
[19/May/2026 20:15:13] "GET /static/game/css/global-dashboard/overview-dashboard.css HTTP/1.1" 304 0
[19/May/2026 20:15:13] "GET /static/game/css/global-dashboard/responsive.css HTTP/1.1" 304 0
[19/May/2026 20:15:13] "GET /static/game/js/tactics.js HTTP/1.1" 304 0
[19/May/2026 20:15:13] "GET /static/game/images/icons/sidebar/kader.svg HTTP/1.1" 304 0
[19/May/2026 20:15:13] "GET /static/game/images/icons/sidebar/taktik.svg HTTP/1.1" 304 0
[19/May/2026 20:15:13] "GET /static/game/images/icons/sidebar/jugend.svg HTTP/1.1" 304 0
[19/May/2026 20:15:13] "GET /static/game/images/icons/sidebar/scouting.svg HTTP/1.1" 304 0
[19/May/2026 20:15:13] "GET /static/game/images/icons/sidebar/transfers.svg HTTP/1.1" 304 0
[19/May/2026 20:15:13] "GET /static/game/images/icons/sidebar/mitarbeiter.svg HTTP/1.1" 304 0
[19/May/2026 20:15:13] "GET /static/game/images/icons/sidebar/wettbewerbe.svg HTTP/1.1" 304 0
[19/May/2026 20:15:13] "GET /static/game/images/icons/tactics-calendar.svg HTTP/1.1" 304 0
[19/May/2026 20:15:13] "GET /static/game/images/icons/tactics-clock.svg HTTP/1.1" 304 0
[19/May/2026 20:15:13] "GET /static/game/images/players/16279486.svg HTTP/1.1" 304 0
[19/May/2026 20:15:13] "GET /static/game/images/players/91137493.svg HTTP/1.1" 304 0
[19/May/2026 20:15:13] "GET /static/game/images/players/91207281.svg HTTP/1.1" 304 0
[19/May/2026 20:15:13] "GET /static/game/images/players/12038706.svg HTTP/1.1" 304 0
[19/May/2026 20:15:13] "GET /static/game/images/players/91119265.svg HTTP/1.1" 304 0
[19/May/2026 20:15:13] "GET /static/game/images/players/92021718.svg HTTP/1.1" 304 0
[19/May/2026 20:15:13] "GET /static/game/images/players/19383257.svg HTTP/1.1" 304 0
[19/May/2026 20:15:13] "GET /static/game/images/players/28127875.svg HTTP/1.1" 304 0
[19/May/2026 20:15:13] "GET /static/game/images/players/91100472.svg HTTP/1.1" 304 0
[19/May/2026 20:15:13] "GET /static/game/images/players/85111795.svg HTTP/1.1" 304 0
[19/May/2026 20:15:13] "GET /static/game/images/players/98040383.svg HTTP/1.1" 304 0
[19/May/2026 20:15:13] "GET /static/game/images/players/91018450.svg HTTP/1.1" 304 0
[19/May/2026 20:15:13] "GET /static/game/images/players/28113827.svg HTTP/1.1" 304 0
[19/May/2026 20:15:13] "GET /static/game/images/players/2000069555.svg HTTP/1.1" 304 0
[19/May/2026 20:15:13] "GET /static/game/images/players/16045721.svg HTTP/1.1" 304 0
[19/May/2026 20:15:13] "GET /static/game/images/players/53113114.svg HTTP/1.1" 304 0
[19/May/2026 20:15:13] "GET /static/game/images/players/83228802.svg HTTP/1.1" 304 0
[19/May/2026 20:15:13] "GET /static/game/images/players/92088306.svg HTTP/1.1" 304 0
[19/May/2026 20:15:13] "GET /static/game/images/players/91139869.svg HTTP/1.1" 304 0
[19/May/2026 20:15:13] "GET /static/game/images/players/93123163.svg HTTP/1.1" 304 0
[19/May/2026 20:15:13] "GET /static/game/images/players/91107360.svg HTTP/1.1" 304 0
[19/May/2026 20:15:13] "GET /static/game/images/icons/captain-armband.png?v=yellow-20260519 HTTP/1.1" 304 0
[19/May/2026 20:15:13] "GET /static/game/images/players/2000147056.svg HTTP/1.1" 304 0
[19/May/2026 20:15:13] "GET /static/game/images/players/76049803.svg HTTP/1.1" 304 0
[19/May/2026 20:15:13] "GET /static/game/images/players/28066083.svg HTTP/1.1" 304 0
[19/May/2026 20:15:13] "GET /static/game/images/players/20041862.svg HTTP/1.1" 304 0
[19/May/2026 20:15:13] "GET /static/game/images/icons/tactics-stadium-3d.png?v=stadium-3d-20260519 HTTP/1.1" 200 1287559
[19/May/2026 20:15:13] "GET /static/game/images/backgrounds/tactics-banner-bg.png?v=tactics-banner-vs-20260519 HTTP/1.1" 304 0
[19/May/2026 20:15:13] "GET /static/game/images/backgrounds/tactics-bench-bg.png HTTP/1.1" 304 0
[19/May/2026 20:15:13] "GET /static/game/images/backgrounds/tactics-standards-bg.png HTTP/1.1" 304 0
[19/May/2026 20:15:13] "GET /static/game/images/backgrounds/tactics-substitutions-bg.png HTTP/1.1" 304 0
[19/May/2026 20:15:13] "GET /static/game/images/backgrounds/tactics-top-scorers-bg.png HTTP/1.1" 304 0
[19/May/2026 20:15:13] "GET /static/game/images/backgrounds/tactics-manager-duel-bg.png HTTP/1.1" 304 0
[19/May/2026 20:23:48] "GET /clubs/2/tactics/?squad=pro HTTP/1.1" 200 789016
[19/May/2026 20:23:48] "GET /static/game/css/tactics.css HTTP/1.1" 200 45540
[19/May/2026 20:23:48] "GET /static/game/images/icons/tactics-stadium-3d.png?v=stadium-3d-20260519 HTTP/1.1" 304 0
[19/May/2026 20:23:49] "GET /static/game/images/icons/suspension-ban.png?v=suspension-20260519 HTTP/1.1" 200 1522872
[19/May/2026 20:30:42] "GET /clubs/2/tactics/?squad=pro HTTP/1.1" 200 789016
[19/May/2026 20:30:42] "GET /static/game/css/tactics.css HTTP/1.1" 200 45853
[19/May/2026 20:30:43] "GET /static/game/images/icons/tactics-stadium-3d.png?v=stadium-3d-20260519 HTTP/1.1" 304 0
[19/May/2026 20:30:43] "GET /static/game/images/icons/suspension-ban.png?v=suspension-20260519 HTTP/1.1" 304 0
[19/May/2026 20:30:43] "GET /static/game/images/icons/injury-cross.png?v=injury-20260519 HTTP/1.1" 200 863164
[19/May/2026 20:35:33] "GET /clubs/2/tactics/?squad=pro HTTP/1.1" 200 789016
[19/May/2026 20:35:33] "GET /static/game/css/tactics.css HTTP/1.1" 304 0
[19/May/2026 20:35:34] "GET /static/game/images/icons/tactics-stadium-3d.png?v=stadium-3d-20260519 HTTP/1.1" 304 0
[19/May/2026 20:35:34] "GET /static/game/images/icons/injury-cross.png?v=injury-20260519 HTTP/1.1" 304 0
[19/May/2026 20:35:34] "GET /static/game/images/icons/suspension-ban.png?v=suspension-20260519 HTTP/1.1" 304 0
C:\Users\mashu\Documents\Codex\Websoccer\Websoccer\game\views.py changed, reloading.
Watching for file changes with StatReloader
[19/May/2026 20:48:40] "GET /clubs/2/tactics/?squad=pro HTTP/1.1" 200 789042
[19/May/2026 20:48:40] "GET /static/game/images/managers/kirschgutzje-test.png HTTP/1.1" 200 398960
[19/May/2026 20:48:40,579] - Broken pipe from ('127.0.0.1', 49185)
[19/May/2026 20:48:41,076] - Broken pipe from ('127.0.0.1', 49184)
[19/May/2026 20:52:47] "GET /clubs/3/tactics/?squad=pro HTTP/1.1" 200 784676
[19/May/2026 20:52:48] "GET /static/game/css/global-dashboard.css HTTP/1.1" 304 0
[19/May/2026 20:52:48] "GET /static/game/css/global-dashboard/header.css HTTP/1.1" 304 0
[19/May/2026 20:52:48] "GET /static/game/images/icons/tactics-calendar.svg HTTP/1.1" 304 0
[19/May/2026 20:52:48] "GET /static/game/images/icons/tactics-clock.svg HTTP/1.1" 304 0
[19/May/2026 20:52:48] "GET /static/game/css/global-dashboard/dashboard-cards.css HTTP/1.1" 304 0
[19/May/2026 20:52:48] "GET /static/game/css/global-dashboard/tables-lists.css HTTP/1.1" 304 0
[19/May/2026 20:52:48] "GET /static/game/css/global-dashboard/layout-nav.css HTTP/1.1" 200 21392
[19/May/2026 20:52:48] "GET /static/game/js/tactics.js HTTP/1.1" 200 16325
[19/May/2026 20:52:48] "GET /static/game/css/tactics.css HTTP/1.1" 200 45944
[19/May/2026 20:52:48] "GET /static/game/css/global-dashboard/overview-dashboard.css HTTP/1.1" 304 0
[19/May/2026 20:52:48] "GET /static/game/css/global-dashboard/responsive.css HTTP/1.1" 304 0
[19/May/2026 20:52:48] "GET /static/game/images/players/76049803.svg HTTP/1.1" 304 0
[19/May/2026 20:52:48] "GET /static/game/images/players/28066083.svg HTTP/1.1" 304 0
[19/May/2026 20:52:48] "GET /static/game/images/players/20041862.svg HTTP/1.1" 304 0
[19/May/2026 20:52:48] "GET /static/game/images/players/91104807.svg HTTP/1.1" 304 0
[19/May/2026 20:52:48] "GET /static/game/images/players/85045409.svg HTTP/1.1" 304 0
[19/May/2026 20:52:48] "GET /static/game/images/players/45109024.svg HTTP/1.1" 304 0
[19/May/2026 20:52:48] "GET /static/game/images/players/89063073.svg HTTP/1.1" 304 0
[19/May/2026 20:52:48] "GET /static/game/images/players/12087972.svg HTTP/1.1" 304 0
[19/May/2026 20:52:48] "GET /static/game/images/players/92039023.svg HTTP/1.1" 304 0
[19/May/2026 20:52:48] "GET /static/game/images/players/16147659.svg HTTP/1.1" 304 0
[19/May/2026 20:52:48] "GET /static/game/images/players/28124579.svg HTTP/1.1" 304 0
[19/May/2026 20:52:48] "GET /static/game/images/players/8718372.svg HTTP/1.1" 304 0
[19/May/2026 20:52:48] "GET /static/game/images/players/29221846.svg HTTP/1.1" 304 0
[19/May/2026 20:52:48] "GET /static/game/images/players/2000171034.svg HTTP/1.1" 304 0
[19/May/2026 20:52:48] "GET /static/game/images/players/91190673.svg HTTP/1.1" 304 0
[19/May/2026 20:52:48] "GET /static/game/images/players/91119700.svg HTTP/1.1" 304 0
[19/May/2026 20:52:48] "GET /static/game/images/players/35008097.svg HTTP/1.1" 304 0
[19/May/2026 20:52:48] "GET /static/game/images/players/16182894.svg HTTP/1.1" 304 0
[19/May/2026 20:52:48] "GET /static/game/images/players/91207698.svg HTTP/1.1" 304 0
[19/May/2026 20:52:48] "GET /static/game/images/players/16279486.svg HTTP/1.1" 304 0
[19/May/2026 20:52:48] "GET /static/game/images/players/91137493.svg HTTP/1.1" 304 0
[19/May/2026 20:52:48] "GET /static/game/images/players/91207281.svg HTTP/1.1" 304 0
[19/May/2026 20:52:48] "GET /static/game/images/backgrounds/tactics-substitutions-bg.png HTTP/1.1" 304 0
[19/May/2026 20:52:48] "GET /static/game/images/managers/kirschgutzje-test.png HTTP/1.1" 200 398960
[19/May/2026 20:52:48] "GET /static/game/images/backgrounds/tactics-banner-bg.png?v=tactics-banner-vs-20260519 HTTP/1.1" 304 0
[19/May/2026 20:52:48] "GET /static/game/images/backgrounds/tactics-standards-bg.png HTTP/1.1" 304 0
[19/May/2026 20:52:48] "GET /static/game/images/backgrounds/tactics-bench-bg.png HTTP/1.1" 304 0
[19/May/2026 20:52:48] "GET /static/game/images/players/2000205927.svg HTTP/1.1" 304 0
[19/May/2026 20:52:48] "GET /static/game/images/backgrounds/tactics-top-scorers-bg.png HTTP/1.1" 304 0
[19/May/2026 20:52:48] "GET /static/game/images/backgrounds/tactics-manager-duel-bg.png HTTP/1.1" 304 0
[19/May/2026 20:52:48] "GET /static/game/images/icons/captain-armband.png?v=yellow-20260519 HTTP/1.1" 200 836206
[19/May/2026 20:52:48] "GET /static/game/images/icons/injury-cross.png?v=injury-20260519 HTTP/1.1" 200 863164
[19/May/2026 20:52:48] "GET /static/game/images/icons/tactics-stadium-3d.png?v=stadium-3d-20260519 HTTP/1.1" 200 1287559
[19/May/2026 20:52:48] "GET /static/game/images/icons/suspension-ban.png?v=suspension-20260519 HTTP/1.1" 200 1522872
[19/May/2026 20:54:08] "GET / HTTP/1.1" 200 48099
[19/May/2026 20:54:08] "GET /static/game/css/global-dashboard.css HTTP/1.1" 200 265
[19/May/2026 20:54:08] "GET /static/game/css/global-dashboard/header.css HTTP/1.1" 200 6360
[19/May/2026 20:54:09] "GET /players/552?awards_page=2 HTTP/1.1" 301 0
[19/May/2026 20:54:09] "GET /players/552?awards_page=2&asset_reload=1778773076 HTTP/1.1" 301 0
[19/May/2026 20:54:09] "GET /players/552 HTTP/1.1" 301 0
[19/May/2026 20:54:09] "GET /players/552/?awards_page=2&asset_reload=1778773076 HTTP/1.1" 200 68563
[19/May/2026 20:54:09] "GET /players/552/ HTTP/1.1" 200 68622
[19/May/2026 20:54:09] "GET /players/552/?awards_page=2 HTTP/1.1" 200 68563
[19/May/2026 20:54:09] "GET / HTTP/1.1" 200 48099
[19/May/2026 20:54:09] "GET /static/game/css/global-dashboard.css HTTP/1.1" 200 265
[19/May/2026 20:54:09] "GET /static/game/css/global-dashboard/header.css HTTP/1.1" 200 6360
[19/May/2026 20:54:09] "GET /players/552?awards_page=2 HTTP/1.1" 301 0
[19/May/2026 20:54:09] "GET /players/552?awards_page=2&asset_reload=1778773076 HTTP/1.1" 301 0
[19/May/2026 20:54:09] "GET /clubs/2/tactics?squad=pro HTTP/1.1" 301 0
[19/May/2026 20:54:09] "GET /players/552 HTTP/1.1" 301 0
[19/May/2026 20:54:09] "GET /players/552/ HTTP/1.1" 200 68622
[19/May/2026 20:54:09] "GET /players/552/?awards_page=2 HTTP/1.1" 200 68563
[19/May/2026 20:54:09] "GET /players/552/?awards_page=2&asset_reload=1778773076 HTTP/1.1" 200 68563
[19/May/2026 20:54:09] "GET /clubs/2/tactics/?squad=pro HTTP/1.1" 200 789042
[19/May/2026 20:54:11] "GET / HTTP/1.1" 200 48099
[19/May/2026 20:54:11] "GET /static/game/css/global-dashboard.css HTTP/1.1" 304 0
[19/May/2026 20:54:11] "GET /static/game/css/global-dashboard/header.css HTTP/1.1" 304 0
[19/May/2026 20:54:11] "GET /static/game/css/global-dashboard/overview-dashboard.css?v=overview-20260518-1 HTTP/1.1" 304 0
[19/May/2026 20:54:11] "GET /static/game/images/managers/kirschgutzje-test.png HTTP/1.1" 200 398960
[19/May/2026 20:54:11] "GET /static/game/images/flags/771.svg HTTP/1.1" 304 0
[19/May/2026 20:54:12] "GET /static/game/images/icons/sidebar/uebersicht.svg HTTP/1.1" 304 0
[19/May/2026 20:54:12] "GET /static/game/css/global-dashboard/overview-dashboard.css HTTP/1.1" 304 0
[19/May/2026 20:54:12] "GET /static/game/css/global-dashboard/dashboard-cards.css HTTP/1.1" 304 0
[19/May/2026 20:54:12] "GET /static/game/css/global-dashboard/tables-lists.css HTTP/1.1" 304 0
[19/May/2026 20:54:12] "GET /static/game/images/icons/sidebar/verein.svg HTTP/1.1" 304 0
[19/May/2026 20:54:12] "GET /static/game/css/global-dashboard/responsive.css HTTP/1.1" 304 0
[19/May/2026 20:54:12] "GET /static/game/css/global-dashboard/layout-nav.css HTTP/1.1" 200 21392
[19/May/2026 20:54:12] "GET /static/game/images/icons/sidebar/taktik.svg HTTP/1.1" 304 0
[19/May/2026 20:54:12] "GET /static/game/images/icons/sidebar/kader.svg HTTP/1.1" 304 0
[19/May/2026 20:54:12] "GET /static/game/images/icons/sidebar/transfers.svg HTTP/1.1" 304 0
[19/May/2026 20:54:12] "GET /static/game/images/icons/sidebar/mitarbeiter.svg HTTP/1.1" 304 0
[19/May/2026 20:54:12] "GET /static/game/images/icons/sidebar/scouting.svg HTTP/1.1" 304 0
[19/May/2026 20:54:12] "GET /static/game/images/icons/sidebar/jugend.svg HTTP/1.1" 304 0
[19/May/2026 20:54:12] "GET /static/game/images/players/29221846.svg HTTP/1.1" 304 0
[19/May/2026 20:54:12] "GET /static/game/images/icons/sidebar/wettbewerbe.svg HTTP/1.1" 304 0
[19/May/2026 20:54:12] "GET /static/game/images/players/28049320.png HTTP/1.1" 304 0
[19/May/2026 20:54:12] "GET /static/game/images/players/92088306.svg HTTP/1.1" 304 0
[19/May/2026 20:54:12] "GET /static/game/images/icons/stat-goals.svg HTTP/1.1" 304 0
[19/May/2026 20:54:12] "GET /static/game/images/players/16279486.svg HTTP/1.1" 304 0
[19/May/2026 20:54:12] "GET /static/game/images/backgrounds/player-profile-stadium-atmosphere.svg HTTP/1.1" 304 0
[19/May/2026 20:54:12] "GET /static/game/images/players/28113827.svg HTTP/1.1" 304 0
[19/May/2026 20:54:12] "GET /static/game/images/backgrounds/overview/overview-navigation.png HTTP/1.1" 304 0
[19/May/2026 20:54:12] "GET /static/game/images/stadiums/germany/b-dortmund.jpg HTTP/1.1" 304 0
[19/May/2026 20:54:12] "GET /static/game/images/stadiums/germany/fc-bayern.jpg HTTP/1.1" 304 0
[19/May/2026 20:54:12] "GET /static/game/images/backgrounds/overview/overview-news.png HTTP/1.1" 304 0
[19/May/2026 20:54:12] "GET /static/game/images/city/915.jpg HTTP/1.1" 304 0
[19/May/2026 20:54:12] "GET /static/game/images/backgrounds/overview/overview-manager.png HTTP/1.1" 304 0
[19/May/2026 20:54:12] "GET /static/game/images/backgrounds/overview/overview-stats.png HTTP/1.1" 304 0
[19/May/2026 20:54:12] "GET /static/game/images/backgrounds/overview/overview-sim-news.png HTTP/1.1" 304 0
[19/May/2026 20:54:12] "GET /static/game/images/backgrounds/overview/overview-transfer.png HTTP/1.1" 304 0
[19/May/2026 20:54:12] "GET /static/game/images/backgrounds/overview/overview-chat.png HTTP/1.1" 304 0
[19/May/2026 20:54:12] "GET /static/game/images/backgrounds/overview/overview-live.png HTTP/1.1" 304 0
[19/May/2026 20:54:12] "GET /static/game/images/backgrounds/overview/overview-table.png HTTP/1.1" 304 0
[19/May/2026 20:54:12] "GET /static/game/images/backgrounds/overview/overview-social.png?v=2 HTTP/1.1" 304 0
[19/May/2026 20:54:12] "GET / HTTP/1.1" 200 48099
[19/May/2026 20:54:12] "GET /static/game/css/global-dashboard.css HTTP/1.1" 200 265
[19/May/2026 20:54:12] "GET /static/game/css/global-dashboard/header.css HTTP/1.1" 200 6360
[19/May/2026 20:54:12] "GET /players/552?awards_page=2&asset_reload=1778773076 HTTP/1.1" 301 0
[19/May/2026 20:54:12] "GET /players/552?awards_page=2 HTTP/1.1" 301 0
[19/May/2026 20:54:12] "GET /players/552 HTTP/1.1" 301 0
[19/May/2026 20:54:12] "GET /clubs/2/tactics?squad=pro HTTP/1.1" 301 0
[19/May/2026 20:54:12] "GET /players/552/?awards_page=2&asset_reload=1778773076 HTTP/1.1" 200 68563
[19/May/2026 20:54:12] "GET /players/552/?awards_page=2 HTTP/1.1" 200 68563
[19/May/2026 20:54:12] "GET /players/552/ HTTP/1.1" 200 68622
[19/May/2026 20:54:13] "GET /clubs/2/tactics/?squad=pro HTTP/1.1" 200 789042
[19/May/2026 20:54:20] "GET /clubs/3/ HTTP/1.1" 200 33271
[19/May/2026 20:54:20] "GET /static/game/css/club-profile.css HTTP/1.1" 304 0
[19/May/2026 20:54:20] "GET /static/game/css/club-profile/cards.css HTTP/1.1" 304 0
[19/May/2026 20:54:20] "GET /static/game/css/club-profile/matches.css HTTP/1.1" 304 0
[19/May/2026 20:54:20] "GET /static/game/css/club-profile/trophies.css HTTP/1.1" 304 0
[19/May/2026 20:54:20] "GET /static/game/css/club-profile/identity.css HTTP/1.1" 304 0
[19/May/2026 20:54:20] "GET /static/game/css/club-profile/compact-panels.css HTTP/1.1" 304 0
[19/May/2026 20:54:20] "GET /static/game/css/club-profile/layout.css HTTP/1.1" 304 0
[19/May/2026 20:54:20] "GET /static/game/css/club-profile/players.css HTTP/1.1" 304 0
[19/May/2026 20:54:20] "GET /static/game/css/club-profile/responsive.css HTTP/1.1" 304 0
[19/May/2026 20:54:20] "GET /static/game/images/flags/769.svg HTTP/1.1" 304 0
[19/May/2026 20:54:20] "GET /static/game/images/flags/765.svg HTTP/1.1" 304 0
[19/May/2026 20:54:20] "GET /static/game/images/players/20041862.svg HTTP/1.1" 304 0
[19/May/2026 20:54:20] "GET /static/game/images/flags/364.svg HTTP/1.1" 304 0
[19/May/2026 20:54:20] "GET /static/game/images/players/91207698.svg HTTP/1.1" 304 0
[19/May/2026 20:54:20] "GET /static/game/images/players/2000259380.svg HTTP/1.1" 304 0
[19/May/2026 20:54:20] "GET /static/game/images/players/2000375662.svg HTTP/1.1" 304 0
[19/May/2026 20:54:20] "GET /static/game/images/players/2000147056.svg HTTP/1.1" 304 0
[19/May/2026 20:54:20] "GET /static/game/images/default_player.svg HTTP/1.1" 304 0
[19/May/2026 20:54:20] "GET /static/game/images/kits/915_home.svg HTTP/1.1" 304 0
[19/May/2026 20:54:20] "GET /static/game/images/kits/915_away.svg HTTP/1.1" 304 0
[19/May/2026 20:54:20] "GET /static/game/images/flags/41.svg HTTP/1.1" 304 0
[19/May/2026 20:54:20] "GET /static/game/images/backgrounds/club-profile-room-background.png HTTP/1.1" 304 0
[19/May/2026 20:54:20] "GET /static/game/js/club-profile.js HTTP/1.1" 304 0
[19/May/2026 20:54:20] "GET /static/game/images/kits/915_third.svg HTTP/1.1" 304 0
[19/May/2026 20:54:20] "GET /static/game/images/backgrounds/club-pro-highlights-profile.png HTTP/1.1" 304 0
[19/May/2026 20:54:20] "GET /static/game/images/backgrounds/club-kits-profile.png HTTP/1.1" 304 0
[19/May/2026 20:54:20] "GET /static/game/images/backgrounds/club-table-profile.png HTTP/1.1" 304 0
[19/May/2026 20:54:20] "GET /static/game/images/backgrounds/club-youth-highlights-profile.png HTTP/1.1" 304 0
[19/May/2026 20:54:20] "GET /static/game/images/backgrounds/trophy-cabinet-club-profile.png HTTP/1.1" 304 0
[19/May/2026 20:54:20] "GET /static/game/images/backgrounds/club-partner-profile.png HTTP/1.1" 304 0
[19/May/2026 20:54:20] "GET /static/game/images/backgrounds/club-news-profile.png HTTP/1.1" 304 0
[19/May/2026 20:54:27] "GET /clubs/3/tactics/?squad=pro HTTP/1.1" 200 784676
[19/May/2026 20:54:27] "GET /static/game/images/icons/tactics-calendar.svg HTTP/1.1" 304 0
[19/May/2026 20:54:27] "GET /static/game/css/tactics.css HTTP/1.1" 200 45944
[19/May/2026 20:54:27] "GET /static/game/js/tactics.js HTTP/1.1" 200 16325
[19/May/2026 20:54:27] "GET /static/game/images/icons/tactics-clock.svg HTTP/1.1" 304 0
[19/May/2026 20:54:27] "GET /static/game/images/players/76049803.svg HTTP/1.1" 304 0
[19/May/2026 20:54:27] "GET /static/game/images/players/28066083.svg HTTP/1.1" 304 0
[19/May/2026 20:54:27] "GET /static/game/images/players/91104807.svg HTTP/1.1" 304 0
[19/May/2026 20:54:27] "GET /static/game/images/players/85045409.svg HTTP/1.1" 304 0
[19/May/2026 20:54:27] "GET /static/game/images/players/45109024.svg HTTP/1.1" 304 0
[19/May/2026 20:54:27] "GET /static/game/images/icons/tactics-stadium-3d.png?v=stadium-3d-20260519 HTTP/1.1" 200 1287559
[19/May/2026 20:54:27] "GET /static/game/images/players/12087972.svg HTTP/1.1" 304 0
[19/May/2026 20:54:27] "GET /static/game/images/players/89063073.svg HTTP/1.1" 304 0
[19/May/2026 20:54:27] "GET /static/game/images/players/16147659.svg HTTP/1.1" 304 0
[19/May/2026 20:54:27] "GET /static/game/images/players/28124579.svg HTTP/1.1" 304 0
[19/May/2026 20:54:27] "GET /static/game/images/players/92039023.svg HTTP/1.1" 304 0
[19/May/2026 20:54:27] "GET /static/game/images/players/8718372.svg HTTP/1.1" 304 0
[19/May/2026 20:54:27] "GET /static/game/images/players/91119700.svg HTTP/1.1" 304 0
[19/May/2026 20:54:27] "GET /static/game/images/players/35008097.svg HTTP/1.1" 304 0
[19/May/2026 20:54:27] "GET /static/game/images/players/2000171034.svg HTTP/1.1" 304 0
[19/May/2026 20:54:27] "GET /static/game/images/players/16182894.svg HTTP/1.1" 304 0
[19/May/2026 20:54:27] "GET /static/game/images/players/91190673.svg HTTP/1.1" 304 0
[19/May/2026 20:54:27] "GET /static/game/images/players/91137493.svg HTTP/1.1" 304 0
[19/May/2026 20:54:27] "GET /static/game/images/players/2000205927.svg HTTP/1.1" 304 0
[19/May/2026 20:54:27] "GET /static/game/images/players/91207281.svg HTTP/1.1" 304 0
[19/May/2026 20:54:27] "GET /static/game/images/backgrounds/spielfeld.png HTTP/1.1" 304 0
[19/May/2026 20:54:27] "GET /static/game/images/icons/captain-armband.png?v=yellow-20260519 HTTP/1.1" 200 836206
[19/May/2026 20:54:27] "GET /static/game/images/backgrounds/tactics-substitutions-bg.png HTTP/1.1" 200 1359257
[19/May/2026 20:54:27] "GET /static/game/images/backgrounds/tactics-bench-bg.png HTTP/1.1" 200 1524804
[19/May/2026 20:54:27] "GET /static/game/images/backgrounds/tactics-standards-bg.png HTTP/1.1" 200 1414781
[19/May/2026 20:54:27] "GET /static/game/images/backgrounds/tactics-banner-bg.png?v=tactics-banner-vs-20260519 HTTP/1.1" 200 1818886
[19/May/2026 20:54:27] "GET /static/game/images/backgrounds/tactics-top-scorers-bg.png HTTP/1.1" 200 1558813
[19/May/2026 20:54:27] "GET /static/game/images/icons/injury-cross.png?v=injury-20260519 HTTP/1.1" 200 863164
[19/May/2026 20:54:27] "GET /static/game/images/icons/suspension-ban.png?v=suspension-20260519 HTTP/1.1" 200 1522872
[19/May/2026 20:54:27] "GET /static/game/images/backgrounds/tactics-manager-duel-bg.png HTTP/1.1" 200 1501724
[19/May/2026 20:59:37] "GET /clubs/3/ HTTP/1.1" 200 33271
[19/May/2026 20:59:37] "GET /static/game/images/managers/kirschgutzje-test.png HTTP/1.1" 304 0
[19/May/2026 20:59:37] "GET /static/game/css/club-profile.css HTTP/1.1" 200 353
[19/May/2026 20:59:37] "GET /static/game/css/global-dashboard/layout-nav.css HTTP/1.1" 304 0
[19/May/2026 20:59:37] "GET /static/game/images/trophies/1001959.png HTTP/1.1" 200 49816
[19/May/2026 20:59:37] "GET /static/game/images/trophies/1301410.png HTTP/1.1" 200 78266
[19/May/2026 20:59:37] "GET /static/game/images/trophies/1301394.png HTTP/1.1" 200 88300
[19/May/2026 20:59:37] "GET /static/game/images/trophies/1301397.png HTTP/1.1" 200 72537
[19/May/2026 20:59:37] "GET /static/game/css/club-profile/layout.css HTTP/1.1" 200 5092
[19/May/2026 20:59:37] "GET /static/game/css/club-profile/cards.css HTTP/1.1" 200 255
[19/May/2026 20:59:37] "GET /static/game/css/club-profile/matches.css HTTP/1.1" 200 4577
[19/May/2026 20:59:37] "GET /static/game/images/trophies/22.png HTTP/1.1" 200 157699
[19/May/2026 20:59:37] "GET /static/game/css/club-profile/identity.css HTTP/1.1" 200 4484
[19/May/2026 20:59:37] "GET /static/game/css/club-profile/trophies.css HTTP/1.1" 200 3202
[19/May/2026 20:59:37] "GET /static/game/css/club-profile/compact-panels.css HTTP/1.1" 200 8506
[19/May/2026 20:59:37] "GET /static/game/css/club-profile/responsive.css HTTP/1.1" 200 1819
[19/May/2026 20:59:37] "GET /static/game/css/club-profile/players.css HTTP/1.1" 200 4435
[19/May/2026 20:59:37] "GET /static/game/images/flags/765.svg HTTP/1.1" 200 1803
[19/May/2026 20:59:37] "GET /static/game/images/flags/769.svg HTTP/1.1" 200 1671
[19/May/2026 20:59:37] "GET /static/game/images/flags/364.svg HTTP/1.1" 200 4043
[19/May/2026 20:59:37] "GET /static/game/images/players/2000259380.svg HTTP/1.1" 200 38515
[19/May/2026 20:59:37] "GET /static/game/images/players/2000375662.svg HTTP/1.1" 200 38755
[19/May/2026 20:59:37] "GET /static/game/images/players/2000147056.svg HTTP/1.1" 200 39219
[19/May/2026 20:59:37] "GET /static/game/images/trophies/100.png HTTP/1.1" 200 74206
[19/May/2026 20:59:37] "GET /static/game/images/default_player.svg HTTP/1.1" 200 987
[19/May/2026 20:59:37] "GET /static/game/images/icons/stat-goals.svg HTTP/1.1" 200 1058
[19/May/2026 20:59:37] "GET /static/game/images/flags/41.svg HTTP/1.1" 200 2650
[19/May/2026 20:59:37] "GET /static/game/images/city/915.jpg HTTP/1.1" 200 55646
[19/May/2026 20:59:37] "GET /static/game/images/kits/915_third.svg HTTP/1.1" 200 45018
[19/May/2026 20:59:37] "GET /static/game/images/kits/915_home.svg HTTP/1.1" 200 83617
[19/May/2026 20:59:37] "GET /static/game/images/kits/915_away.svg HTTP/1.1" 200 103085
[19/May/2026 20:59:37] "GET /static/game/images/backgrounds/club-table-profile.png HTTP/1.1" 200 1373315
[19/May/2026 20:59:37] "GET /static/game/images/backgrounds/club-pro-highlights-profile.png HTTP/1.1" 200 1500375
[19/May/2026 20:59:37] "GET /static/game/images/backgrounds/club-youth-highlights-profile.png HTTP/1.1" 200 1528272
[19/May/2026 20:59:37] "GET /static/game/images/backgrounds/club-kits-profile.png HTTP/1.1" 200 1660099
[19/May/2026 20:59:37] "GET /static/game/images/backgrounds/club-profile-room-background.png HTTP/1.1" 200 1576094
[19/May/2026 20:59:37] "GET /static/game/images/backgrounds/trophy-cabinet-club-profile.png HTTP/1.1" 200 1806599
[19/May/2026 20:59:37] "GET /static/game/js/club-profile.js HTTP/1.1" 200 1614
[19/May/2026 20:59:37] "GET /static/game/images/backgrounds/club-news-profile.png HTTP/1.1" 200 1263036
[19/May/2026 20:59:37] "GET /static/game/images/backgrounds/club-partner-profile.png HTTP/1.1" 200 1751161
[19/May/2026 20:59:55] "GET /clubs/3/tactics/?squad=pro HTTP/1.1" 200 784893
[19/May/2026 20:59:55] "GET /static/game/css/tactics.css HTTP/1.1" 200 46201
[19/May/2026 20:59:55] "GET /static/game/images/managers/kirschgutzje-test.png HTTP/1.1" 304 0
[19/May/2026 20:59:55] "GET /static/game/images/icons/tactics-stadium-3d.png?v=stadium-3d-20260519 HTTP/1.1" 304 0
[19/May/2026 20:59:55] "GET /static/game/css/global-dashboard/layout-nav.css HTTP/1.1" 304 0
[19/May/2026 20:59:55] "GET /static/game/images/icons/injury-cross.png?v=injury-20260519 HTTP/1.1" 304 0
[19/May/2026 20:59:55] "GET /static/game/images/icons/suspension-ban.png?v=suspension-20260519 HTTP/1.1" 304 0
[19/May/2026 20:59:56] "GET / HTTP/1.1" 200 48099
[19/May/2026 20:59:56] "GET /static/game/css/global-dashboard.css HTTP/1.1" 200 265
[19/May/2026 20:59:56] "GET /static/game/css/global-dashboard/header.css HTTP/1.1" 200 6360
[19/May/2026 20:59:56] "GET /clubs/2/tactics?squad=pro HTTP/1.1" 301 0
[19/May/2026 20:59:56] "GET /players/552?awards_page=2 HTTP/1.1" 301 0
[19/May/2026 20:59:56] "GET /players/552 HTTP/1.1" 301 0
[19/May/2026 20:59:56] "GET /players/552?awards_page=2&asset_reload=1778773076 HTTP/1.1" 301 0
[19/May/2026 20:59:56] "GET /players/552/?awards_page=2 HTTP/1.1" 200 68563
[19/May/2026 20:59:57] "GET /players/552/?awards_page=2&asset_reload=1778773076 HTTP/1.1" 200 68563
[19/May/2026 20:59:57] "GET /players/552/ HTTP/1.1" 200 68622
[19/May/2026 20:59:57] "GET /clubs/2/tactics/?squad=pro HTTP/1.1" 200 789259
[19/May/2026 20:59:58] "GET / HTTP/1.1" 200 48099
[19/May/2026 20:59:58] "GET / HTTP/1.1" 200 48099
[19/May/2026 20:59:58] "GET /static/game/css/global-dashboard.css HTTP/1.1" 200 265
[19/May/2026 20:59:58] "GET /static/game/css/global-dashboard/header.css HTTP/1.1" 200 6360
[19/May/2026 20:59:58] "GET /players/552?awards_page=2 HTTP/1.1" 301 0
[19/May/2026 20:59:58] "GET /players/552 HTTP/1.1" 301 0
[19/May/2026 20:59:58] "GET /players/552?awards_page=2&asset_reload=1778773076 HTTP/1.1" 301 0
[19/May/2026 20:59:58] "GET /clubs/2/tactics?squad=pro HTTP/1.1" 301 0
[19/May/2026 20:59:58] "GET /players/552/?awards_page=2&asset_reload=1778773076 HTTP/1.1" 200 68563
[19/May/2026 20:59:58] "GET /players/552/?awards_page=2 HTTP/1.1" 200 68563
[19/May/2026 20:59:58] "GET /players/552/ HTTP/1.1" 200 68622
[19/May/2026 20:59:58] "GET /clubs/2/tactics/?squad=pro HTTP/1.1" 200 789259
[19/May/2026 21:00:00] "GET /clubs/3/ HTTP/1.1" 200 33271
[19/May/2026 21:01:24] "GET / HTTP/1.1" 200 48099
[19/May/2026 21:01:24] "GET /static/game/images/managers/kirschgutzje-test.png HTTP/1.1" 304 0
[19/May/2026 21:01:24] "GET /static/game/css/global-dashboard/overview-dashboard.css?v=overview-20260518-1 HTTP/1.1" 200 31330
[19/May/2026 21:01:24] "GET /static/game/images/players/92088306.svg HTTP/1.1" 200 35485
[19/May/2026 21:01:24] "GET /static/game/images/players/28113827.svg HTTP/1.1" 200 40857
[19/May/2026 21:01:24] "GET /static/game/css/global-dashboard/layout-nav.css HTTP/1.1" 304 0
[19/May/2026 21:01:24] "GET /static/game/images/backgrounds/overview/overview-navigation.png HTTP/1.1" 200 1282276
[19/May/2026 21:01:24] "GET /static/game/images/backgrounds/overview/overview-chat.png HTTP/1.1" 200 1298364
[19/May/2026 21:01:24] "GET /static/game/images/backgrounds/overview/overview-transfer.png HTTP/1.1" 200 1276956
[19/May/2026 21:01:24] "GET /static/game/images/backgrounds/overview/overview-table.png HTTP/1.1" 200 1373315
[19/May/2026 21:01:24] "GET /static/game/images/backgrounds/overview/overview-news.png HTTP/1.1" 200 1539822
[19/May/2026 21:01:24] "GET /static/game/images/backgrounds/overview/overview-manager.png HTTP/1.1" 200 1781080
[19/May/2026 21:01:24] "GET /static/game/images/backgrounds/overview/overview-sim-news.png HTTP/1.1" 200 1370347
[19/May/2026 21:01:24] "GET /static/game/images/backgrounds/overview/overview-live.png HTTP/1.1" 200 1377367
[19/May/2026 21:01:24] "GET /static/game/images/backgrounds/overview/overview-stats.png HTTP/1.1" 200 1422550
[19/May/2026 21:01:24] "GET /static/game/images/backgrounds/overview/overview-social.png?v=2 HTTP/1.1" 200 1515374
[19/May/2026 21:01:29] "GET /clubs/3/ HTTP/1.1" 200 33271
[19/May/2026 21:01:31] "GET /players/552/ HTTP/1.1" 200 68622
[19/May/2026 21:01:31] "GET /static/game/images/flags/789.svg HTTP/1.1" 200 1647
[19/May/2026 21:01:31] "GET /static/game/images/icons/stat-assists.svg HTTP/1.1" 200 1179
[19/May/2026 21:01:31] "GET /static/game/css/player-profile.css HTTP/1.1" 200 42328
[19/May/2026 21:01:31] "GET /static/game/css/trophy-cabinet.css HTTP/1.1" 200 12971
[19/May/2026 21:01:31] "GET /static/game/images/nations/federations/765.png HTTP/1.1" 200 95781
[19/May/2026 21:01:31] "GET /static/game/images/competitions/champions-league.png HTTP/1.1" 200 93326
[19/May/2026 21:01:31] "GET /static/game/images/icons/suspension-cards.svg HTTP/1.1" 200 1334
[19/May/2026 21:01:31] "GET /static/game/images/icons/trophy-total.png HTTP/1.1" 200 5402
[19/May/2026 21:01:31] "GET /static/game/images/icons/trophy-heading.png HTTP/1.1" 200 9060
[19/May/2026 21:01:31] "GET /static/game/images/competitions/supercup.png HTTP/1.1" 200 27978
[19/May/2026 21:01:31] "GET /static/game/images/competitions/dfb-pokal.png HTTP/1.1" 200 26479
[19/May/2026 21:01:31] "GET /static/game/images/icons/player-ui-icons.svg HTTP/1.1" 200 4970
[19/May/2026 21:01:31] "GET /static/game/images/trophies/1301397.png?v=1767377822 HTTP/1.1" 200 72537
[19/May/2026 21:01:31] "GET /static/game/images/trophies/1301410.png?v=1767377822 HTTP/1.1" 200 78266
[19/May/2026 21:01:31] "GET /static/game/images/trophies/podium-trophy.png HTTP/1.1" 200 748570
[19/May/2026 21:01:31] "GET /static/game/images/trophies/1301394.png?v=1767377828 HTTP/1.1" 200 88300
[19/May/2026 21:01:31] "GET /static/game/images/trophies/22.png?v=1767377822 HTTP/1.1" 200 157699
[19/May/2026 21:01:31] "GET /static/game/images/backgrounds/injury-card-bg.svg HTTP/1.1" 200 1958
[19/May/2026 21:01:31] "GET /static/game/images/backgrounds/trophy-stage.png HTTP/1.1" 200 1946438
Not Found: /clubs/1/
[19/May/2026 21:04:14] "GET /clubs/1/ HTTP/1.1" 404 3149
Not Found: /clubs/915/
[19/May/2026 21:04:38] "GET /clubs/915/ HTTP/1.1" 404 3155
[19/May/2026 21:04:55] "GET /clubs/3/tactics/?squad=pro HTTP/1.1" 200 784893
[19/May/2026 21:04:55] "GET /static/game/images/managers/kirschgutzje-test.png HTTP/1.1" 304 0
[19/May/2026 21:04:55] "GET /static/game/css/tactics.css HTTP/1.1" 200 46210
[19/May/2026 21:04:55] "GET /static/game/css/global-dashboard/layout-nav.css HTTP/1.1" 304 0
[19/May/2026 21:04:55] "GET /static/game/images/icons/tactics-stadium-3d.png?v=stadium-3d-20260519 HTTP/1.1" 304 0
[19/May/2026 21:04:56] "GET /static/game/images/icons/injury-cross.png?v=injury-20260519 HTTP/1.1" 304 0
[19/May/2026 21:04:56] "GET /static/game/images/icons/suspension-ban.png?v=suspension-20260519 HTTP/1.1" 304 0
[19/May/2026 21:05:03] "GET /clubs/3/ HTTP/1.1" 200 33271
[19/May/2026 21:05:03] "GET /static/game/css/club-profile.css HTTP/1.1" 200 353
[19/May/2026 21:05:03] "GET /static/game/images/managers/kirschgutzje-test.png HTTP/1.1" 200 398960
[19/May/2026 21:05:03] "GET /static/game/css/club-profile/cards.css HTTP/1.1" 200 255
[19/May/2026 21:05:03] "GET /static/game/css/club-profile/layout.css HTTP/1.1" 200 5028
[19/May/2026 21:05:03] "GET /static/game/css/club-profile/identity.css HTTP/1.1" 200 4484
[19/May/2026 21:05:03] "GET /static/game/css/club-profile/matches.css HTTP/1.1" 200 4577
[19/May/2026 21:05:03] "GET /static/game/css/club-profile/trophies.css HTTP/1.1" 200 3202
[19/May/2026 21:05:03] "GET /static/game/css/club-profile/responsive.css HTTP/1.1" 200 1819
[19/May/2026 21:05:03] "GET /static/game/css/club-profile/players.css HTTP/1.1" 200 4435
[19/May/2026 21:05:03] "GET /static/game/css/club-profile/compact-panels.css HTTP/1.1" 200 8506
[19/May/2026 21:05:03] "GET /static/game/images/flags/769.svg HTTP/1.1" 304 0
[19/May/2026 21:05:03] "GET /static/game/images/players/29221846.svg HTTP/1.1" 304 0
[19/May/2026 21:05:03] "GET /static/game/images/players/28049320.png HTTP/1.1" 304 0
[19/May/2026 21:05:03] "GET /static/game/images/backgrounds/club-news-profile.png HTTP/1.1" 200 1263036
[19/May/2026 21:05:03] "GET /static/game/images/backgrounds/club-pro-highlights-profile.png HTTP/1.1" 200 1500375
[19/May/2026 21:05:03] "GET /static/game/images/backgrounds/trophy-cabinet-club-profile.png HTTP/1.1" 200 1806599
[19/May/2026 21:05:03] "GET /static/game/images/backgrounds/club-youth-highlights-profile.png HTTP/1.1" 200 1528272
[19/May/2026 21:05:03] "GET /static/game/images/backgrounds/club-partner-profile.png HTTP/1.1" 200 1751161
[19/May/2026 21:05:03] "GET /static/game/images/backgrounds/club-profile-room-background.png HTTP/1.1" 200 1576094
[19/May/2026 21:05:03] "GET /static/game/images/players/2000259380.svg HTTP/1.1" 304 0
[19/May/2026 21:05:03] "GET /static/game/images/default_player.svg HTTP/1.1" 304 0
[19/May/2026 21:05:03] "GET /static/game/images/flags/41.svg HTTP/1.1" 304 0
[19/May/2026 21:05:03] "GET /static/game/images/players/91207698.svg HTTP/1.1" 304 0
[19/May/2026 21:05:03] "GET /static/game/images/icons/stat-goals.svg HTTP/1.1" 304 0
[19/May/2026 21:05:03] "GET /static/game/images/city/915.jpg HTTP/1.1" 304 0
[19/May/2026 21:05:03] "GET /static/game/images/players/2000375662.svg HTTP/1.1" 304 0
[19/May/2026 21:05:03] "GET /static/game/images/kits/915_away.svg HTTP/1.1" 304 0
[19/May/2026 21:05:03] "GET /static/game/images/flags/364.svg HTTP/1.1" 304 0
[19/May/2026 21:05:03] "GET /static/game/images/kits/915_third.svg HTTP/1.1" 304 0
[19/May/2026 21:05:03] "GET /static/game/images/kits/915_home.svg HTTP/1.1" 304 0
[19/May/2026 21:05:03] "GET /static/game/images/backgrounds/club-kits-profile.png HTTP/1.1" 200 1660099
[19/May/2026 21:05:03] "GET /static/game/js/club-profile.js HTTP/1.1" 200 1614
[19/May/2026 21:05:03] "GET /static/game/images/backgrounds/club-table-profile.png HTTP/1.1" 200 1373315
[19/May/2026 21:05:38] "GET /clubs/3/ HTTP/1.1" 200 33271
[19/May/2026 21:05:39] "GET /static/game/css/club-profile/layout.css HTTP/1.1" 304 0
[19/May/2026 21:06:06] "GET /clubs/3/ HTTP/1.1" 200 33271
[19/May/2026 21:06:06] "GET /static/game/css/club-profile/layout.css HTTP/1.1" 304 0
[19/May/2026 21:06:34] "GET /clubs/3/ HTTP/1.1" 200 33271
[19/May/2026 21:06:34] "GET /static/game/css/club-profile/layout.css HTTP/1.1" 304 0
[19/May/2026 21:06:56] "GET /clubs/3/ HTTP/1.1" 200 33271
[19/May/2026 21:06:56] "GET /static/game/css/club-profile/layout.css HTTP/1.1" 304 0
[19/May/2026 21:07:04] "GET /clubs/3/ HTTP/1.1" 200 33271
[19/May/2026 21:07:13] "GET /clubs/3/ HTTP/1.1" 200 33271
[19/May/2026 21:07:21] "GET /clubs/3/ HTTP/1.1" 200 33271
[19/May/2026 21:07:21] "GET /static/game/images/managers/kirschgutzje-test.png HTTP/1.1" 304 0
[19/May/2026 21:07:22] "GET /static/game/css/club-profile/layout.css HTTP/1.1" 304 0
[19/May/2026 21:16:43] "GET /clubs/3/tactics/?squad=pro HTTP/1.1" 200 784904
[19/May/2026 21:16:43] "GET /static/game/images/backgrounds/tactics-banner-stadium-bg.png?v=tactics-stadium-hero-20260519 HTTP/1.1" 200 1193052
[19/May/2026 21:16:43,748] - Broken pipe from ('127.0.0.1', 56003)
[19/May/2026 21:17:27] "GET /clubs/3/tactics/?squad=pro HTTP/1.1" 200 784904
[19/May/2026 21:17:27] "GET /static/game/css/tactics.css HTTP/1.1" 200 46221
[19/May/2026 21:17:27] "GET /static/game/images/managers/kirschgutzje-test.png HTTP/1.1" 304 0
[19/May/2026 21:17:27] "GET /static/game/css/global-dashboard/layout-nav.css HTTP/1.1" 304 0
[19/May/2026 21:17:27] "GET /static/game/images/icons/tactics-stadium-3d.png?v=stadium-3d-20260519 HTTP/1.1" 304 0
[19/May/2026 21:17:27] "GET /static/game/images/backgrounds/tactics-banner-stadium-bg.png?v=tactics-stadium-hero-20260519 HTTP/1.1" 200 1193052
[19/May/2026 21:17:27] "GET /static/game/images/icons/injury-cross.png?v=injury-20260519 HTTP/1.1" 304 0
[19/May/2026 21:17:27] "GET /static/game/images/icons/suspension-ban.png?v=suspension-20260519 HTTP/1.1" 304 0
[19/May/2026 21:26:27] "GET / HTTP/1.1" 200 48099
[19/May/2026 21:26:27] "GET /static/game/images/managers/kirschgutzje-test.png HTTP/1.1" 304 0
[19/May/2026 21:26:27] "GET /static/game/css/global-dashboard/layout-nav.css HTTP/1.1" 304 0
[19/May/2026 21:26:29] "GET /clubs/3/ HTTP/1.1" 200 33271
[19/May/2026 21:26:32] "GET /clubs/3/ HTTP/1.1" 200 33271
[19/May/2026 21:26:39] "GET /clubs/3/ HTTP/1.1" 200 33271
[19/May/2026 21:26:40] "GET /clubs/3/ HTTP/1.1" 200 33271
[19/May/2026 21:26:41] "GET /clubs/3/ HTTP/1.1" 200 33271
[19/May/2026 21:26:42] "GET /clubs/3/tactics/?squad=pro HTTP/1.1" 200 784904
[19/May/2026 21:26:42] "GET /static/game/images/icons/tactics-stadium-3d.png?v=stadium-3d-20260519 HTTP/1.1" 304 0
[19/May/2026 21:26:42] "GET /static/game/css/tactics.css HTTP/1.1" 200 46221
[19/May/2026 21:26:42] "GET /static/game/images/backgrounds/tactics-banner-stadium-bg.png?v=tactics-stadium-hero-20260519 HTTP/1.1" 200 1193052
[19/May/2026 21:26:42] "GET /static/game/images/icons/injury-cross.png?v=injury-20260519 HTTP/1.1" 304 0
[19/May/2026 21:26:42] "GET /static/game/images/icons/suspension-ban.png?v=suspension-20260519 HTTP/1.1" 304 0
[19/May/2026 21:26:42] "GET /static/game/images/backgrounds/tactics-substitutions-bg.png HTTP/1.1" 200 1359257
[19/May/2026 21:26:44] "GET /clubs/3/ HTTP/1.1" 200 33271
[19/May/2026 21:27:11] "GET /clubs/3/ HTTP/1.1" 200 33271
[19/May/2026 21:27:13] "GET /clubs/3/tactics/?squad=pro HTTP/1.1" 200 784904
[19/May/2026 21:27:36] "GET /clubs/3/ HTTP/1.1" 200 33271
[19/May/2026 21:28:29] "GET /clubs/3/ HTTP/1.1" 200 33271
[19/May/2026 21:29:00] "GET /clubs/3/ HTTP/1.1" 200 33271
[19/May/2026 21:29:00] "GET /static/game/css/global-dashboard.css HTTP/1.1" 200 265
[19/May/2026 21:29:00] "GET /static/game/css/global-dashboard/header.css HTTP/1.1" 200 6360
[19/May/2026 21:29:00] "GET /static/game/css/club-profile.css HTTP/1.1" 200 353
[19/May/2026 21:29:00] "GET /static/game/images/icons/sidebar/verein.svg HTTP/1.1" 200 386
[19/May/2026 21:29:00] "GET /static/game/images/icons/sidebar/kader.svg HTTP/1.1" 200 615
[19/May/2026 21:29:00] "GET /static/game/images/icons/sidebar/taktik.svg HTTP/1.1" 200 530
[19/May/2026 21:29:00] "GET /static/game/images/flags/771.svg HTTP/1.1" 200 1599
[19/May/2026 21:29:00] "GET /static/game/images/icons/sidebar/uebersicht.svg HTTP/1.1" 200 360
[19/May/2026 21:29:00] "GET /static/game/css/global-dashboard/dashboard-cards.css HTTP/1.1" 200 12891
[19/May/2026 21:29:00] "GET /static/game/css/global-dashboard/layout-nav.css HTTP/1.1" 200 21392
[19/May/2026 21:29:00] "GET /static/game/css/global-dashboard/responsive.css HTTP/1.1" 200 5122
[19/May/2026 21:29:00] "GET /static/game/css/global-dashboard/overview-dashboard.css HTTP/1.1" 200 31330
[19/May/2026 21:29:00] "GET /static/game/css/global-dashboard/tables-lists.css HTTP/1.1" 200 9923
[19/May/2026 21:29:00] "GET /static/game/css/club-profile/cards.css HTTP/1.1" 200 255
[19/May/2026 21:29:00] "GET /static/game/css/club-profile/layout.css HTTP/1.1" 200 5028
[19/May/2026 21:29:00] "GET /static/game/css/club-profile/identity.css HTTP/1.1" 200 4484
[19/May/2026 21:29:00] "GET /static/game/css/club-profile/matches.css HTTP/1.1" 200 4577
[19/May/2026 21:29:00] "GET /static/game/css/club-profile/trophies.css HTTP/1.1" 200 3202
[19/May/2026 21:29:00] "GET /static/game/css/club-profile/compact-panels.css HTTP/1.1" 200 8506
[19/May/2026 21:29:00] "GET /static/game/css/club-profile/responsive.css HTTP/1.1" 200 1842
[19/May/2026 21:29:00] "GET /static/game/css/club-profile/players.css HTTP/1.1" 200 4435
[19/May/2026 21:29:00] "GET /static/game/images/icons/sidebar/transfers.svg HTTP/1.1" 200 497
[19/May/2026 21:29:00] "GET /static/game/images/managers/kirschgutzje-test.png HTTP/1.1" 200 398960
[19/May/2026 21:29:00] "GET /static/game/images/icons/sidebar/jugend.svg HTTP/1.1" 200 392
[19/May/2026 21:29:00] "GET /static/game/images/icons/sidebar/scouting.svg HTTP/1.1" 200 423
[19/May/2026 21:29:00] "GET /static/game/images/icons/sidebar/mitarbeiter.svg HTTP/1.1" 200 522
[19/May/2026 21:29:00] "GET /static/game/images/icons/sidebar/wettbewerbe.svg HTTP/1.1" 200 432
[19/May/2026 21:29:00] "GET /static/game/images/competitions/bundesliga.png HTTP/1.1" 200 22675
[19/May/2026 21:29:00] "GET /static/game/images/crests/907.png HTTP/1.1" 200 34735
[19/May/2026 21:29:00] "GET /static/game/images/crests/915.png HTTP/1.1" 200 148470
[19/May/2026 21:29:00] "GET /static/game/images/trophies/1301410.png HTTP/1.1" 200 78266
[19/May/2026 21:29:00] "GET /static/game/images/trophies/22.png HTTP/1.1" 200 157699
[19/May/2026 21:29:00] "GET /static/game/images/trophies/1301394.png HTTP/1.1" 200 88300
[19/May/2026 21:29:00] "GET /static/game/images/trophies/1301397.png HTTP/1.1" 200 72537
[19/May/2026 21:29:00] "GET /static/game/images/backgrounds/player-profile-stadium-atmosphere.svg HTTP/1.1" 200 5840
[19/May/2026 21:29:00] "GET /static/game/images/icons/stat-goals.svg HTTP/1.1" 200 1058
[19/May/2026 21:29:00] "GET /static/game/images/players/2000147056.svg HTTP/1.1" 200 39219
[19/May/2026 21:29:00] "GET /static/game/images/players/2000259380.svg HTTP/1.1" 200 38515
[19/May/2026 21:29:00] "GET /static/game/images/flags/364.svg HTTP/1.1" 200 4043
[19/May/2026 21:29:00] "GET /static/game/images/flags/769.svg HTTP/1.1" 200 1671
[19/May/2026 21:29:00] "GET /static/game/images/stadiums/germany/b-dortmund.jpg HTTP/1.1" 200 149529
[19/May/2026 21:29:00] "GET /static/game/images/kits/915_third.svg HTTP/1.1" 200 45018
[19/May/2026 21:29:00] "GET /static/game/images/kits/915_away.svg HTTP/1.1" 200 103085
[19/May/2026 21:29:00] "GET /static/game/images/players/91207698.svg HTTP/1.1" 200 42501
[19/May/2026 21:29:00] "GET /static/game/images/players/20041862.svg HTTP/1.1" 200 41701
[19/May/2026 21:29:00] "GET /static/game/images/flags/41.svg HTTP/1.1" 200 2650
[19/May/2026 21:29:00] "GET /static/game/images/players/29221846.svg HTTP/1.1" 200 55001
[19/May/2026 21:29:00] "GET /static/game/images/players/2000375662.svg HTTP/1.1" 200 38755
[19/May/2026 21:29:00] "GET /static/game/images/stadiums/germany/fc-bayern.jpg HTTP/1.1" 200 208463
[19/May/2026 21:29:00] "GET /static/game/images/backgrounds/club-youth-highlights-profile.png HTTP/1.1" 200 1528272
[19/May/2026 21:29:00] "GET /static/game/images/city/915.jpg HTTP/1.1" 200 55646
[19/May/2026 21:29:00] "GET /static/game/images/backgrounds/club-profile-room-background.png HTTP/1.1" 200 1576094
[19/May/2026 21:29:00] "GET /static/game/images/backgrounds/trophy-cabinet-club-profile.png HTTP/1.1" 200 1806599
[19/May/2026 21:29:00] "GET /static/game/images/backgrounds/club-pro-highlights-profile.png HTTP/1.1" 200 1500375
[19/May/2026 21:29:00] "GET /static/game/images/players/28049320.png HTTP/1.1" 200 79774
[19/May/2026 21:29:00] "GET /static/game/images/default_player.svg HTTP/1.1" 200 987
[19/May/2026 21:29:00] "GET /static/game/images/flags/765.svg HTTP/1.1" 200 1803
[19/May/2026 21:29:00] "GET /static/game/images/backgrounds/club-partner-profile.png HTTP/1.1" 200 1751161
[19/May/2026 21:29:00] "GET /static/game/images/backgrounds/club-kits-profile.png HTTP/1.1" 200 1660099
[19/May/2026 21:29:00] "GET /static/game/images/kits/915_home.svg HTTP/1.1" 200 83617
[19/May/2026 21:29:00] "GET /static/game/images/trophies/1001959.png HTTP/1.1" 200 49816
[19/May/2026 21:29:00] "GET /static/game/js/club-profile.js HTTP/1.1" 200 1614
[19/May/2026 21:29:00] "GET /static/game/images/trophies/100.png HTTP/1.1" 200 74206
[19/May/2026 21:29:00] "GET /static/game/images/backgrounds/club-news-profile.png HTTP/1.1" 200 1263036
[19/May/2026 21:29:00] "GET /static/game/images/backgrounds/club-table-profile.png HTTP/1.1" 200 1373315
[19/May/2026 21:29:00] "GET /static/game/images/brand/favicon-32.png HTTP/1.1" 200 1969
[19/May/2026 21:29:40] "GET /clubs/3/ HTTP/1.1" 200 33271
[19/May/2026 21:29:47] "GET /clubs/3/matches/last/ HTTP/1.1" 200 10444
[19/May/2026 21:29:49] "GET /clubs/3/ HTTP/1.1" 200 33271
[19/May/2026 21:30:55] "GET /players/552/ HTTP/1.1" 200 68622
[19/May/2026 21:31:10] "GET /clubs/3/tactics/?squad=pro HTTP/1.1" 200 784904
[19/May/2026 21:31:10] "GET /static/game/css/tactics.css HTTP/1.1" 304 0
[19/May/2026 21:31:10] "GET /static/game/images/backgrounds/tactics-banner-stadium-bg.png?v=tactics-stadium-hero-20260519 HTTP/1.1" 304 0
[19/May/2026 21:31:10] "GET /static/game/images/backgrounds/spielfeld.png HTTP/1.1" 304 0
[19/May/2026 21:33:37] "GET / HTTP/1.1" 200 48099
[19/May/2026 21:33:37] "GET /static/game/images/managers/kirschgutzje-test.png HTTP/1.1" 304 0
[19/May/2026 21:33:37] "GET /static/game/css/global-dashboard/layout-nav.css HTTP/1.1" 304 0
C:\Users\mashu\Documents\Codex\Websoccer\Websoccer\game\club_profile.py changed, reloading.
Watching for file changes with StatReloader
[19/May/2026 21:35:31] "GET /clubs/3/ HTTP/1.1" 200 35243
[19/May/2026 21:35:31] "GET /static/game/images/managers/kirschgutzje-test.png HTTP/1.1" 304 0
[19/May/2026 21:35:31] "GET /static/game/css/club-profile/layout.css HTTP/1.1" 200 5355
[19/May/2026 21:35:43] "GET /clubs/3/tactics/?squad=pro HTTP/1.1" 200 785630
[19/May/2026 21:35:43] "GET /static/game/js/tactics.js HTTP/1.1" 200 16343
[19/May/2026 21:35:43] "GET /static/game/images/icons/tactics-stadium-3d.png?v=stadium-3d-20260519 HTTP/1.1" 304 0
[19/May/2026 21:35:43] "GET /static/game/css/tactics.css HTTP/1.1" 200 46362
[19/May/2026 21:35:43] "GET /static/game/images/icons/captain-armband.png?v=yellow-20260519 HTTP/1.1" 304 0
[19/May/2026 21:35:43] "GET /static/game/images/backgrounds/tactics-banner-stadium-bg.png?v=tactics-stadium-hero-20260519 HTTP/1.1" 304 0
[19/May/2026 21:35:43] "GET /static/game/images/icons/suspension-ban.png?v=suspension-20260519 HTTP/1.1" 304 0
[19/May/2026 21:35:43] "GET /static/game/images/icons/injury-cross.png?v=injury-20260519 HTTP/1.1" 304 0
[19/May/2026 21:35:48] "GET /clubs/2/ HTTP/1.1" 200 35308
[19/May/2026 21:35:48] "GET /static/game/images/flags/5.svg HTTP/1.1" 200 4817
[19/May/2026 21:35:48] "GET /static/game/images/players/91018450.svg HTTP/1.1" 200 43069
[19/May/2026 21:35:48] "GET /static/game/images/players/91100472.svg HTTP/1.1" 200 41357
[19/May/2026 21:35:48] "GET /static/game/images/players/12038706.svg HTTP/1.1" 200 43361
[19/May/2026 21:35:48] "GET /static/game/images/flags/755.svg HTTP/1.1" 200 1479
[19/May/2026 21:35:48] "GET /static/game/css/club-profile/responsive.css HTTP/1.1" 304 0
[19/May/2026 21:35:48] "GET /static/game/images/players/16045721.svg HTTP/1.1" 200 45497
[19/May/2026 21:35:48] "GET /static/game/css/club-profile/layout.css HTTP/1.1" 200 5355
[19/May/2026 21:35:48] "GET /static/game/images/flags/776.svg HTTP/1.1" 200 1647
[19/May/2026 21:35:48] "GET /static/game/images/players/2000121585.svg HTTP/1.1" 200 42219
[19/May/2026 21:35:48] "GET /static/game/images/city/907.jpg HTTP/1.1" 200 27904
[19/May/2026 21:35:48] "GET /static/game/images/kits/907_home.svg HTTP/1.1" 200 68629
[19/May/2026 21:35:48] "GET /static/game/images/kits/907_third.svg HTTP/1.1" 200 76322
[19/May/2026 21:35:48] "GET /static/game/images/kits/907_away.svg HTTP/1.1" 200 69349
[19/May/2026 21:35:53] "GET /clubs/2/ HTTP/1.1" 200 35308
[19/May/2026 21:35:53] "GET /static/game/css/club-profile/layout.css HTTP/1.1" 304 0
[19/May/2026 21:35:57] "GET /clubs/2/ HTTP/1.1" 200 35308
[19/May/2026 21:35:59] "GET /clubs/3/ HTTP/1.1" 200 35243
[19/May/2026 21:35:59] "GET /static/game/css/club-profile/layout.css HTTP/1.1" 304 0
[19/May/2026 21:36:08] "GET /players/536/ HTTP/1.1" 200 28415
[19/May/2026 21:36:08] "GET /static/game/images/nations/federations/116.png HTTP/1.1" 200 61468
[19/May/2026 21:36:08] "GET /static/game/images/flags/116.svg HTTP/1.1" 200 3359
[19/May/2026 21:36:18] "GET /clubs/3/ HTTP/1.1" 200 35779
[19/May/2026 21:36:18] "GET /static/game/css/club-profile/layout.css HTTP/1.1" 304 0
[19/May/2026 21:36:36] "GET /clubs/3/tactics/?squad=pro HTTP/1.1" 200 786166
[19/May/2026 21:36:36] "GET /static/game/css/tactics.css HTTP/1.1" 200 46362
[19/May/2026 21:36:36] "GET /static/game/images/managers/kirschgutzje-test.png HTTP/1.1" 304 0
[19/May/2026 21:36:36] "GET /static/game/js/tactics.js HTTP/1.1" 200 16343
[19/May/2026 21:36:36] "GET /static/game/css/global-dashboard/layout-nav.css HTTP/1.1" 200 22954
[19/May/2026 21:36:36] "GET /static/game/images/icons/tactics-stadium-3d.png?v=stadium-3d-20260519 HTTP/1.1" 304 0
[19/May/2026 21:36:36] "GET /static/game/images/icons/captain-armband.png?v=yellow-20260519 HTTP/1.1" 304 0
[19/May/2026 21:36:36] "GET /static/game/images/backgrounds/tactics-banner-stadium-bg.png?v=tactics-stadium-hero-20260519 HTTP/1.1" 304 0
[19/May/2026 21:36:36] "GET /static/game/images/icons/injury-cross.png?v=injury-20260519 HTTP/1.1" 304 0
[19/May/2026 21:36:36] "GET /static/game/images/icons/suspension-ban.png?v=suspension-20260519 HTTP/1.1" 304 0
[19/May/2026 21:37:03] "GET /clubs/3/ HTTP/1.1" 200 35779
[19/May/2026 21:37:03] "GET /static/game/css/club-profile/layout.css HTTP/1.1" 200 5584
[19/May/2026 21:37:27] "GET /clubs/3/ HTTP/1.1" 200 35779
[19/May/2026 21:37:27] "GET /static/game/css/club-profile/layout.css HTTP/1.1" 304 0
[19/May/2026 21:37:28] "GET /clubs/3/ HTTP/1.1" 200 35779
[19/May/2026 21:37:28] "GET /clubs/3/ HTTP/1.1" 200 35779
[19/May/2026 21:37:28] "GET /clubs/2/ HTTP/1.1" 200 35844
[19/May/2026 21:37:28] "GET /static/game/images/flags/5.svg HTTP/1.1" 304 0
[19/May/2026 21:37:28] "GET /static/game/images/players/2000205927.svg HTTP/1.1" 304 0
[19/May/2026 21:37:28] "GET /static/game/images/players/2000121585.svg HTTP/1.1" 304 0
[19/May/2026 21:37:28] "GET /static/game/images/flags/776.svg HTTP/1.1" 304 0
[19/May/2026 21:37:28] "GET /static/game/images/city/907.jpg HTTP/1.1" 200 27904
[19/May/2026 21:37:28] "GET /static/game/images/kits/907_home.svg HTTP/1.1" 304 0
[19/May/2026 21:37:28] "GET /static/game/images/kits/907_away.svg HTTP/1.1" 304 0
[19/May/2026 21:37:28] "GET /static/game/images/kits/907_third.svg HTTP/1.1" 304 0
[19/May/2026 21:37:28] "GET /clubs/3/ HTTP/1.1" 200 35779
[19/May/2026 21:37:29] "GET /clubs/2/ HTTP/1.1" 200 35844
[19/May/2026 21:37:29] "GET /clubs/3/ HTTP/1.1" 200 35779
[19/May/2026 21:37:29] "GET /clubs/2/ HTTP/1.1" 200 35844
[19/May/2026 21:37:29] "GET /clubs/3/ HTTP/1.1" 200 35779
[19/May/2026 21:38:04] "GET / HTTP/1.1" 200 49361
[19/May/2026 21:38:04] "GET /static/game/css/global-dashboard/overview-dashboard.css?v=overview-20260518-1 HTTP/1.1" 304 0
[19/May/2026 21:38:05] "GET /static/game/images/backgrounds/overview/overview-navigation.png HTTP/1.1" 304 0
[19/May/2026 21:38:05] "GET /static/game/images/backgrounds/overview/overview-manager.png HTTP/1.1" 304 0
[19/May/2026 21:38:05] "GET /static/game/images/backgrounds/overview/overview-chat.png HTTP/1.1" 304 0
[19/May/2026 21:38:05] "GET /static/game/images/backgrounds/overview/overview-transfer.png HTTP/1.1" 304 0
[19/May/2026 21:38:05] "GET /static/game/images/backgrounds/overview/overview-table.png HTTP/1.1" 304 0
[19/May/2026 21:38:05] "GET /static/game/images/backgrounds/overview/overview-news.png HTTP/1.1" 304 0
[19/May/2026 21:38:05] "GET /static/game/images/backgrounds/overview/overview-sim-news.png HTTP/1.1" 304 0
[19/May/2026 21:38:05] "GET /static/game/images/backgrounds/overview/overview-social.png?v=2 HTTP/1.1" 304 0
[19/May/2026 21:38:05] "GET /static/game/images/backgrounds/overview/overview-live.png HTTP/1.1" 304 0
[19/May/2026 21:38:05] "GET /static/game/images/backgrounds/overview/overview-stats.png HTTP/1.1" 304 0
[19/May/2026 21:38:11] "POST /clubs/3/tactics/?squad=pro HTTP/1.1" 302 0
[19/May/2026 21:38:11] "GET /clubs/3/tactics/?squad=pro&confirmed=1 HTTP/1.1" 200 801683
[19/May/2026 21:38:11] "GET /static/game/css/tactics.css HTTP/1.1" 200 46366
[19/May/2026 21:38:11] "GET /static/game/images/backgrounds/tactics-banner-stadium-bg.png?v=tactics-stadium-hero-20260519 HTTP/1.1" 304 0
[19/May/2026 21:38:14] "POST /clubs/3/tactics/?squad=pro&confirmed=1 HTTP/1.1" 200 801653
[19/May/2026 21:38:16] "POST /clubs/3/tactics/?squad=pro&confirmed=1 HTTP/1.1" 200 801653
[19/May/2026 21:38:16] "GET /static/game/css/tactics.css HTTP/1.1" 304 0
[19/May/2026 21:38:18] "POST /clubs/3/tactics/?squad=pro&confirmed=1 HTTP/1.1" 200 801639
[19/May/2026 21:38:22] "POST /clubs/3/tactics/?squad=pro&confirmed=1 HTTP/1.1" 200 801653
[19/May/2026 21:38:22] "GET /static/game/css/tactics.css HTTP/1.1" 304 0
[19/May/2026 21:38:36] "POST /clubs/3/tactics/?squad=pro&confirmed=1 HTTP/1.1" 200 801653
[19/May/2026 21:38:36] "GET /static/game/css/tactics.css HTTP/1.1" 304 0
[19/May/2026 21:38:36] "GET /static/game/css/global-dashboard/layout-nav.css HTTP/1.1" 200 22954
[19/May/2026 21:38:39] "POST /clubs/3/tactics/?squad=pro&confirmed=1 HTTP/1.1" 302 0
[19/May/2026 21:38:39] "GET /clubs/3/tactics/?squad=pro&confirmed=1 HTTP/1.1" 200 801683
[19/May/2026 21:38:39] "GET /static/game/images/managers/kirschgutzje-test.png HTTP/1.1" 304 0
[19/May/2026 21:38:42] "POST /clubs/3/tactics/?squad=pro&confirmed=1 HTTP/1.1" 200 801653
[19/May/2026 21:38:43] "POST /clubs/3/tactics/?squad=pro&confirmed=1 HTTP/1.1" 200 801639
[19/May/2026 21:38:43] "GET /static/game/css/tactics.css HTTP/1.1" 304 0
[19/May/2026 21:38:44] "POST /clubs/3/tactics/?squad=pro&confirmed=1 HTTP/1.1" 200 801653
[19/May/2026 21:39:31] "GET / HTTP/1.1" 200 49361
[19/May/2026 21:39:31] "GET /static/game/css/global-dashboard/layout-nav.css HTTP/1.1" 304 0
[19/May/2026 21:39:34] "GET /clubs/3/ HTTP/1.1" 200 35779
[19/May/2026 21:39:34] "GET /static/game/css/club-profile/responsive.css HTTP/1.1" 304 0
[19/May/2026 21:39:34] "GET /static/game/css/club-profile/layout.css HTTP/1.1" 200 5584
[19/May/2026 21:39:41] "GET /static/game/css/global-dashboard/layout-nav.css?cb=search HTTP/1.1" 200 22954
[19/May/2026 21:39:42,027] - Broken pipe from ('127.0.0.1', 55345)
[19/May/2026 21:40:21] "GET /clubs/?q=Kane HTTP/1.1" 200 17445
[19/May/2026 21:40:21] "GET /static/game/css/global-dashboard/layout-nav.css HTTP/1.1" 200 23274
[19/May/2026 21:40:28] "GET / HTTP/1.1" 200 49241
[19/May/2026 21:40:28] "GET /static/game/css/global-dashboard/layout-nav.css HTTP/1.1" 304 0
[19/May/2026 21:40:32] "GET /clubs/3/ HTTP/1.1" 200 35659
[19/May/2026 21:40:32] "GET /static/game/css/global-dashboard/layout-nav.css HTTP/1.1" 304 0
[19/May/2026 21:40:32] "GET /static/game/css/club-profile/layout.css HTTP/1.1" 200 5529
[19/May/2026 21:40:33] "GET / HTTP/1.1" 200 49241
[19/May/2026 21:40:33] "GET /static/game/css/global-dashboard/layout-nav.css HTTP/1.1" 304 0
[19/May/2026 21:40:35] "GET / HTTP/1.1" 200 49241
[19/May/2026 21:40:35] "GET /static/game/css/global-dashboard/layout-nav.css HTTP/1.1" 304 0
[19/May/2026 21:40:36] "GET / HTTP/1.1" 200 49241
[19/May/2026 21:40:39] "GET / HTTP/1.1" 200 49241
[19/May/2026 21:40:39] "GET /static/game/css/global-dashboard.css HTTP/1.1" 200 265
[19/May/2026 21:40:39] "GET /static/game/images/icons/sidebar/uebersicht.svg HTTP/1.1" 200 360
[19/May/2026 21:40:39] "GET /static/game/images/flags/771.svg HTTP/1.1" 200 1599
[19/May/2026 21:40:39] "GET /static/game/css/global-dashboard/header.css HTTP/1.1" 200 6604
[19/May/2026 21:40:39] "GET /static/game/css/global-dashboard/overview-dashboard.css?v=overview-20260518-1 HTTP/1.1" 200 31330
[19/May/2026 21:40:39] "GET /static/game/images/icons/sidebar/verein.svg HTTP/1.1" 200 386
[19/May/2026 21:40:39] "GET /static/game/images/managers/kirschgutzje-test.png HTTP/1.1" 200 398960
[19/May/2026 21:40:39] "GET /static/game/css/global-dashboard/responsive.css HTTP/1.1" 200 5122
[19/May/2026 21:40:39] "GET /static/game/css/global-dashboard/dashboard-cards.css HTTP/1.1" 200 12891
[19/May/2026 21:40:39] "GET /static/game/images/icons/sidebar/kader.svg HTTP/1.1" 200 615
[19/May/2026 21:40:39] "GET /static/game/css/global-dashboard/tables-lists.css HTTP/1.1" 200 9923
[19/May/2026 21:40:39] "GET /static/game/css/global-dashboard/layout-nav.css HTTP/1.1" 200 23274
[19/May/2026 21:40:39] "GET /static/game/css/global-dashboard/overview-dashboard.css HTTP/1.1" 200 31330
[19/May/2026 21:40:39] "GET /static/game/images/icons/sidebar/taktik.svg HTTP/1.1" 200 530
[19/May/2026 21:40:39] "GET /static/game/images/icons/sidebar/transfers.svg HTTP/1.1" 200 497
[19/May/2026 21:40:39] "GET /static/game/images/icons/sidebar/wettbewerbe.svg HTTP/1.1" 200 432
[19/May/2026 21:40:39] "GET /static/game/images/icons/sidebar/jugend.svg HTTP/1.1" 200 392
[19/May/2026 21:40:39] "GET /static/game/images/icons/sidebar/scouting.svg HTTP/1.1" 200 423
[19/May/2026 21:40:39] "GET /static/game/images/icons/sidebar/mitarbeiter.svg HTTP/1.1" 200 522
[19/May/2026 21:40:39] "GET /static/game/images/crests/907.png HTTP/1.1" 200 34735
[19/May/2026 21:40:39] "GET /static/game/images/icons/stat-goals.svg HTTP/1.1" 200 1058
[19/May/2026 21:40:39] "GET /static/game/images/competitions/bundesliga.png HTTP/1.1" 200 22675
[19/May/2026 21:40:39] "GET /static/game/images/players/92088306.svg HTTP/1.1" 200 35485
[19/May/2026 21:40:39] "GET /static/game/images/players/29221846.svg HTTP/1.1" 200 55001
[19/May/2026 21:40:39] "GET /static/game/images/players/28049320.png HTTP/1.1" 200 79774
[19/May/2026 21:40:39] "GET /static/game/images/crests/915.png HTTP/1.1" 200 148470
[19/May/2026 21:40:39] "GET /static/game/images/backgrounds/player-profile-stadium-atmosphere.svg HTTP/1.1" 200 5840
[19/May/2026 21:40:39] "GET /static/game/images/players/28113827.svg HTTP/1.1" 200 40857
[19/May/2026 21:40:39] "GET /static/game/images/players/16279486.svg HTTP/1.1" 200 51445
[19/May/2026 21:40:39] "GET /static/game/images/city/915.jpg HTTP/1.1" 200 55646
[19/May/2026 21:40:39] "GET /static/game/images/stadiums/germany/fc-bayern.jpg HTTP/1.1" 200 208463
[19/May/2026 21:40:39] "GET /static/game/images/stadiums/germany/b-dortmund.jpg HTTP/1.1" 200 149529
[19/May/2026 21:40:39] "GET /static/game/images/backgrounds/overview/overview-navigation.png HTTP/1.1" 200 1282276
[19/May/2026 21:40:39] "GET /static/game/images/backgrounds/overview/overview-transfer.png HTTP/1.1" 200 1276956
[19/May/2026 21:40:39] "GET /static/game/images/backgrounds/overview/overview-table.png HTTP/1.1" 200 1373315
[19/May/2026 21:40:39] "GET /static/game/images/backgrounds/overview/overview-chat.png HTTP/1.1" 200 1298364
[19/May/2026 21:40:39] "GET /static/game/images/backgrounds/overview/overview-news.png HTTP/1.1" 200 1539822
[19/May/2026 21:40:39] "GET /static/game/images/backgrounds/overview/overview-manager.png HTTP/1.1" 200 1781080
[19/May/2026 21:40:39] "GET /static/game/images/backgrounds/overview/overview-social.png?v=2 HTTP/1.1" 200 1515374
[19/May/2026 21:40:39] "GET /static/game/images/backgrounds/overview/overview-sim-news.png HTTP/1.1" 200 1370347
[19/May/2026 21:40:39] "GET /static/game/images/backgrounds/overview/overview-live.png HTTP/1.1" 200 1377367
[19/May/2026 21:40:39] "GET /static/game/images/backgrounds/overview/overview-stats.png HTTP/1.1" 200 1422550
[19/May/2026 21:40:39] "GET /static/game/images/brand/favicon-32.png HTTP/1.1" 200 1969
[19/May/2026 21:40:42] "GET /?searchcheck=2 HTTP/1.1" 200 49241
[19/May/2026 21:41:03] "GET /clubs/3/ HTTP/1.1" 200 35659
[19/May/2026 21:41:03] "GET /static/game/images/managers/kirschgutzje-test.png HTTP/1.1" 304 0
[19/May/2026 21:41:04] "GET /static/game/css/club-profile/layout.css HTTP/1.1" 200 5529
[19/May/2026 21:41:33] "GET / HTTP/1.1" 200 49241
[19/May/2026 21:41:33] "GET /static/game/css/global-dashboard/header.css HTTP/1.1" 304 0
[19/May/2026 21:41:33] "GET /static/game/css/global-dashboard/layout-nav.css HTTP/1.1" 304 0
Not Found: /forum/
[19/May/2026 21:41:33] "GET /forum/ HTTP/1.1" 404 5905
Not Found: /favicon.ico
[19/May/2026 21:41:33] "GET /favicon.ico HTTP/1.1" 404 5920
[19/May/2026 21:41:35] "GET /clubs/3/ HTTP/1.1" 200 35659
[19/May/2026 21:41:35] "GET /static/game/css/club-profile/layout.css HTTP/1.1" 304 0
[19/May/2026 21:41:47] "GET /?searchcheck=3 HTTP/1.1" 200 49241
[19/May/2026 21:41:59] "GET /clubs/3/news/1/ HTTP/1.1" 200 11627
[19/May/2026 21:41:59] "GET /static/game/css/global-dashboard/header.css HTTP/1.1" 304 0
[19/May/2026 21:41:59] "GET /static/game/css/global-dashboard/layout-nav.css HTTP/1.1" 304 0
[19/May/2026 21:41:59] "GET /static/game/css/club-profile/layout.css HTTP/1.1" 304 0
[19/May/2026 21:42:02] "GET /clubs/3/ HTTP/1.1" 200 35672
[19/May/2026 21:42:02] "GET /static/game/css/global-dashboard.css?v=nav-search HTTP/1.1" 200 278
[19/May/2026 21:42:02] "GET /static/game/css/global-dashboard/layout-nav.css?v=nav-search HTTP/1.1" 200 23274
[19/May/2026 21:42:03] "GET /clubs/3/ HTTP/1.1" 200 35672
[19/May/2026 21:42:04] "GET /clubs/3/tactics/?squad=pro HTTP/1.1" 200 801358
[19/May/2026 21:42:04] "GET /static/game/css/tactics.css HTTP/1.1" 304 0
[19/May/2026 21:42:04] "GET /static/game/js/tactics.js HTTP/1.1" 304 0
[19/May/2026 21:42:04] "GET /static/game/images/backgrounds/tactics-banner-stadium-bg.png?v=tactics-stadium-hero-20260519 HTTP/1.1" 304 0
[19/May/2026 21:42:08] "POST /clubs/3/tactics/?squad=pro HTTP/1.1" 200 801546
[19/May/2026 21:42:08] "GET /static/game/css/global-dashboard.css?v=nav-search HTTP/1.1" 304 0
[19/May/2026 21:42:08] "GET /static/game/css/global-dashboard/header.css HTTP/1.1" 304 0
[19/May/2026 21:42:27] "GET /?searchcheck=4 HTTP/1.1" 200 49254
[19/May/2026 21:42:27] "GET /static/game/css/global-dashboard.css?v=nav-search HTTP/1.1" 200 278
[19/May/2026 21:42:27] "GET /static/game/css/global-dashboard/layout-nav.css?v=nav-search HTTP/1.1" 200 23274
[19/May/2026 21:44:30] "GET /?searchcheck=5 HTTP/1.1" 200 49259
[19/May/2026 21:44:30] "GET /static/game/css/global-dashboard.css?v=nav-search HTTP/1.1" 304 0
[19/May/2026 21:44:30] "GET /static/game/css/global-dashboard/layout-nav.css?v=nav-search HTTP/1.1" 200 23212
[19/May/2026 21:44:49] "POST /clubs/3/tactics/?squad=pro HTTP/1.1" 302 0
[19/May/2026 21:44:49] "GET /clubs/3/tactics/?squad=pro&confirmed=1 HTTP/1.1" 200 802288
[19/May/2026 21:44:49] "GET /static/game/css/global-dashboard.css?v=nav-search HTTP/1.1" 304 0
[19/May/2026 21:44:49] "GET /static/game/css/global-dashboard/header.css HTTP/1.1" 304 0
[19/May/2026 21:44:49] "GET /static/game/css/tactics.css HTTP/1.1" 304 0
[19/May/2026 21:44:49] "GET /static/game/images/icons/tactics-stadium-3d.png?v=stadium-3d-20260519 HTTP/1.1" 304 0
[19/May/2026 21:44:49] "GET /static/game/css/global-dashboard/layout-nav.css?v=nav-search HTTP/1.1" 200 23212
[19/May/2026 21:44:49] "GET /static/game/images/backgrounds/tactics-banner-stadium-bg.png?v=tactics-stadium-hero-20260519 HTTP/1.1" 304 0
[19/May/2026 21:45:17] "GET / HTTP/1.1" 200 49259
[19/May/2026 21:45:17] "GET /static/game/css/global-dashboard.css?v=nav-search HTTP/1.1" 304 0
[19/May/2026 21:45:17] "GET /static/game/css/global-dashboard/header.css HTTP/1.1" 304 0
[19/May/2026 21:45:17] "GET /static/game/css/global-dashboard/layout-nav.css?v=nav-search HTTP/1.1" 304 0
[19/May/2026 21:46:41] "GET / HTTP/1.1" 200 49259
[19/May/2026 21:46:41] "GET /static/game/css/global-dashboard.css?v=nav-search HTTP/1.1" 304 0
[19/May/2026 21:46:41] "GET /static/game/css/global-dashboard/header.css HTTP/1.1" 304 0
[19/May/2026 21:46:41] "GET /static/game/images/managers/kirschgutzje-test.png HTTP/1.1" 304 0
[19/May/2026 21:46:41] "GET /static/game/css/global-dashboard/layout-nav.css?v=nav-search HTTP/1.1" 304 0
Not Found: /forum/
[19/May/2026 21:46:43] "GET /forum/ HTTP/1.1" 404 5905
[19/May/2026 21:46:44] "GET / HTTP/1.1" 200 49259
[19/May/2026 21:48:53] "GET /?navedge=1 HTTP/1.1" 200 49259
[19/May/2026 21:48:53] "GET /static/game/css/global-dashboard.css?v=nav-search HTTP/1.1" 304 0
[19/May/2026 21:48:53] "GET /static/game/images/managers/kirschgutzje-test.png HTTP/1.1" 304 0
[19/May/2026 21:48:53] "GET /static/game/css/global-dashboard/layout-nav.css?v=nav-search HTTP/1.1" 200 23602
[19/May/2026 21:49:18] "GET /clubs/3/tactics/?squad=pro HTTP/1.1" 200 802455
[19/May/2026 21:49:18,324] - Broken pipe from ('127.0.0.1', 54065)
[19/May/2026 21:50:11] "GET /?navedge=2 HTTP/1.1" 200 49257
[19/May/2026 21:50:11] "GET /static/game/css/global-dashboard.css?v=nav-edge HTTP/1.1" 200 287
[19/May/2026 21:50:11] "GET /static/game/css/global-dashboard/layout-nav.css?v=nav-edge HTTP/1.1" 200 23602
[19/May/2026 21:50:11] "GET /static/game/css/global-dashboard/overview-dashboard.css?v=nav-edge HTTP/1.1" 200 31120
[19/May/2026 21:51:23] "GET / HTTP/1.1" 200 49257
[19/May/2026 21:51:23] "GET /static/game/css/global-dashboard/header.css HTTP/1.1" 304 0
[19/May/2026 21:51:23] "GET /static/game/css/global-dashboard.css?v=nav-edge HTTP/1.1" 200 287
[19/May/2026 21:51:23] "GET /static/game/css/global-dashboard/layout-nav.css?v=nav-edge HTTP/1.1" 200 23602
[19/May/2026 21:51:23] "GET /static/game/css/global-dashboard/overview-dashboard.css?v=nav-edge HTTP/1.1" 200 31120
[19/May/2026 21:51:24] "GET / HTTP/1.1" 200 49257
[19/May/2026 21:51:25] "GET / HTTP/1.1" 200 49257
Not Found: /forum/
[19/May/2026 21:51:25] "GET /forum/ HTTP/1.1" 404 5905
[19/May/2026 21:51:27] "GET /clubs/3/ HTTP/1.1" 200 35675
[19/May/2026 21:51:27] "GET /static/game/css/club-profile/responsive.css HTTP/1.1" 304 0
[19/May/2026 21:51:27] "GET /static/game/css/club-profile/layout.css HTTP/1.1" 304 0
[19/May/2026 21:51:28] "GET / HTTP/1.1" 200 49257
[19/May/2026 21:51:59] "GET / HTTP/1.1" 200 49257
[19/May/2026 21:51:59] "GET /static/game/css/global-dashboard.css?v=nav-edge HTTP/1.1" 200 287
[19/May/2026 21:51:59] "GET /static/game/css/global-dashboard/header.css HTTP/1.1" 200 6604
[19/May/2026 21:51:59] "GET /static/game/css/global-dashboard/overview-dashboard.css?v=overview-20260518-1 HTTP/1.1" 200 31120
[19/May/2026 21:51:59] "GET /static/game/images/icons/sidebar/verein.svg HTTP/1.1" 200 386
[19/May/2026 21:51:59] "GET /static/game/images/flags/771.svg HTTP/1.1" 200 1599
[19/May/2026 21:51:59] "GET /static/game/images/icons/sidebar/uebersicht.svg HTTP/1.1" 200 360
[19/May/2026 21:51:59] "GET /static/game/images/icons/sidebar/kader.svg HTTP/1.1" 200 615
[19/May/2026 21:51:59] "GET /static/game/css/global-dashboard/dashboard-cards.css HTTP/1.1" 200 12891
[19/May/2026 21:51:59] "GET /static/game/css/global-dashboard/layout-nav.css?v=nav-edge HTTP/1.1" 200 23602
[19/May/2026 21:51:59] "GET /static/game/css/global-dashboard/responsive.css HTTP/1.1" 200 5122
[19/May/2026 21:51:59] "GET /static/game/css/global-dashboard/tables-lists.css HTTP/1.1" 200 9923
[19/May/2026 21:51:59] "GET /static/game/css/global-dashboard/overview-dashboard.css?v=nav-edge HTTP/1.1" 200 31120
[19/May/2026 21:51:59] "GET /static/game/images/managers/kirschgutzje-test.png HTTP/1.1" 200 398960
[19/May/2026 21:51:59] "GET /static/game/images/icons/sidebar/taktik.svg HTTP/1.1" 200 530
[19/May/2026 21:51:59] "GET /static/game/images/icons/sidebar/transfers.svg HTTP/1.1" 200 497
[19/May/2026 21:51:59] "GET /static/game/images/icons/sidebar/scouting.svg HTTP/1.1" 200 423
[19/May/2026 21:51:59] "GET /static/game/images/icons/sidebar/wettbewerbe.svg HTTP/1.1" 200 432
[19/May/2026 21:51:59] "GET /static/game/images/icons/sidebar/jugend.svg HTTP/1.1" 200 392
[19/May/2026 21:51:59] "GET /static/game/images/icons/sidebar/mitarbeiter.svg HTTP/1.1" 200 522
[19/May/2026 21:51:59] "GET /static/game/images/crests/907.png HTTP/1.1" 200 34735
[19/May/2026 21:51:59] "GET /static/game/images/competitions/bundesliga.png HTTP/1.1" 200 22675
[19/May/2026 21:51:59] "GET /static/game/images/icons/stat-goals.svg HTTP/1.1" 200 1058
[19/May/2026 21:51:59] "GET /static/game/images/backgrounds/player-profile-stadium-atmosphere.svg HTTP/1.1" 200 5840
[19/May/2026 21:51:59] "GET /static/game/images/players/28049320.png HTTP/1.1" 200 79774
[19/May/2026 21:51:59] "GET /static/game/images/crests/915.png HTTP/1.1" 200 148470
[19/May/2026 21:51:59] "GET /static/game/images/players/29221846.svg HTTP/1.1" 200 55001
[19/May/2026 21:51:59] "GET /static/game/images/city/915.jpg HTTP/1.1" 200 55646
[19/May/2026 21:51:59] "GET /static/game/images/backgrounds/overview/overview-chat.png HTTP/1.1" 200 1298364
[19/May/2026 21:51:59] "GET /static/game/images/stadiums/germany/b-dortmund.jpg HTTP/1.1" 200 149529
[19/May/2026 21:51:59] "GET /static/game/images/backgrounds/overview/overview-table.png HTTP/1.1" 200 1373315
[19/May/2026 21:51:59] "GET /static/game/images/players/28113827.svg HTTP/1.1" 200 40857
[19/May/2026 21:51:59] "GET /static/game/images/backgrounds/overview/overview-sim-news.png HTTP/1.1" 200 1370347
[19/May/2026 21:51:59] "GET /static/game/images/players/92088306.svg HTTP/1.1" 200 35485
[19/May/2026 21:51:59] "GET /static/game/images/backgrounds/overview/overview-live.png HTTP/1.1" 200 1377367
[19/May/2026 21:51:59] "GET /static/game/images/players/16279486.svg HTTP/1.1" 200 51445
[19/May/2026 21:51:59] "GET /static/game/images/backgrounds/overview/overview-social.png?v=2 HTTP/1.1" 200 1515374
[19/May/2026 21:51:59] "GET /static/game/images/stadiums/germany/fc-bayern.jpg HTTP/1.1" 200 208463
[19/May/2026 21:51:59] "GET /static/game/images/backgrounds/overview/overview-manager.png HTTP/1.1" 200 1781080
[19/May/2026 21:51:59] "GET /static/game/images/backgrounds/overview/overview-stats.png HTTP/1.1" 200 1422550
[19/May/2026 21:51:59] "GET /static/game/images/backgrounds/overview/overview-transfer.png HTTP/1.1" 200 1276956
[19/May/2026 21:51:59] "GET /static/game/images/backgrounds/overview/overview-news.png HTTP/1.1" 200 1539822
[19/May/2026 21:51:59] "GET /static/game/images/brand/favicon-32.png HTTP/1.1" 200 1969
[19/May/2026 21:52:11] "GET /clubs/3/ HTTP/1.1" 200 35675
[19/May/2026 21:52:24] "GET /clubs/3/ HTTP/1.1" 200 35675
[19/May/2026 21:52:24] "GET /static/game/css/global-dashboard.css?v=nav-edge HTTP/1.1" 304 0
[19/May/2026 21:52:24] "GET /static/game/css/global-dashboard/overview-dashboard.css?v=nav-edge HTTP/1.1" 304 0
[19/May/2026 21:52:27] "GET /players/552/ HTTP/1.1" 200 69780
[19/May/2026 21:52:51,506] - Broken pipe from ('127.0.0.1', 49743)
[19/May/2026 21:52:51,525] - Broken pipe from ('127.0.0.1', 64625)
[19/May/2026 21:53:07] "GET / HTTP/1.1" 200 49257
[19/May/2026 21:53:07] "GET /static/game/css/global-dashboard.css?v=nav-edge HTTP/1.1" 200 287
[19/May/2026 21:53:07] "GET /static/game/css/global-dashboard/header.css HTTP/1.1" 200 6604
[19/May/2026 21:53:08] "GET /clubs/2/tactics?squad=pro HTTP/1.1" 301 0
[19/May/2026 21:53:08] "GET /players/552 HTTP/1.1" 301 0
[19/May/2026 21:53:08] "GET /players/552?awards_page=2 HTTP/1.1" 301 0
[19/May/2026 21:53:08] "GET /players/552?awards_page=2&asset_reload=1778773076 HTTP/1.1" 301 0
[19/May/2026 21:53:08] "GET /players/552/?awards_page=2 HTTP/1.1" 200 69721
[19/May/2026 21:53:08] "GET /players/552/?awards_page=2&asset_reload=1778773076 HTTP/1.1" 200 69721
[19/May/2026 21:53:08] "GET /players/552/ HTTP/1.1" 200 69780
[19/May/2026 21:53:08] "GET /clubs/2/tactics/?squad=pro HTTP/1.1" 200 790813
[19/May/2026 21:53:08] "GET / HTTP/1.1" 200 49257
[19/May/2026 21:53:08] "GET /static/game/css/global-dashboard.css?v=nav-edge HTTP/1.1" 200 287
[19/May/2026 21:53:08] "GET /static/game/css/global-dashboard/header.css HTTP/1.1" 200 6604
[19/May/2026 21:53:08] "GET /players/552 HTTP/1.1" 301 0
[19/May/2026 21:53:08] "GET /players/552?awards_page=2 HTTP/1.1" 301 0
[19/May/2026 21:53:08] "GET /clubs/2/tactics?squad=pro HTTP/1.1" 301 0
[19/May/2026 21:53:08] "GET /players/552?awards_page=2&asset_reload=1778773076 HTTP/1.1" 301 0
[19/May/2026 21:53:08] "GET /clubs/3/tactics?squad=pro HTTP/1.1" 301 0
[19/May/2026 21:53:08] "GET /players/552/?awards_page=2 HTTP/1.1" 200 69721
[19/May/2026 21:53:08] "GET /players/552/?awards_page=2&asset_reload=1778773076 HTTP/1.1" 200 69721
[19/May/2026 21:53:08] "GET /players/552/ HTTP/1.1" 200 69780
[19/May/2026 21:53:09] "GET /clubs/3/tactics/?squad=pro HTTP/1.1" 200 802453
[19/May/2026 21:53:09] "GET /clubs/2/tactics/?squad=pro HTTP/1.1" 200 790813
[19/May/2026 21:53:10] "GET / HTTP/1.1" 200 49257
[19/May/2026 21:53:10] "GET /static/game/css/global-dashboard.css?v=nav-edge HTTP/1.1" 200 287
[19/May/2026 21:53:10] "GET /static/game/images/managers/kirschgutzje-test.png HTTP/1.1" 304 0
[19/May/2026 21:53:10] "GET /static/game/css/global-dashboard/layout-nav.css?v=nav-edge HTTP/1.1" 200 23602
[19/May/2026 21:53:10] "GET /static/game/css/global-dashboard/overview-dashboard.css?v=nav-edge HTTP/1.1" 200 31120
[19/May/2026 21:53:10] "GET / HTTP/1.1" 200 49257
[19/May/2026 21:53:10] "GET /static/game/css/global-dashboard.css?v=nav-edge HTTP/1.1" 200 287
[19/May/2026 21:53:10] "GET /static/game/css/global-dashboard/header.css HTTP/1.1" 200 6604
[19/May/2026 21:53:10] "GET /players/552 HTTP/1.1" 301 0
[19/May/2026 21:53:10] "GET /clubs/3/tactics?squad=pro HTTP/1.1" 301 0
[19/May/2026 21:53:10] "GET /clubs/2/tactics?squad=pro HTTP/1.1" 301 0
[19/May/2026 21:53:10] "GET /players/552?awards_page=2 HTTP/1.1" 301 0
[19/May/2026 21:53:10] "GET /players/552?awards_page=2&asset_reload=1778773076 HTTP/1.1" 301 0
[19/May/2026 21:53:10] "GET /players/552/?awards_page=2&asset_reload=1778773076 HTTP/1.1" 200 69721
[19/May/2026 21:53:10] "GET /players/552/?awards_page=2 HTTP/1.1" 200 69721
[19/May/2026 21:53:10] "GET /players/552/ HTTP/1.1" 200 69780
[19/May/2026 21:53:10] "GET /clubs/2/tactics/?squad=pro HTTP/1.1" 200 790813
[19/May/2026 21:53:10] "GET /clubs/3/tactics/?squad=pro HTTP/1.1" 200 802453
[19/May/2026 21:53:21] "GET /clubs/3/tactics/?squad=pro HTTP/1.1" 200 802453
[19/May/2026 21:53:21] "GET /static/game/css/tactics.css HTTP/1.1" 200 46366
[19/May/2026 21:53:21] "GET /static/game/js/tactics.js HTTP/1.1" 200 17412
[19/May/2026 21:53:21] "GET /static/game/images/icons/tactics-stadium-3d.png?v=stadium-3d-20260519 HTTP/1.1" 304 0
[19/May/2026 21:53:21] "GET /static/game/images/backgrounds/tactics-banner-stadium-bg.png?v=tactics-stadium-hero-20260519 HTTP/1.1" 304 0
[19/May/2026 21:53:21] "GET /static/game/images/icons/injury-cross.png?v=injury-20260519 HTTP/1.1" 304 0
[19/May/2026 21:53:21] "GET /static/game/images/icons/suspension-ban.png?v=suspension-20260519 HTTP/1.1" 304 0
[19/May/2026 21:59:31] "GET /clubs/3/tactics/?squad=pro HTTP/1.1" 200 802525
[19/May/2026 21:59:31,464] - Broken pipe from ('127.0.0.1', 63705)
[19/May/2026 22:00:23] "GET /clubs/3/tactics/?squad=pro HTTP/1.1" 200 802525
[19/May/2026 22:00:23] "GET /static/game/css/global-dashboard.css?v=nav-edge HTTP/1.1" 304 0
[19/May/2026 22:00:23] "GET /static/game/css/tactics.css HTTP/1.1" 200 47028
[19/May/2026 22:00:23] "GET /static/game/images/managers/kirschgutzje-test.png HTTP/1.1" 304 0
[19/May/2026 22:00:23] "GET /static/game/js/tactics.js HTTP/1.1" 200 18081
[19/May/2026 22:00:23] "GET /static/game/css/global-dashboard/overview-dashboard.css?v=nav-edge HTTP/1.1" 304 0
[19/May/2026 22:00:23] "GET /static/game/css/global-dashboard/layout-nav.css?v=nav-edge HTTP/1.1" 304 0
[19/May/2026 22:00:23] "GET /static/game/images/backgrounds/tactics-banner-stadium-bg.png?v=tactics-stadium-hero-20260519 HTTP/1.1" 304 0
[19/May/2026 22:03:52] "GET /clubs/3/tactics/?squad=pro HTTP/1.1" 200 802525
[19/May/2026 22:03:52] "GET /static/game/css/global-dashboard.css?v=nav-edge HTTP/1.1" 304 0
[19/May/2026 22:03:52] "GET /static/game/css/tactics.css HTTP/1.1" 200 47132
[19/May/2026 22:03:53] "GET /static/game/images/icons/tactics-stadium-3d.png?v=stadium-3d-20260519 HTTP/1.1" 304 0
[19/May/2026 22:03:53] "GET /static/game/css/global-dashboard/layout-nav.css?v=nav-edge HTTP/1.1" 304 0
[19/May/2026 22:03:53] "GET /static/game/css/global-dashboard/overview-dashboard.css?v=nav-edge HTTP/1.1" 304 0
[19/May/2026 22:03:53] "GET /static/game/js/tactics.js HTTP/1.1" 304 0
[19/May/2026 22:03:53] "GET /static/game/images/icons/suspension-ban.png?v=suspension-20260519 HTTP/1.1" 304 0
[19/May/2026 22:03:53] "GET /static/game/images/icons/injury-cross.png?v=injury-20260519 HTTP/1.1" 304 0
[19/May/2026 22:06:09] "GET /clubs/3/tactics/?squad=pro HTTP/1.1" 200 802558
[19/May/2026 22:06:09,807] - Broken pipe from ('127.0.0.1', 58114)
[19/May/2026 22:06:57] "GET /clubs/3/tactics/?squad=pro HTTP/1.1" 200 802558
[19/May/2026 22:06:57] "GET /static/game/css/tactics.css HTTP/1.1" 304 0
[19/May/2026 22:06:57] "GET /static/game/css/global-dashboard.css?v=nav-edge HTTP/1.1" 304 0
[19/May/2026 22:06:57] "GET /static/game/js/tactics.js?v=tactics-template-name-20260519 HTTP/1.1" 200 18496
[19/May/2026 22:06:57] "GET /static/game/css/global-dashboard/layout-nav.css?v=nav-edge HTTP/1.1" 304 0
[19/May/2026 22:06:57] "GET /static/game/css/global-dashboard/overview-dashboard.css?v=nav-edge HTTP/1.1" 304 0
[19/May/2026 22:06:57] "GET /static/game/images/backgrounds/tactics-banner-stadium-bg.png?v=tactics-stadium-hero-20260519 HTTP/1.1" 304 0
[19/May/2026 22:27:38] "GET / HTTP/1.1" 200 49257
[19/May/2026 22:27:38] "GET /static/game/css/global-dashboard.css?v=nav-edge HTTP/1.1" 304 0
[19/May/2026 22:27:38] "GET /static/game/css/global-dashboard/header.css HTTP/1.1" 304 0
[19/May/2026 22:27:38] "GET /static/game/css/global-dashboard/overview-dashboard.css?v=overview-20260518-1 HTTP/1.1" 304 0
[19/May/2026 22:27:38] "GET /static/game/images/managers/kirschgutzje-test.png HTTP/1.1" 304 0
[19/May/2026 22:27:38] "GET /static/game/css/global-dashboard/overview-dashboard.css?v=nav-edge HTTP/1.1" 304 0
[19/May/2026 22:27:38] "GET /static/game/css/global-dashboard/layout-nav.css?v=nav-edge HTTP/1.1" 304 0
[19/May/2026 22:27:48] "GET /clubs/3/tactics/?squad=pro HTTP/1.1" 200 802558
[19/May/2026 22:27:48] "GET /static/game/js/tactics.js?v=tactics-template-name-20260519 HTTP/1.1" 200 18496
[19/May/2026 22:27:48] "GET /static/game/css/tactics.css HTTP/1.1" 200 47132
[19/May/2026 22:27:48] "GET /static/game/images/icons/tactics-stadium-3d.png?v=stadium-3d-20260519 HTTP/1.1" 304 0
[19/May/2026 22:27:48] "GET /static/game/images/icons/captain-armband.png?v=yellow-20260519 HTTP/1.1" 304 0
[19/May/2026 22:27:48] "GET /static/game/images/backgrounds/tactics-banner-stadium-bg.png?v=tactics-stadium-hero-20260519 HTTP/1.1" 304 0
[19/May/2026 22:27:48] "GET /static/game/images/backgrounds/tactics-bench-bg.png HTTP/1.1" 304 0
[19/May/2026 22:27:48] "GET /static/game/images/icons/injury-cross.png?v=injury-20260519 HTTP/1.1" 304 0
[19/May/2026 22:27:48] "GET /static/game/images/icons/suspension-ban.png?v=suspension-20260519 HTTP/1.1" 304 0
[19/May/2026 22:28:05] "POST /clubs/3/tactics/?squad=pro HTTP/1.1" 302 0
[19/May/2026 22:28:05] "GET /clubs/3/tactics/?squad=pro&confirmed=1 HTTP/1.1" 200 802776
[19/May/2026 22:28:11] "POST /clubs/3/tactics/?squad=pro&confirmed=1 HTTP/1.1" 302 0
[19/May/2026 22:28:11] "GET /clubs/3/tactics/?squad=pro&template_saved=1 HTTP/1.1" 200 803003
[19/May/2026 22:28:14] "POST /clubs/3/tactics/?squad=pro&template_saved=1 HTTP/1.1" 200 802956
[19/May/2026 22:28:14] "POST /clubs/3/tactics/?squad=pro&template_saved=1 HTTP/1.1" 200 802956
[19/May/2026 22:28:16] "POST /clubs/3/tactics/?squad=pro&template_saved=1 HTTP/1.1" 200 802956
[19/May/2026 22:28:18] "POST /clubs/3/tactics/?squad=pro&template_saved=1 HTTP/1.1" 200 802956
[19/May/2026 22:28:19] "POST /clubs/3/tactics/?squad=pro&template_saved=1 HTTP/1.1" 200 802956
[19/May/2026 22:28:19] "POST /clubs/3/tactics/?squad=pro&template_saved=1 HTTP/1.1" 200 802956
[19/May/2026 22:28:20] "POST /clubs/3/tactics/?squad=pro&template_saved=1 HTTP/1.1" 200 802956
[19/May/2026 22:28:22] "POST /clubs/3/tactics/?squad=pro&template_saved=1 HTTP/1.1" 200 802956
[19/May/2026 22:28:24] "POST /clubs/3/tactics/?squad=pro&template_saved=1 HTTP/1.1" 200 802956
