ws_id;vorname;nachname;geburtsdatum;alter;groesse_cm;fuss;position;hauptposition;pos_neben_1;pos_neben_2;pos_neben_3;nationalitaet;nt_nationalitaet;trikot_nr;ws_club;ws_club_id;echtleben_club;marktwert;gehalt_pro_spiel;vertrag_bis;leihstatus;leihe_bis;verletzt_typ;verletzt_tage_rest;gesperrt_grund;gesperrt_spiele_rest;auf_transferliste;auf_leihliste;fm_inside_id;sofifa_id;transfermarkt_id;wsc_player_id;ea_rating;ea_potential;ea_tempo;ea_ausdauer;ea_kraft;ea_technik;ea_dribbling;ea_passspiel;ea_flanken;ea_abschluss;ea_kopfball;ea_zweikampf;ea_defensivstellung;ea_uebersicht;ea_teamwork;ea_ecken;ea_freistoss;ea_elfmeter;ea_tw_reflexe;ea_tw_fangsicherheit;ea_tw_eins_gegen_eins;ea_tw_stellungsspiel;ea_tw_passen;fm_rating;fm_potential;fm_tempo;fm_ausdauer;fm_kraft;fm_technik;fm_dribbling;fm_passspiel;fm_flanken;fm_abschluss;fm_kopfball;fm_zweikampf;fm_defensivstellung;fm_uebersicht;fm_teamwork;fm_ecken;fm_freistoss;fm_elfmeter;fm_tw_reflexe;fm_tw_fangsicherheit;fm_tw_eins_gegen_eins;fm_tw_stellungsspiel;fm_tw_passen;basis_staerke;final_staerke;form_modifier;frische;snapshot_basis;snapshot_final;snapshot_datum;rl_form_score;rl_form_fit;rl_form_schnitt_note;rl_form_minuten;rl_form_einsatz_pct;rl_form_spiele;rl_form_saison;rl_form_team;fs_anzahl_spiele;fs_schnitt_note;fs_tore;fs_assists;fs_gelbe;fs_rote;fs_minuten;ss_saison;ss_spiele;ss_tore;ss_assists;ss_minuten;ss_schnitt_note;ss_gelbe;ss_rote;transfer_datum;transfer_von;transfer_nach;transfer_fee_eur;mv_wert_eur;mv_datum;mv_quelle
1502;Min-jae;Kim;1996-11-15;29;190;R;IV;Innenverteidiger;IV;;;Südkorea;Südkorea;;FC Bayern München;2;FC Bayern München;20000000.00;120000.00;2028-06-30;none;;;0;;0;;;89063073;237086;503482;;82;82;73;79;85;;57;76;35;21;80;84;80;57;;36;23;30;11;7;13;14;11;77;83;70;65;80;60;50;70;35;30;75;80;80;65;60;15;15;35;;;;;;158.00;158.00;0.00;100.00;65.00;65.00;2026-06-09;0;1.00;6.66;419;46.56;6;2024;FC Bayern München;7;6.6333333333333333;0;0;2;0;419;;;;;;;;;;;;;;;
1511;Leon;Goretzka;1995-02-06;31;189;R;DM;Zentrales Mittelfeld;DM;;;Deutschland;Deutschland;;FC Bayern München;2;FC Bayern München;12000000.00;72000.00;2026-06-30;none;;;0;;0;;;91104807;209658;153084;;81;81;81;69;84;;79;83;74;76;84;82;75;77;;76;69;60;9;8;13;11;15;77;85;70;80;85;70;60;75;55;60;80;70;60;70;80;50;60;60;;;;;;156.00;156.00;0.00;100.00;59.00;59.00;2026-06-09;2;1.02;7.14;434;48.22;8;2024;FC Bayern München;9;7.0250000000000000;0;1;0;0;434;;;;;;;;;;;;;;;
1503;Hiroki;Ito;1999-05-12;27;188;L;LV;Innenverteidiger;LV;;;Japan;Japan;;FC Bayern München;2;FC Bayern München;18000000.00;108000.00;2028-06-30;none;;;0;;0;;;45109024;234205;353892;;78;81;74;59;77;;69;77;68;48;74;78;83;66;;52;45;47;10;10;13;10;10;73;75;75;70;65;65;55;75;60;35;65;65;75;70;80;60;60;35;;;;;;149.00;149.00;0.00;100.00;66.00;66.00;2026-06-09;0;1.00;6.90;31;3.44;1;2024;FC Bayern München;1;6.9000000000000000;0;0;0;0;31;;;;;;;;;;;;;;;
1506;Konrad;Laimer;1997-05-27;29;180;R;RV;Rechter Verteidiger;RV;;;Österreich;Österreich;;FC Bayern München;2;FC Bayern München;32000000.00;192000.00;2027-06-30;none;;;0;;0;;;16147659;225375;223967;;84;84;82;84;69;;74;83;79;69;67;79;86;78;;70;47;54;12;12;9;13;12;77;78;75;85;65;60;60;65;60;40;40;85;60;60;95;40;40;40;;;;;;159.00;159.00;0.00;100.00;71.00;71.00;2026-06-09;2;1.02;7.35;821;91.22;10;2024;FC Bayern München;10;7.3600000000000000;1;2;1;0;821;;;;;;;;;;;;;;;
1498;Manuel;Neuer;1986-03-27;40;193;R;TW;Torwart;TW;;;Deutschland;Deutschland;2;FC Bayern München;2;FC Bayern München;4000000.00;24000.00;2027-06-30;none;;;0;;0;;;8718372;167495;17259;;82;82;35;43;80;;30;60;15;13;25;10;17;68;;14;11;49;79;80;80;84;88;73;97;;;;;;;;;;;;;;;;;60;70;80;70;75;154.00;154.00;0.00;100.00;44.00;44.00;2026-06-09;2;1.02;7.80;180;20.00;2;2024;FC Bayern München;3;7.8000000000000000;0;0;0;0;180;;;;;;;;;;;;;;;
1507;Aleksandar;Pavlovic;2004-05-03;22;188;B;DM;Defensives Mittelfeld;DM;;;Deutschland, Serbien;;;FC Bayern München;2;FC Bayern München;90000000.00;540000.00;2029-06-30;none;;;0;;0;;;2000171034;275298;792380;;82;87;59;78;76;;79;87;76;66;72;77;81;83;;76;68;50;7;9;6;9;15;75;86;60;85;55;75;60;85;65;40;55;60;65;75;80;65;65;60;;;;;;156.00;156.00;0.00;100.00;85.00;85.00;2026-06-09;2;1.02;7.25;423;47.00;7;2024;FC Bayern München;7;7.0857142857142857;0;0;0;0;423;;;;;;;;;;;;;;;
1500;Leon;Klanac;2007-03-01;19;185;R;TW;Torwart;TW;;;Deutschland, Kroatien;;1;FC Bayern München;2;FC Bayern München;150000.00;900.00;2027-06-30;none;;;0;;0;;;2000259380;76337;1009439;;56;75;31;23;46;;7;26;11;4;12;11;9;25;;9;10;12;60;58;59;49;54;44;75;;;;;;;;;;;;;;;;;65;60;60;60;60;104.00;104.00;0.00;100.00;30.00;30.00;2026-06-09;-2;0.98;;0;0.00;0;2024;FC Bayern München;2;;0;0;0;0;0;;;;;;;;;;;;;;;
1512;Bara;Sapoko Ndiaye;2007-12-31;18;180;R;ZM;Zentrales Mittelfeld;ZM;;;Senegal;Senegal;;FC Bayern München;2;FC Bayern München;4000000.00;24000.00;2026-06-30;none;;;0;;0;;;2000529129;85225;1497653;;61;81;85;40;55;;66;65;50;52;55;57;52;62;;53;46;52;11;6;8;10;10;45;70;70;70;25;70;55;70;15;50;45;40;35;55;70;30;40;25;;;;;;109.00;109.00;0.00;100.00;47.00;47.00;2026-06-09;;;;;;;;;;;;;;;;;;;;;;;;;;;;;;
1504;Alphonso;Davies;2000-11-02;25;183;L;LV;Linker Verteidiger;LV;RV;LM;Kanada, Liberia;;12;FC Bayern München;2;FC Bayern München;40000000.00;240000.00;2030-06-30;none;;Muskelverletzung;8;;0;;;20041862;234396;424204;;83;86;93;77;75;;85;84;85;64;74;74;72;77;;72;44;54;14;11;11;5;6;79;85;95;75;65;65;80;60;55;40;45;65;50;60;65;55;55;60;;;;;;159.00;159.00;0.00;100.00;76.00;76.00;2026-06-09;-2;0.98;;0;0.00;0;2024;FC Bayern München;5;2.9200000000000000;0;0;0;0;450;2026/27;21;2;7;1763;2.92;3;0;;;;;;;
1509;David;Santos Daiber;2007-01-10;19;185;R;DM;Defensives Mittelfeld;DM;;;Portugal, Deutschland;;;FC Bayern München;2;FC Bayern München;3000000.00;18000.00;2030-06-30;none;;;0;;0;;;2000262633;79317;1118495;;59;79;61;50;33;;57;67;45;46;56;60;56;58;;51;50;42;10;14;11;7;5;53;70;55;65;50;70;60;70;40;30;55;55;55;65;65;40;40;55;;;;;;114.00;114.00;0.00;100.00;44.00;44.00;2026-06-09;;;;;;;;;;;;;;;;;;;;;;;;;;;;;;
1501;Dayot;Upamecano;1998-10-27;27;186;R;IV;Innenverteidiger;IV;;;Frankreich, Guinea-Bissau;;;FC Bayern München;2;FC Bayern München;70000000.00;420000.00;2030-06-30;none;;;0;;0;;;16182894;229558;344695;;86;88;78;73;87;;73;79;48;39;83;84;86;58;;36;28;39;9;7;6;15;8;83;85;80;65;85;65;60;80;40;30;70;85;80;80;80;15;15;50;;;;;;168.00;168.00;0.00;100.00;82.00;82.00;2026-06-09;-2;0.98;;0;0.00;0;2024;FC Bayern München;;;;;;;;;;;;;;;;;;;;;;
1508;Joshua;Kimmich;1995-02-08;31;177;R;RV;Defensives Mittelfeld;RV;;;Deutschland;Deutschland;;FC Bayern München;2;FC Bayern München;35000000.00;210000.00;2029-06-30;none;;;0;;0;;;92039023;212622;161056;;89;89;70;92;69;;82;89;92;68;72;86;82;86;;85;79;71;15;15;8;15;7;89;92;65;90;60;80;65;90;90;55;60;65;65;90;95;80;75;75;;;;;;175.00;175.00;0.00;100.00;72.00;72.00;2026-06-09;4;1.05;7.79;900;100.00;10;2024;FC Bayern München;10;7.7900000000000000;2;1;0;0;900;;;;;;;;;;;;;;;
1497;Jonas;Urbig;2003-08-08;22;189;B;TW;Torwart;TW;;;Deutschland;Deutschland;;FC Bayern München;2;FC Bayern München;18000000.00;108000.00;2029-06-30;none;;;0;;0;;;91207698;263887;607720;;77;85;33;24;51;;8;46;10;5;13;14;8;45;;12;12;15;79;75;78;77;84;66;83;;;;;;;;;;;;;;;;;80;60;75;65;70;144.00;144.00;0.00;100.00;66.00;66.00;2026-06-09;0;1.00;6.75;720;80.00;8;2024;FC Bayern München;10;6.7500000000000000;0;0;0;0;720;;;;;;;;;;;;;;;
1499;Sven;Ulreich;1988-08-03;37;192;R;TW;Torwart;TW;;;Deutschland;Deutschland;;FC Bayern München;2;FC Bayern München;500000.00;3000.00;2027-06-30;none;;;0;;0;;;35008097;186569;40680;;73;73;40;29;63;;13;34;14;12;8;18;16;42;;12;15;22;76;69;74;73;62;60;69;;;;;;;;;;;;;;;;;75;70;75;65;50;135.00;135.00;0.00;100.00;30.00;30.00;2026-06-09;-2;0.98;;0;0.00;0;2024;FC Bayern München;;;;;;;;;;;;;;;;;;;;;;
148;Alejo;Sarco;2006-01-06;20;179;L;ST;Mittelstürmer;ST;;;Argentinien, Italien;;;Borussia Mönchengladbach;13;Borussia Mönchengladbach;2000000.00;12000.00;2026-06-30;none;;;0;;0;;;2000110066;71101;1000675;;64;81;67;55;68;;59;53;50;65;60;27;22;54;;44;38;60;10;15;12;5;15;56;64;75;60;60;65;60;55;40;55;60;35;30;50;60;40;50;65;;;;;;40.00;40.00;0.00;100.00;40.00;40.00;2026-06-09;;;;;;;;;;;;;;;;;;;;;;;;;;;;;;
391;Philipp;Treu;2000-12-03;25;173;R;RV;Rechter Verteidiger;RV;;;Deutschland;Deutschland;;SC Freiburg;12;SC Freiburg;15000000.00;90000.00;;none;;;0;;0;;;91208079;262666;335993;;74;77;83;93;54;;77;75;73;49;42;67;69;63;;53;44;40;9;7;7;8;8;67;70;75;80;55;60;55;55;60;30;35;60;60;50;80;50;40;40;;;;;;149.00;149.00;0.00;100.00;64.00;64.00;2026-06-09;;;;;;;;;;;;;;;;;;;;;;;;;;;;;;
1505;Josip;Stanisic;2000-04-02;26;187;B;RV;Rechter Verteidiger;RV;;;Kroatien, Deutschland;;;FC Bayern München;2;FC Bayern München;40000000.00;240000.00;2029-06-30;none;;;0;;0;;;91190673;250955;483046;;79;82;77;71;76;;68;75;73;44;77;80;80;59;;67;23;37;12;6;11;9;10;74;78;75;75;70;60;60;65;60;40;70;75;70;65;80;30;30;40;;;;;;151.00;151.00;0.00;100.00;76.00;76.00;2026-06-09;2;1.02;7.25;792;88.00;10;2024;FC Bayern München;10;7.1600000000000000;0;1;0;0;792;;;;;;;;;;;;;;;
1540;Karim;Adeyemi;2002-01-18;24;180;L;RF;Rechtsaußen;RF;;;Deutschland, Nigeria;;;Borussia Dortmund;3;Borussia Dortmund;40000000.00;240000.00;2027-06-30;none;;;0;;0;;;16279486;251852;496094;;82;86;96;77;67;;84;74;73;81;75;34;25;74;;69;62;70;7;12;12;12;7;75;80;90;60;45;60;65;50;45;60;50;40;40;50;55;55;50;65;;;;;;154.00;154.00;0.00;100.00;76.00;76.00;2026-06-09;0;1.00;;0;0.00;0;2024;Borussia Dortmund;;;;;;;;;;;;;;;;;;;;;;
1781;Mio;Backhaus;2004-04-16;22;194;R;TW;Torwart;TW;;;Deutschland, Japan;;;SV Werder Bremen;16;SV Werder Bremen;15000000.00;90000.00;;none;;;0;;0;;;2000065824;268428;620295;;75;84;28;25;56;;14;24;12;8;12;10;10;41;;13;13;12;81;69;76;75;66;63;76;;;;;;;;;;;;;;;;;80;60;75;60;50;150.00;150.00;0.00;100.00;64.00;64.00;2026-06-09;;;;;;;;;;;;;;;;;;;;;;;;;;;;;;
244;Jonathan;Tah;1996-02-11;30;195;R;IV;Innenverteidiger;IV;;;Deutschland, Elfenbeinküste;;;FC Bayern München;2;FC Bayern München;28000000.00;168000.00;;none;;;0;;0;;;91119700;213331;196357;;87;87;71;76;91;;60;78;39;32;89;89;88;57;;37;27;38;14;8;11;9;7;79;80;80;65;90;60;50;70;35;30;80;65;80;65;80;20;20;40;;;;;;165.00;165.00;0.00;100.00;69.00;69.00;2026-06-09;-2;0.98;;0;0.00;0;2024;FC Bayern München;;;;;;;;;;;;;;;;;;;;;;
1517;Michael;Olise;2001-12-12;24;184;L;RF;Rechtsaußen;RF;;;Frankreich, England;;;FC Bayern München;2;FC Bayern München;150000000.00;900000.00;2029-06-30;none;;;0;;0;;;29221846;247827;566723;;89;91;74;85;62;;91;88;85;85;36;58;44;89;;87;81;72;10;11;9;10;9;88;93;70;75;65;90;90;90;85;75;40;45;40;90;65;80;80;75;;;;;;175.00;175.00;0.00;100.00;177.00;177.00;2026-06-09;5;1.06;8.10;861;95.67;10;2024;Bayern München;10;8.0800000000000000;4;8;2;0;861;;;;;;;;;;;;;;;
1514;Lennart;Karl;2008-02-22;18;168;L;RF;Offensives Mittelfeld;RF;;;Deutschland;Deutschland;;FC Bayern München;2;FC Bayern München;60000000.00;360000.00;2029-06-30;loaned_out;2027-06-30;;0;;0;;;2000375662;78063;1075147;;75;88;68;55;34;;83;74;69;72;47;32;36;74;;76;54;62;12;6;11;14;8;65;90;60;70;30;80;80;65;60;60;30;30;30;65;60;65;75;75;;;;;;140.00;140.00;0.00;100.00;77.00;77.00;2026-06-09;-2;0.98;;0;0.00;0;2024;FC Bayern München;5;;0;0;0;0;0;2026/27;12;3;4;786;2.90;0;0;;;;;;;
1535;Jobe;Bellingham;2005-09-23;20;191;R;DM;Zentrales Mittelfeld;DM;;;England, Irland;;;Borussia Dortmund;3;Borussia Dortmund;40000000.00;240000.00;2030-06-30;none;;;0;;0;;;2000205927;270964;796297;;77;83;71;84;77;;78;78;64;69;74;80;76;74;;65;59;56;11;10;10;15;13;66;85;65;75;70;70;65;70;50;55;65;65;60;60;65;55;55;55;;;;;;143.00;143.00;0.00;100.00;73.00;73.00;2026-06-09;;;;;;;;;;;;;;;;;;;;;;;;;;;;;;
1524;Waldemar;Anton;1996-07-20;29;189;R;IV;Innenverteidiger;IV;;;Deutschland;Deutschland;;Borussia Dortmund;3;Borussia Dortmund;18000000.00;108000.00;2028-06-30;none;;;0;;0;;;91137493;229476;193004;;83;83;73;79;86;;64;79;52;42;79;86;87;70;;39;39;48;13;12;11;13;12;75;76;70;75;75;60;60;70;40;30;70;75;75;65;80;20;30;40;;;;;;158.00;158.00;0.00;100.00;64.00;64.00;2026-06-09;0;1.00;;0;0.00;0;2024;Borussia Dortmund;;;;;;;;;;;;;;;;;;;;;;
1519;Harry;Kane;1993-07-28;32;188;R;ST;Mittelstürmer;ST;;;England, Irland;;9;FC Bayern München;2;FC Bayern München;60000000.00;360000.00;2027-06-30;none;;;0;;0;;;28049320;202126;132098;;90;90;65;76;87;;80;86;80;96;90;44;46;86;;82;69;92;11;10;8;14;11;94;95;65;80;80;85;70;90;60;95;85;45;40;90;80;55;60;99;;;;;;181.00;181.00;0.00;100.00;76.00;76.00;2026-06-09;3;1.04;7.44;713;79.22;9;2024;FC Bayern München;9;7.4888888888888889;6;2;1;0;713;2026/27;24;21;7;2130;1.72;2;0;2025-07-01;FC Bayern München;FC Bayern München;0.00;65000000.00;2025-12-01;Transfermarkt
1527;Emre;Can;1994-01-12;32;186;R;IV;Innenverteidiger;IV;;;Deutschland, Türkei;;;Borussia Dortmund;3;Borussia Dortmund;3000000.00;18000.00;2027-06-30;none;;;0;;0;;;92021718;208333;119296;;82;82;76;73;85;;73;77;63;71;82;86;79;69;;77;64;86;11;8;14;13;8;73;78;75;70;80;65;65;65;45;50;70;80;65;65;60;40;55;95;;;;;;154.00;154.00;0.00;100.00;43.00;43.00;2026-06-09;0;1.00;;0;0.00;0;2024;Borussia Dortmund;;;;;;;;;;;;;;;;;;;;;;
1525;Ramy;Bensebaini;1995-04-16;31;187;L;LV;Innenverteidiger;LV;;;Algerien;Algerien;;Borussia Dortmund;3;Borussia Dortmund;7000000.00;42000.00;2027-06-30;none;;;0;;0;;;12038706;224196;284732;;79;79;73;77;77;;78;76;73;72;84;82;74;63;;67;62;86;14;13;6;7;14;73;74;70;70;70;75;60;65;60;50;80;75;65;65;65;60;55;85;;;;;;150.00;150.00;0.00;100.00;53.00;53.00;2026-06-09;0;1.00;;0;0.00;0;2024;Borussia Dortmund;;;;;;;;;;;;;;;;;;;;;;
265;Patrick;Drewes;1993-02-04;33;194;R;TW;Torwart;TW;;;Deutschland;Deutschland;;Borussia Dortmund;3;Borussia Dortmund;300000.00;1800.00;;none;;;0;;0;;;91100472;210772;94192;;71;71;29;41;77;;12;25;15;14;15;15;16;39;;18;14;26;70;70;73;71;67;59;63;;;;;;;;;;;;;;;;;70;60;70;65;50;131.00;131.00;0.00;100.00;30.00;30.00;2026-06-09;0;1.00;;0;0.00;0;2024;Borussia Dortmund;;;;;;;;;;;;;;;;;;;;;;
1971;Gregor;Kobel;1997-12-06;28;196;R;TW;Torwart;TW;;;;;;Borussia Dortmund;3;Borussia Dortmund;40000000.00;240000.00;;none;;;0;;0;;;98040383;235073;257814;;86;89;52;32;81;;24;39;13;10;13;15;15;59;;13;12;12;87;83;87;86;64;81;83;;;;;;;;;;;;;;;;;95;80;90;80;50;167.00;167.00;0.00;100.00;76.00;76.00;2026-06-09;0;1.00;;0;0.00;0;2024;Borussia Dortmund;;;;;;;;;;;;;;;;;;;;;;
1521;Alexander;Meyer;1991-04-13;35;195;R;TW;Torwart;TW;;;Deutschland;Deutschland;;Borussia Dortmund;3;Borussia Dortmund;500000.00;3000.00;2027-06-30;none;;;0;;0;;;91018450;241050;76158;;74;74;45;19;79;;17;31;13;8;11;10;20;36;;12;10;12;75;71;72;74;79;66;67;;;;;;;;;;;;;;;;;70;65;65;65;65;140.00;140.00;0.00;100.00;30.00;30.00;2026-06-09;0;1.00;;0;0.00;0;2024;Borussia Dortmund;;;;;;;;;;;;;;;;;;;;;;
1523;Nico;Schlotterbeck;1999-12-01;26;191;L;IV;Innenverteidiger;IV;;;Deutschland;Deutschland;;Borussia Dortmund;3;Borussia Dortmund;55000000.00;330000.00;2031-06-30;loaned_in;2027-06-30;;0;;0;;;92088306;247819;388198;;86;88;72;74;87;;74;81;70;51;86;88;87;72;;67;55;38;13;10;8;14;8;80;83;70;65;80;70;60;80;60;35;70;85;75;80;80;70;65;65;;;;;;165.00;165.00;0.00;100.00;79.00;79.00;2026-06-09;0;1.00;;0;0.00;0;2024;Borussia Dortmund;;;;;;;;2026/27;17;1;2;1488;2.60;0;0;;;;;;;
1522;Silas;Ostrzinski;2003-11-19;22;198;R;TW;Torwart;TW;;;Deutschland;Deutschland;;Borussia Dortmund;3;Borussia Dortmund;200000.00;1200.00;2027-06-30;none;;;0;;0;;;2000069555;266906;684116;;63;75;34;29;68;;10;26;9;6;11;9;9;31;;12;10;15;65;60;65;62;59;51;68;;;;;;;;;;;;;;;;;70;60;70;60;40;117.00;117.00;0.00;100.00;32.00;32.00;2026-06-09;0;1.00;;0;0.00;0;2024;Borussia Dortmund;;;;;;;;;;;;;;;;;;;;;;
1526;Luca;Reggiani;2008-01-09;18;194;R;IV;Innenverteidiger;IV;;;Italien;Italien;;Borussia Dortmund;3;Borussia Dortmund;10000000.00;60000.00;;none;;;0;;0;;;2000333549;83751;1074990;;66;82;65;51;67;;56;61;44;29;66;69;65;31;;31;29;32;13;10;12;13;14;49;64;60;65;60;50;50;55;35;25;60;60;60;50;60;20;20;30;;;;;;118.00;118.00;0.00;100.00;56.00;56.00;2026-06-09;;;;;;;;;;;;;;;;;;;;;;;;;;;;;;
1536;Carney;Chukwuemeka;2003-10-20;22;187;R;ZM;Zentrales Mittelfeld;ZM;;;Österreich, England;;;Borussia Dortmund;3;Borussia Dortmund;20000000.00;120000.00;2030-06-30;none;;;0;;0;;;28127875;259356;659459;;78;84;75;64;76;;86;79;72;70;59;66;55;77;;71;52;60;10;12;12;11;9;68;80;70;65;60;85;80;70;50;50;55;55;45;65;55;50;50;60;;;;;;145.00;145.00;0.00;100.00;67.00;67.00;2026-06-09;0;1.00;;0;0.00;0;2024;Borussia Dortmund;;;;;;;;;;;;;;;;;;;;;;
1528;Niklas;Süle;1995-09-03;30;195;R;IV;Innenverteidiger;IV;;;Deutschland;Deutschland;;Borussia Dortmund;3;Borussia Dortmund;4000000.00;24000.00;2026-06-30;none;;;0;;0;;;91107360;212190;166601;;78;78;69;52;92;;69;76;54;36;75;78;78;66;;43;40;35;15;7;15;7;14;71;80;75;60;85;65;60;70;55;40;70;70;75;65;65;20;30;50;;;;;;149.00;149.00;0.00;100.00;48.00;48.00;2026-06-09;0;1.00;;0;0.00;0;2024;Borussia Dortmund;;;;;;;;;;;;;;;;;;;;;;
1533;Salih;Özcan;1998-01-11;28;182;R;DM;Defensives Mittelfeld;DM;;;Türkei, Deutschland;;;Borussia Dortmund;3;Borussia Dortmund;3500000.00;21000.00;2026-06-30;none;;;0;;0;;;91139869;235407;244940;;74;75;66;73;78;;72;73;62;59;71;76;74;64;;59;53;57;11;7;13;9;9;66;70;65;75;70;60;60;65;55;40;65;70;65;60;80;60;60;60;;;;;;140.00;140.00;0.00;100.00;48.00;48.00;2026-06-09;0;1.00;;0;0.00;0;2024;Borussia Dortmund;;;;;;;;;;;;;;;;;;;;;;
1515;Raphaël;Guerreiro;1993-12-22;32;170;L;LV;Linker Verteidiger;LV;;;Portugal, Frankreich;;;FC Bayern München;2;FC Bayern München;5000000.00;30000.00;2026-06-30;none;;;0;;0;;;85045409;209889;170986;;79;79;63;70;49;;85;86;84;76;42;75;75;83;;84;78;54;8;6;12;11;8;75;80;60;80;45;85;75;80;80;55;35;50;45;80;75;70;80;60;;;;;;152.00;152.00;0.00;100.00;48.00;48.00;2026-06-09;2;1.02;7.22;428;47.56;8;2024;FC Bayern München;8;7.1857142857142857;1;1;2;0;429;;;;;;;;;;;;;;;
1520;Nicolas;Jackson;2001-06-20;24;187;R;ST;Mittelstürmer;ST;;;Senegal, Gambia;;;FC Bayern München;2;FC Bayern München;40000000.00;240000.00;2026-06-30;none;;;0;;0;;;12087972;259197;776890;;79;82;83;81;77;;81;77;62;81;76;40;30;73;;72;50;60;7;7;12;7;12;73;81;80;75;70;70;75;60;50;65;65;45;40;60;60;40;40;65;;;;;;151.00;151.00;0.00;100.00;76.00;76.00;2026-06-09;;;;;;;;;;;;;;;;;;;;;;;;;;;;;;
388;Anthony;Jung;1991-11-03;34;186;L;IV;Innenverteidiger;IV;;;Deutschland, Spanien;;;SC Freiburg;12;SC Freiburg;600000.00;3600.00;;none;;;0;;0;;;92021650;207897;58995;;71;71;69;70;77;;59;63;56;51;68;74;72;57;;64;63;50;10;13;11;11;7;65;68;60;70;70;60;55;60;60;35;65;65;65;60;80;60;65;50;;;;;;142.00;142.00;0.00;100.00;30.00;30.00;2026-06-09;;;;;;;;;;;;;;;;;;;;;;;;;;;;;;
1529;Filippo;Mane;2005-03-08;21;188;R;IV;Innenverteidiger;IV;;;Italien, Senegal;;;Borussia Dortmund;3;Borussia Dortmund;2500000.00;15000.00;2028-06-30;none;;;0;;0;;;2000121585;73016;883007;;65;79;69;46;69;;51;64;21;22;64;66;64;39;;23;28;30;14;12;13;9;13;55;75;70;60;65;60;55;60;40;30;65;65;65;55;60;15;15;30;;;;;;122.00;122.00;0.00;100.00;45.00;45.00;2026-06-09;0;1.00;;0;0.00;0;2024;Borussia Dortmund;;;;;;;;;;;;;;;;;;;;;;
1534;Felix;Nmecha;2000-10-10;25;190;R;DM;Zentrales Mittelfeld;DM;;;Deutschland,England;;;Borussia Dortmund;3;Borussia Dortmund;50000000.00;300000.00;2030-06-30;none;;;0;;0;;;28113827;246863;406640;;84;86;86;79;90;;85;85;64;75;83;85;79;78;;72;55;57;8;10;6;13;12;77;80;80;75;80;80;80;75;55;50;65;65;60;75;65;60;60;60;;;;;;162.00;162.00;0.00;100.00;78.00;78.00;2026-06-09;0;1.00;;0;0.00;0;2024;Borussia Dortmund;;;;;;;;;;;;;;;;;;;;;;
1635;Farès;Chaïbi;2002-11-28;23;183;R;OM;Offensives Mittelfeld;OM;;;Algerien, Frankreich;;;Eintracht Frankfurt;10;Eintracht Frankfurt;15000000.00;90000.00;;none;;;0;;0;;;49060523;270670;855015;;76;81;69;69;69;;77;79;79;71;67;71;72;80;;78;72;61;11;13;10;12;12;67;73;65;80;55;80;65;70;60;40;40;50;50;75;65;75;70;60;;;;;;152.00;152.00;0.00;100.00;64.00;64.00;2026-06-09;;;;;;;;;;;;;;;;;;;;;;;;;;;;;;
1539;Julian;Brandt;1996-05-02;30;185;R;ZM;Offensives Mittelfeld;ZM;;;Deutschland;Deutschland;;Borussia Dortmund;3;Borussia Dortmund;15000000.00;90000.00;2026-06-30;none;;;0;;0;;;91119265;212194;187492;;82;82;79;85;72;;84;85;78;76;54;29;49;86;;82;78;55;9;16;11;8;11;74;79;70;75;50;85;75;80;70;60;35;40;40;85;60;70;75;60;;;;;;155.00;155.00;0.00;100.00;62.00;62.00;2026-06-09;0;1.00;;0;0.00;0;2024;Borussia Dortmund;;;;;;;;;;;;;;;;;;;;;;
1543;Maximilian;Beier;2002-10-17;23;185;R;ST;Mittelstürmer;ST;;;Deutschland;Deutschland;;Borussia Dortmund;3;Borussia Dortmund;40000000.00;240000.00;2029-06-30;none;;;0;;0;;;91207281;254117;578392;;80;84;86;85;53;;80;77;67;83;74;39;56;72;;74;51;65;13;8;6;6;8;73;80;85;75;50;65;65;55;50;70;65;40;40;60;80;40;40;65;;;;;;152.00;152.00;0.00;100.00;76.00;76.00;2026-06-09;0;1.00;;0;0.00;0;2024;Borussia Dortmund;;;;;;;;;;;;;;;;;;;;;;
1974;Janis;Blaswich;1991-05-02;35;193;R;TW;Torwart;TW;;;;;;Bayer 04 Leverkusen;8;Bayer 04 Leverkusen;700000.00;4200.00;;none;;;0;;0;;;91017776;204092;81173;;74;74;38;31;74;;19;38;20;18;15;15;10;46;;29;8;30;77;68;76;76;65;64;68;;;;;;;;;;;;;;;;;65;65;65;65;60;148.00;148.00;0.00;100.00;31.00;31.00;2026-06-09;;;;;;;;;;;;;;;;;;;;;;;;;;;;;;
1538;Yan;Couto;2002-06-03;24;168;R;RV;Rechtes Mittelfeld;RV;;;Brasilien, Portugal;;;Borussia Dortmund;3;Borussia Dortmund;17000000.00;102000.00;2030-06-30;none;;;0;;0;;;19383257;259075;627228;;77;81;69;74;51;;85;83;82;63;44;72;74;75;;77;43;55;11;6;9;8;13;69;80;75;70;45;75;80;70;75;40;30;55;50;70;60;60;50;40;;;;;;145.00;145.00;0.00;100.00;65.00;65.00;2026-06-09;0;1.00;;0;0.00;0;2024;Borussia Dortmund;;;;;;;;;;;;;;;;;;;;;;
1973;Jonas;Omlin;1994-01-10;32;190;R;TW;Torwart;TW;;;;;;Bayer 04 Leverkusen;8;Bayer 04 Leverkusen;800000.00;4800.00;;none;;;0;;0;;;98033113;223550;247915;;73;73;51;35;69;;27;35;24;17;24;21;20;42;;21;16;27;74;72;74;71;66;66;73;;;;;;;;;;;;;;;;;80;60;70;70;60;146.00;146.00;0.00;100.00;33.00;33.00;2026-06-09;;;;;;;;;;;;;;;;;;;;;;;;;;;;;;
1541;Samuele;Inácio;2008-04-02;18;176;R;OM;Hängende Spitze;OM;;;Italien, Brasilien;;;Borussia Dortmund;3;Borussia Dortmund;15000000.00;90000.00;2029-06-30;none;;;0;;0;;;2000338374;83748;1058359;;66;84;67;54;40;;74;69;65;61;34;29;34;61;;56;39;60;6;12;7;15;9;50;80;70;55;30;80;70;60;50;50;35;30;25;60;50;55;55;60;;;;;;119.00;119.00;0.00;100.00;61.00;61.00;2026-06-09;;;;;;;;;;;;;;;;;;;;;;;;;;;;;;
1542;Serhou;Guirassy;1996-03-12;30;187;R;ST;Mittelstürmer;ST;;;Guinea, Frankreich;;;Borussia Dortmund;3;Borussia Dortmund;32000000.00;192000.00;2028-06-30;none;;;0;;0;;;85111795;215441;270541;;85;85;71;84;85;;81;81;65;85;86;44;42;79;;76;67;80;8;8;11;12;12;80;83;65;65;80;75;65;70;40;85;80;40;40;70;75;30;65;60;;;;;;163.00;163.00;0.00;100.00;71.00;71.00;2026-06-09;0;1.00;;0;0.00;0;2024;Borussia Dortmund;;;;;;;;;;;;;;;;;;;;;;
1814;Chrislain;Matsima;2002-05-15;24;193;R;IV;Innenverteidiger;IV;;;Frankreich, Kongo;;;FC Augsburg;17;FC Augsburg;22000000.00;132000.00;2030-06-30;none;;;0;;0;;;49048468;258432;569383;;77;85;84;72;82;;54;66;38;29;78;78;80;51;;31;23;43;11;8;12;6;8;68;78;80;60;75;60;55;60;40;30;70;65;70;55;65;15;15;35;;;;;;155.00;155.00;0.00;100.00;68.00;68.00;2026-06-09;;;;;;;;;;;;;;;;;;;;;;;;;;;;;;
1562;Robert;Andrich;1994-09-22;31;187;R;DM;Defensives Mittelfeld;DM;;;Deutschland;Deutschland;;Bayer 04 Leverkusen;8;Bayer 04 Leverkusen;6000000.00;36000.00;;none;;;0;;0;;;91108805;212242;159088;;79;79;56;67;84;;74;79;71;74;74;79;80;73;;80;76;62;15;9;7;13;10;73;76;60;80;75;60;50;70;40;40;65;75;70;60;85;50;70;60;;;;;;157.00;157.00;0.00;100.00;52.00;52.00;2026-06-09;;;;;;;;;;;;;;;;;;;;;;;;;;;;;;
1544;Fábio;Silva;2002-07-19;23;185;R;ST;Mittelstürmer;ST;;;Portugal;Portugal;;Borussia Dortmund;3;Borussia Dortmund;22000000.00;132000.00;2030-06-30;none;;;0;;0;;;83228802;252037;505653;;79;85;83;83;74;;81;78;45;77;80;28;32;74;;52;46;75;8;12;6;13;7;69;78;70;65;65;75;70;60;45;70;70;30;30;60;60;40;40;70;;;;;;147.00;147.00;0.00;100.00;68.00;68.00;2026-06-09;;;;;;;;;;;;;;;;;;;;;;;;;;;;;;
1972;Mark;Flekken;1993-06-13;32;195;B;TW;Torwart;TW;;;;;;Bayer 04 Leverkusen;8;Bayer 04 Leverkusen;6000000.00;36000.00;;none;;;0;;0;;;92056834;211738;125714;;78;78;36;28;72;;12;54;14;16;11;13;15;55;;19;12;23;80;76;79;76;80;70;71;;;;;;;;;;;;;;;;;75;65;80;60;65;156.00;156.00;0.00;100.00;50.00;50.00;2026-06-09;;;;;;;;;;;;;;;;;;;;;;;;;;;;;;
1547;Niklas;Lomb;1993-07-28;32;186;R;TW;Torwart;TW;;;Deutschland;Deutschland;;Bayer 04 Leverkusen;8;Bayer 04 Leverkusen;250000.00;1500.00;;none;;;0;;0;;;91108274;210366;85543;;66;66;39;40;68;;14;26;15;17;15;12;16;27;;17;13;14;70;58;68;63;64;53;58;;;;;;;;;;;;;;;;;60;55;65;55;50;132.00;132.00;0.00;100.00;30.00;30.00;2026-06-09;;;;;;;;;;;;;;;;;;;;;;;;;;;;;;
1975;Jarell;Quansah;2003-01-29;23;190;R;IV;Innenverteidiger;IV;;;;;;Bayer 04 Leverkusen;8;Bayer 04 Leverkusen;45000000.00;270000.00;;none;;;0;;0;;;28127161;273651;632349;;76;84;78;64;82;;72;74;38;26;78;75;75;61;;53;37;45;9;6;9;9;11;71;80;75;60;75;65;65;70;45;35;75;75;70;60;70;15;30;35;;;;;;152.00;152.00;0.00;100.00;77.00;77.00;2026-06-09;;;;;;;;;;;;;;;;;;;;;;;;;;;;;;
1531;Almugera;Kabar;2006-06-06;20;186;L;LV;Linker Verteidiger;LV;;;Deutschland, Libyen;;;Borussia Dortmund;3;Borussia Dortmund;3000000.00;18000.00;2028-06-30;none;;;0;;0;;;2000180861;278854;884820;;65;80;77;60;75;;64;65;66;44;58;62;57;49;;59;50;41;7;7;10;8;10;56;75;80;65;80;50;60;45;55;35;60;65;50;45;60;40;60;50;;;;;;122.00;122.00;0.00;100.00;44.00;44.00;2026-06-09;;;;;;;;;;;;;;;;;;;;;;;;;;;;;;
1584;Lukas;Klostermann;1996-06-03;30;189;R;IV;Innenverteidiger;IV;;;Deutschland;Deutschland;;RB Leipzig;9;RB Leipzig;3500000.00;21000.00;;none;;;0;;0;;;91134708;222331;215599;;76;77;83;72;78;;69;72;68;55;74;77;77;55;;47;22;32;7;12;8;7;10;68;73;75;70;70;60;55;60;55;35;65;65;65;60;80;25;25;40;;;;;;152.00;152.00;0.00;100.00;46.00;46.00;2026-06-09;;;;;;;;;;;;;;;;;;;;;;;;;;;;;;
1570;Martin;Terrier;1997-03-04;29;184;R;LF;Linksaußen;LF;;;Frankreich;Frankreich;;Bayer 04 Leverkusen;8;Bayer 04 Leverkusen;8000000.00;48000.00;;none;;;0;;0;;;48042204;236786;442891;;79;79;75;73;74;;81;80;73;80;75;31;34;77;;77;58;73;8;5;12;5;13;68;75;65;70;65;75;65;65;60;65;65;40;40;65;60;60;60;65;;;;;;157.00;157.00;0.00;100.00;55.00;55.00;2026-06-09;;;;;;;;;;;;;;;;;;;;;;;;;;;;;;
1573;Victor;Boniface;2000-12-23;25;190;R;ST;Mittelstürmer;ST;;;Nigeria;Nigeria;;SV Werder Bremen;16;SV Werder Bremen;5000000.00;30000.00;;none;;;0;;0;;;53174131;247679;656681;;79;83;69;55;90;;83;74;48;78;77;31;38;74;;70;58;70;12;5;14;7;7;68;80;65;50;85;80;80;65;40;65;70;25;25;65;50;30;50;75;;;;;;157.00;157.00;0.00;100.00;52.00;52.00;2026-06-09;;;;;;;;;;;;;;;;;;;;;;;;;;;;;;
1824;Marius;Wolf;1995-05-27;31;188;R;RV;Rechter Verteidiger;RV;;;Deutschland;Deutschland;;FC Augsburg;17;FC Augsburg;2500000.00;15000.00;2027-06-30;none;;;0;;0;;;91124151;224425;193900;;73;73;74;80;76;;72;71;73;71;57;72;70;71;;69;70;52;8;15;12;16;7;65;73;75;75;60;55;65;55;60;40;50;60;45;55;75;60;60;55;;;;;;146.00;146.00;0.00;100.00;43.00;43.00;2026-06-09;;;;;;;;;;;;;;;;;;;;;;;;;;;;;;
1518;Serge;Gnabry;1995-07-14;30;176;R;RF;Hängende Spitze;RF;;;Deutschland, Elfenbeinküste;;;FC Bayern München;2;FC Bayern München;18000000.00;108000.00;2028-06-30;none;;;0;;0;;;28066083;206113;159471;;83;83;75;66;68;;85;83;78;84;42;44;45;82;;74;62;67;7;10;14;9;10;79;83;70;65;60;75;75;70;60;75;55;45;40;70;65;60;60;60;;;;;;159.00;159.00;0.00;100.00;64.00;64.00;2026-06-09;2;1.02;7.23;451;50.11;10;2024;FC Bayern München;10;7.0800000000000000;2;3;0;0;451;;;;;;;;;;;;;;;
1577;Péter;Gulácsi;1990-05-06;36;193;R;TW;Torwart;TW;;;Ungarn;Ungarn;;RB Leipzig;9;RB Leipzig;1000000.00;6000.00;;none;;;0;;0;;;28018193;185122;57071;;84;84;44;37;74;;19;35;16;10;23;16;25;44;;18;11;24;83;83;83;87;74;74;75;;;;;;;;;;;;;;;;;85;75;80;60;55;168.00;168.00;0.00;100.00;32.00;32.00;2026-06-09;;;;;;;;;;;;;;;;;;;;;;;;;;;;;;
1578;Leopold;Zingerle;1994-04-10;32;182;R;TW;Torwart;TW;;;Deutschland;Deutschland;;RB Leipzig;9;RB Leipzig;300000.00;1800.00;;none;;;0;;0;;;91119572;222546;160971;;69;69;47;34;54;;9;28;11;7;10;9;11;40;;11;12;15;71;66;70;68;66;58;60;;;;;;;;;;;;;;;;;65;55;70;55;60;138.00;138.00;0.00;100.00;30.00;30.00;2026-06-09;;;;;;;;;;;;;;;;;;;;;;;;;;;;;;
1576;Maarten;Vandevoordt;2002-02-26;24;192;R;TW;Torwart;TW;;;Belgien;Belgien;;RB Leipzig;9;RB Leipzig;15000000.00;90000.00;;none;;;0;;0;;;18107187;242879;486046;;77;85;40;38;59;;26;53;23;7;16;10;11;64;;15;8;15;78;76;79;75;80;66;78;;;;;;;;;;;;;;;;;75;65;70;65;60;154.00;154.00;0.00;100.00;64.00;64.00;2026-06-09;;;;;;;;;;;;;;;;;;;;;;;;;;;;;;
1580;Castello;Lukeba;2002-12-17;23;184;L;IV;Innenverteidiger;IV;;;Frankreich, Angola;;;RB Leipzig;9;RB Leipzig;50000000.00;300000.00;;none;;;0;;0;;;49056273;262138;618472;;81;87;71;65;78;;73;78;60;41;82;86;81;74;;55;26;39;13;10;8;11;14;74;85;75;65;70;65;65;75;45;30;70;70;75;65;75;30;30;35;;;;;;162.00;162.00;0.00;100.00;78.00;78.00;2026-06-09;;;;;;;;;;;;;;;;;;;;;;;;;;;;;;
1727;Kevin;Akpoguma;1995-04-19;31;192;R;IV;Innenverteidiger;IV;;;Nigeria, Deutschland;;;TSG 1899 Hoffenheim;14;TSG 1899 Hoffenheim;1500000.00;9000.00;2026-06-30;none;;;0;;0;;;91109389;211856;160241;;73;73;76;65;80;;72;68;65;45;73;75;73;46;;40;27;48;7;13;14;12;10;62;68;70;65;70;55;60;60;50;30;65;75;60;55;75;30;30;50;;;;;;146.00;146.00;0.00;100.00;39.00;39.00;2026-06-09;;;;;;;;;;;;;;;;;;;;;;;;;;;;;;
1586;David;Raum;1998-04-22;28;181;L;LV;Linker Verteidiger;LV;;;Deutschland;Deutschland;;RB Leipzig;9;RB Leipzig;25000000.00;150000.00;;none;;;0;;0;;;91175517;236703;318204;;83;83;86;89;77;;81;78;90;59;64;76;77;80;;88;78;49;6;8;11;12;14;76;77;80;85;65;60;60;60;85;40;40;65;60;65;80;75;80;60;;;;;;166.00;166.00;0.00;100.00;70.00;70.00;2026-06-09;;;;;;;;;;;;;;;;;;;;;;;;;;;;;;
1572;Nathan;Tella;1999-07-05;26;173;R;RF;Rechtsaußen;RF;;;Nigeria, England;;;Bayer 04 Leverkusen;8;Bayer 04 Leverkusen;15000000.00;90000.00;;none;;;0;;0;;;28106683;237328;340322;;78;79;87;78;52;;82;74;74;77;58;41;55;74;;64;45;52;6;6;9;12;8;71;74;80;65;40;65;65;55;55;60;55;45;40;55;55;40;40;60;;;;;;157.00;157.00;0.00;100.00;64.00;64.00;2026-06-09;;;;;;;;;;;;;;;;;;;;;;;;;;;;;;
1567;Jonas;Hofmann;1992-07-14;33;176;R;OM;Offensives Mittelfeld;OM;;;Deutschland;Deutschland;;Bayer 04 Leverkusen;8;Bayer 04 Leverkusen;1500000.00;9000.00;;none;;;0;;0;;;92027981;210324;7161;;63;63;68;71;43;;59;64;60;44;48;59;65;63;;65;62;53;14;7;10;6;7;68;76;65;80;55;65;60;75;70;60;30;50;45;75;80;75;65;65;;;;;;153.00;153.00;0.00;100.00;37.00;37.00;2026-06-09;;;;;;;;;;;;;;;;;;;;;;;;;;;;;;
1733;Luis;Engelns;2007-03-11;19;190;R;DM;Defensives Mittelfeld;DM;;;Deutschland;Deutschland;;TSG 1899 Hoffenheim;14;TSG 1899 Hoffenheim;4000000.00;24000.00;;none;;;0;;0;;;2000258154;71925;1116191;;65;80;56;69;56;;67;69;56;53;60;57;59;66;;45;37;45;12;13;9;5;12;54;68;55;75;45;55;55;60;40;55;65;55;50;55;80;30;35;60;;;;;;47.00;47.00;0.00;100.00;47.00;47.00;2026-06-09;;;;;;;;;;;;;;;;;;;;;;;;;;;;;;
1596;Xaver;Schlager;1997-09-28;28;174;L;ZM;Zentrales Mittelfeld;ZM;;;Österreich;Österreich;;RB Leipzig;9;RB Leipzig;10000000.00;60000.00;;none;;;0;;0;;;16147660;233195;223979;;78;79;64;77;77;;76;78;59;66;44;76;76;76;;73;60;56;7;8;6;12;8;75;76;65;80;75;65;60;75;45;40;40;80;70;70;90;50;60;50;;;;;;155.00;155.00;0.00;100.00;59.00;59.00;2026-06-09;;;;;;;;;;;;;;;;;;;;;;;;;;;;;;
1605;Antonio;Nusa;2005-04-17;21;183;R;LF;Linksaußen;LF;;;Norwegen, Nigeria;;;RB Leipzig;9;RB Leipzig;32000000.00;192000.00;;none;;;0;;0;;;2000090211;262863;894914;;78;88;86;73;59;;86;71;68;73;45;47;38;75;;75;58;54;10;14;12;9;14;71;84;80;65;55;80;80;60;60;55;30;40;40;60;60;60;55;60;;;;;;156.00;156.00;0.00;100.00;73.00;73.00;2026-06-09;;;;;;;;;;;;;;;;;;;;;;;;;;;;;;
1597;Assan;Ouédraogo;2006-05-09;20;191;R;ZM;Zentrales Mittelfeld;ZM;;;Deutschland, Burkina Faso;;;RB Leipzig;9;RB Leipzig;28000000.00;168000.00;;none;;;0;;0;;;2000188173;276602;897424;;74;87;76;67;77;;83;80;65;66;67;56;55;76;;65;58;55;6;10;8;11;6;69;85;65;65;55;80;80;65;50;60;60;50;45;65;60;40;55;60;;;;;;147.00;147.00;0.00;100.00;68.00;68.00;2026-06-09;;;;;;;;;;;;;;;;;;;;;;;;;;;;;;
1606;Tidiam;Gomis;2006-08-08;19;183;R;LF;Linksaußen;LF;;;Frankreich, Senegal;;;RB Leipzig;9;RB Leipzig;5000000.00;30000.00;;none;;;0;;0;;;2000187477;278061;955448;;70;85;89;55;54;;75;61;65;63;33;35;26;69;;63;42;59;13;14;15;10;13;58;65;80;60;50;65;65;55;55;45;50;35;35;50;55;55;50;60;;;;;;141.00;141.00;0.00;100.00;49.00;49.00;2026-06-09;;;;;;;;;;;;;;;;;;;;;;;;;;;;;;
1603;Viggo;Gebel;2007-11-22;18;175;R;OM;Offensives Mittelfeld;OM;;;Deutschland;Deutschland;;RB Leipzig;9;RB Leipzig;350000.00;2100.00;;none;;;0;;0;;;2000330436;74512;1074526;;63;80;69;50;44;;67;61;59;57;44;44;47;63;;60;60;48;11;5;14;13;10;45;73;60;55;35;60;60;60;55;40;40;40;35;60;65;65;60;55;;;;;;31.00;31.00;0.00;100.00;31.00;31.00;2026-06-09;;;;;;;;;;;;;;;;;;;;;;;;;;;;;;
1976;Loïc;Badé;2000-04-11;26;191;R;IV;Innenverteidiger;IV;;;;;;Bayer 04 Leverkusen;8;Bayer 04 Leverkusen;20000000.00;120000.00;;none;;;0;;0;;;49039789;255106;730581;;78;83;66;65;84;;66;74;31;45;76;81;77;63;;35;23;33;7;6;7;7;14;76;80;75;65;80;65;60;70;35;35;70;80;75;65;70;15;15;40;;;;;;156.00;156.00;0.00;100.00;67.00;67.00;2026-06-09;;;;;;;;;;;;;;;;;;;;;;;;;;;;;;
1977;Axel;Tape;2007-08-10;18;180;R;IV;Innenverteidiger;IV;;;;;;Bayer 04 Leverkusen;8;Bayer 04 Leverkusen;8000000.00;48000.00;;none;;;0;;0;;;2000288856;75736;1077670;;67;84;71;55;58;;64;67;55;41;64;73;68;57;;49;37;42;12;12;7;5;5;59;81;75;65;55;65;60;65;50;30;60;60;60;60;75;30;30;40;;;;;;134.00;134.00;0.00;100.00;54.00;54.00;2026-06-09;;;;;;;;;;;;;;;;;;;;;;;;;;;;;;
1631;Oscar;Højlund;2005-01-04;21;184;R;ZM;Zentrales Mittelfeld;ZM;;;Dänemark;Dänemark;;Eintracht Frankfurt;10;Eintracht Frankfurt;15000000.00;90000.00;;none;;;0;;0;;;2000126886;274952;846310;;74;84;81;74;70;;74;79;54;68;66;75;76;73;;54;48;45;13;10;9;8;6;63;74;70;80;60;65;60;65;40;40;55;65;55;60;80;40;40;60;;;;;;149.00;149.00;0.00;100.00;64.00;64.00;2026-06-09;;;;;;;;;;;;;;;;;;;;;;;;;;;;;;
1632;Mahmoud;Dahoud;1996-01-01;30;178;R;ZM;Zentrales Mittelfeld;ZM;;;Syrien, Deutschland;;;Eintracht Frankfurt;10;Eintracht Frankfurt;2000000.00;12000.00;;none;;;0;;0;;;92063787;218339;191422;;73;73;54;70;59;;76;76;67;60;42;59;70;74;;76;53;55;11;7;14;12;9;65;73;60;70;50;80;75;80;50;40;30;60;55;75;60;60;55;50;;;;;;145.00;145.00;0.00;100.00;41.00;41.00;2026-06-09;;;;;;;;;;;;;;;;;;;;;;;;;;;;;;
1636;Mario;Götze;1992-06-03;34;176;R;OM;Offensives Mittelfeld;OM;;;Deutschland;Deutschland;;Eintracht Frankfurt;10;Eintracht Frankfurt;3000000.00;18000.00;;none;;;0;;0;;;35017438;192318;74842;;78;78;51;66;64;;83;86;78;74;47;41;64;85;;83;72;79;10;7;14;6;12;70;86;50;80;50;85;65;80;55;50;40;55;55;80;65;65;65;60;;;;;;156.00;156.00;0.00;100.00;41.00;41.00;2026-06-09;;;;;;;;;;;;;;;;;;;;;;;;;;;;;;
1619;Robin;Koch;1996-07-17;29;192;R;IV;Innenverteidiger;IV;;;Deutschland;Deutschland;;Eintracht Frankfurt;10;Eintracht Frankfurt;10000000.00;60000.00;;none;;;0;;0;;;91147345;236532;328784;;80;80;68;77;82;;60;79;41;40;86;83;81;64;;31;28;38;6;6;9;8;15;73;74;65;65;75;60;50;65;35;30;80;70;75;60;80;15;40;60;;;;;;161.00;161.00;0.00;100.00;57.00;57.00;2026-06-09;;;;;;;;;;;;;;;;;;;;;;;;;;;;;;
1618;Arthur;Theate;2000-05-25;26;185;L;IV;Innenverteidiger;IV;;;Belgien;Belgien;;Eintracht Frankfurt;10;Eintracht Frankfurt;17000000.00;102000.00;;none;;;0;;0;;;18105815;257278;368891;;78;83;68;82;82;;70;76;68;23;73;78;79;70;;53;37;32;10;6;7;11;12;74;78;65;65;75;65;60;75;55;35;75;70;65;70;80;30;55;50;;;;;;155.00;155.00;0.00;100.00;65.00;65.00;2026-06-09;;;;;;;;;;;;;;;;;;;;;;;;;;;;;;
1743;Tim;Lemperle;2002-02-05;24;187;R;ST;Mittelstürmer;ST;;;Deutschland;Deutschland;;TSG 1899 Hoffenheim;14;TSG 1899 Hoffenheim;17000000.00;102000.00;2029-06-30;none;;;0;;0;;;91190494;256564;553285;;76;80;74;78;75;;77;75;65;79;69;42;39;65;;53;45;59;7;10;9;7;8;69;73;75;70;65;65;65;60;55;65;65;45;40;60;80;55;65;60;;;;;;152.00;152.00;0.00;100.00;65.00;65.00;2026-06-09;;;;;;;;;;;;;;;;;;;;;;;;;;;;;;
1627;Ellyes;Skhiri;1995-05-10;31;185;R;DM;Defensives Mittelfeld;DM;;;Tunesien, Frankreich;;;Eintracht Frankfurt;10;Eintracht Frankfurt;5000000.00;30000.00;;none;;;0;;0;;;85126092;225126;290587;;77;77;64;83;69;;75;76;67;74;75;77;75;71;;72;55;58;14;14;15;14;8;69;73;60;90;65;60;55;60;40;55;65;75;65;55;80;30;30;50;;;;;;153.00;153.00;0.00;100.00;50.00;50.00;2026-06-09;;;;;;;;;;;;;;;;;;;;;;;;;;;;;;
1639;Ansgar;Knauff;2002-01-10;24;180;R;RF;Rechtsaußen;RF;;;Deutschland, Ghana;;;Eintracht Frankfurt;10;Eintracht Frankfurt;15000000.00;90000.00;;none;;;0;;0;;;91203087;257540;429874;;77;81;89;76;55;;76;76;74;75;48;57;61;72;;69;43;51;7;13;8;14;13;68;73;85;65;50;60;65;50;55;50;50;60;45;50;65;55;40;55;;;;;;155.00;155.00;0.00;100.00;64.00;64.00;2026-06-09;;;;;;;;;;;;;;;;;;;;;;;;;;;;;;
1625;Rasmus;Kristensen;1997-07-11;28;187;R;RV;Rechter Verteidiger;RV;;;Dänemark;Dänemark;;Eintracht Frankfurt;10;Eintracht Frankfurt;10000000.00;60000.00;;none;;;0;;0;;;27100968;233301;369684;;79;79;72;84;78;;72;72;77;64;78;80;80;66;;66;56;58;10;9;10;6;9;71;73;70;75;75;55;60;55;65;45;70;75;65;55;80;30;30;60;;;;;;157.00;157.00;0.00;100.00;59.00;59.00;2026-06-09;;;;;;;;;;;;;;;;;;;;;;;;;;;;;;
1634;Can;Uzun;2005-11-11;20;186;R;OM;Offensives Mittelfeld;OM;;;Türkei, Deutschland;;;Eintracht Frankfurt;10;Eintracht Frankfurt;45000000.00;270000.00;;none;;;0;;0;;;2000103330;275328;816585;;78;85;64;67;68;;82;78;60;83;61;30;42;77;;84;59;69;9;7;5;10;15;69;84;50;75;40;85;80;70;60;75;50;40;35;70;60;60;65;65;;;;;;156.00;156.00;0.00;100.00;74.00;74.00;2026-06-09;;;;;;;;;;;;;;;;;;;;;;;;;;;;;;
2030;Maxim;Dal;2006-01-26;20;188;L;IV;Innenverteidiger;IV;;;;;;1. FSV Mainz 05;18;1. FSV Mainz 05;150000.00;900.00;;none;;;0;;0;;;2000180858;276863;934317;;58;75;55;52;69;;42;43;39;36;58;62;56;33;;43;36;46;8;9;7;6;12;46;64;60;50;60;50;55;55;35;30;60;65;60;50;60;10;10;30;;;;;;30.00;30.00;0.00;100.00;30.00;30.00;2026-06-09;;;;;;;;;;;;;;;;;;;;;;;;;;;;;;
2031;Phillipp;Mwene;1994-01-29;32;170;R;LV;Linker Verteidiger;LV;;;;;;1. FSV Mainz 05;18;1. FSV Mainz 05;1500000.00;9000.00;;none;;;0;;0;;;16045742;216275;127573;;75;75;73;87;66;;74;73;77;52;44;70;74;67;;64;46;42;7;9;12;9;11;66;66;70;75;50;60;60;50;65;35;35;60;50;50;65;55;40;40;;;;;;150.00;150.00;0.00;100.00;37.00;37.00;2026-06-09;;;;;;;;;;;;;;;;;;;;;;;;;;;;;;
1645;Florian;Hellstern;2007-10-18;18;188;R;TW;Torwart;TW;;;Deutschland;Deutschland;;VfB Stuttgart;11;VfB Stuttgart;4000000.00;24000.00;2030-06-30;none;;;0;;0;;;2000332522;79286;1009438;;63;82;19;12;48;;13;28;10;9;14;10;8;38;;10;11;16;67;60;66;62;62;55;74;;;;;;;;;;;;;;;;;75;60;65;55;65;47.00;47.00;0.00;100.00;47.00;47.00;2026-06-09;;;;;;;;;;;;;;;;;;;;;;;;;;;;;;
1655;Lorenz;Assignon;2000-06-22;25;181;R;RV;Rechter Verteidiger;RV;;;Frankreich, Togo;;;VfB Stuttgart;11;VfB Stuttgart;9000000.00;54000.00;2029-06-30;none;;;0;;0;;;49053443;260574;711969;;75;80;79;78;70;;74;69;75;52;68;75;72;60;;63;41;48;8;13;11;8;15;66;70;75;75;65;60;65;60;65;35;55;65;55;60;60;50;40;40;;;;;;150.00;150.00;0.00;100.00;58.00;58.00;2026-06-09;;;;;;;;;;;;;;;;;;;;;;;;;;;;;;
1659;Atakan;Karazor;1996-10-13;29;191;R;DM;Defensives Mittelfeld;DM;;;Türkei, Deutschland;;;VfB Stuttgart;11;VfB Stuttgart;8000000.00;48000.00;2028-06-30;none;;;0;;0;;;92074021;239096;232320;;76;76;51;81;69;;66;78;39;35;78;79;78;69;;42;31;38;5;10;12;11;6;68;73;55;80;75;65;55;70;35;30;65;75;80;60;90;20;20;50;;;;;;152.00;152.00;0.00;100.00;55.00;55.00;2026-06-09;;;;;;;;;;;;;;;;;;;;;;;;;;;;;;
1648;Finn;Jeltsch;2006-07-17;19;188;R;IV;Innenverteidiger;IV;;;Deutschland;Deutschland;;VfB Stuttgart;11;VfB Stuttgart;35000000.00;210000.00;2030-06-30;none;;;0;;0;;;2000180889;278780;924117;;74;87;73;67;76;;63;70;44;33;70;79;73;58;;42;33;48;5;12;9;6;9;64;71;70;70;65;65;65;65;50;30;65;70;60;60;65;15;30;40;;;;;;148.00;148.00;0.00;100.00;71.00;71.00;2026-06-09;;;;;;;;;;;;;;;;;;;;;;;;;;;;;;
1661;Nikolas;Nartey;2000-02-22;26;186;L;ZM;Zentrales Mittelfeld;ZM;;;Dänemark, Ghana;;;VfB Stuttgart;11;VfB Stuttgart;10000000.00;60000.00;2028-06-30;none;;;0;;0;;;27135742;238379;400546;;73;76;67;60;75;;77;78;68;56;64;73;72;76;;45;40;41;12;9;13;6;13;67;71;70;75;70;70;65;65;60;40;60;60;60;65;80;60;60;60;;;;;;146.00;146.00;0.00;100.00;59.00;59.00;2026-06-09;;;;;;;;;;;;;;;;;;;;;;;;;;;;;;
2032;Kasey;Bos;2004-05-08;22;186;L;LV;Linker Verteidiger;LV;;;;;;1. FSV Mainz 05;18;1. FSV Mainz 05;450000.00;2700.00;;none;;;0;;0;;;2000258757;70909;1154876;;65;75;72;37;65;;52;63;62;48;64;68;62;45;;44;36;48;5;15;13;6;10;54;66;65;75;55;55;55;55;60;35;50;55;50;45;60;55;50;50;;;;;;35.00;35.00;0.00;100.00;35.00;35.00;2026-06-09;;;;;;;;;;;;;;;;;;;;;;;;;;;;;;
1663;Chris;Führich;1998-01-09;28;181;R;LF;Linksaußen;LF;;;Deutschland;Deutschland;;VfB Stuttgart;11;VfB Stuttgart;12000000.00;72000.00;2028-06-30;none;;;0;;0;;;91178612;241925;272278;;77;77;84;75;49;;84;74;71;71;54;55;53;73;;77;67;59;6;7;6;12;12;69;73;70;65;45;75;75;65;60;55;35;40;40;65;60;65;65;60;;;;;;154.00;154.00;0.00;100.00;61.00;61.00;2026-06-09;;;;;;;;;;;;;;;;;;;;;;;;;;;;;;
1664;Justin;Diehl;2004-11-27;21;174;R;LF;Linksaußen;LF;;;Deutschland, Ghana;;;VfB Stuttgart;11;VfB Stuttgart;1200000.00;7200.00;2029-06-30;none;;;0;;0;;;2000116586;273667;720162;;66;80;91;55;39;;70;59;49;67;57;17;18;59;;62;40;65;8;6;7;12;5;58;70;85;55;35;70;75;50;45;40;30;20;15;45;40;60;60;60;;;;;;133.00;133.00;0.00;100.00;40.00;40.00;2026-06-09;;;;;;;;;;;;;;;;;;;;;;;;;;;;;;
1646;Fabian;Bredlow;1995-03-02;31;190;B;TW;Torwart;TW;;;Deutschland;Deutschland;;VfB Stuttgart;11;VfB Stuttgart;700000.00;4200.00;2027-06-30;none;;;0;;0;;;16162879;223603;187624;;71;71;36;20;62;;14;17;8;5;11;12;15;38;;13;14;30;74;67;71;68;66;60;61;;;;;;;;;;;;;;;;;75;60;70;55;50;142.00;142.00;0.00;100.00;35.00;35.00;2026-06-09;;;;;;;;;;;;;;;;;;;;;;;;;;;;;;
1665;Jamie;Leweling;2001-02-26;25;185;B;RF;Rechtsaußen;RF;;;Deutschland, Ghana;;;VfB Stuttgart;11;VfB Stuttgart;40000000.00;240000.00;2029-06-30;none;;;0;;0;;;92103754;252448;518505;;78;81;84;80;76;;84;73;77;69;59;46;50;66;;55;46;55;9;11;6;14;10;74;76;80;70;70;60;75;55;65;60;50;55;45;60;75;40;40;60;;;;;;156.00;156.00;0.00;100.00;76.00;76.00;2026-06-09;;;;;;;;;;;;;;;;;;;;;;;;;;;;;;
1662;Bilal;El Khannouss;2004-05-10;22;180;R;OM;Offensives Mittelfeld;OM;;;Marokko, Belgien;;;VfB Stuttgart;11;VfB Stuttgart;35000000.00;210000.00;2026-06-30;none;;;0;;0;;;2000055184;257504;654982;;78;84;78;71;56;;84;78;72;69;44;39;34;80;;72;68;55;10;6;10;13;14;71;83;75;70;40;80;75;75;60;60;40;50;40;75;75;65;60;60;;;;;;156.00;156.00;0.00;100.00;74.00;74.00;2026-06-09;;;;;;;;;;;;;;;;;;;;;;;;;;;;;;
1644;Alexander;Nübel;1996-09-30;29;193;R;TW;Torwart;TW;;;Deutschland;Deutschland;;VfB Stuttgart;11;VfB Stuttgart;12000000.00;72000.00;2026-06-30;none;;;0;;0;;;92071707;223885;195778;;80;81;46;39;74;;26;55;15;18;13;14;23;65;;20;20;16;82;75;81;77;84;71;78;;;;;;;;;;;;;;;;;75;70;80;70;65;160.00;160.00;0.00;100.00;59.00;59.00;2026-06-09;;;;;;;;;;;;;;;;;;;;;;;;;;;;;;
1656;Pascal;Stenzel;1996-03-20;30;183;R;RV;Rechter Verteidiger;RV;;;Deutschland;Deutschland;;VfB Stuttgart;11;VfB Stuttgart;1200000.00;7200.00;2026-06-30;none;;;0;;0;;;92065838;229584;195246;;69;69;54;69;67;;68;75;66;55;63;71;66;69;;62;64;49;8;11;13;11;10;64;65;60;75;60;65;55;65;75;30;60;60;65;65;85;60;60;60;;;;;;137.00;137.00;0.00;100.00;38.00;38.00;2026-06-09;;;;;;;;;;;;;;;;;;;;;;;;;;;;;;
1657;Angelo;Stiller;2001-04-04;25;183;L;DM;Defensives Mittelfeld;DM;;;Deutschland;Deutschland;;VfB Stuttgart;11;VfB Stuttgart;45000000.00;270000.00;2028-06-30;none;;;0;;0;;;91184426;250959;443710;;83;87;47;80;67;;83;88;80;52;67;78;77;87;;69;68;39;9;14;7;9;5;75;81;55;80;60;75;60;85;65;40;55;60;70;85;80;70;75;60;;;;;;165.00;165.00;0.00;100.00;77.00;77.00;2026-06-09;;;;;;;;;;;;;;;;;;;;;;;;;;;;;;
1654;Josha;Vagnoman;2000-12-11;25;190;R;RV;Rechter Verteidiger;RV;;;Deutschland, Elfenbeinküste;;;VfB Stuttgart;11;VfB Stuttgart;10000000.00;60000.00;2028-06-30;none;;;0;;0;;;91184445;242602;448258;;75;78;90;78;84;;75;74;72;58;68;72;67;68;;60;42;36;8;13;12;10;14;67;73;80;75;75;55;60;55;55;40;60;65;60;50;60;30;30;40;;;;;;150.00;150.00;0.00;100.00;59.00;59.00;2026-06-09;;;;;;;;;;;;;;;;;;;;;;;;;;;;;;
1652;Dan-Axel;Zagadou;1999-06-03;27;196;L;IV;Innenverteidiger;IV;;;Frankreich, Elfenbeinküste;;;VfB Stuttgart;11;VfB Stuttgart;2000000.00;12000.00;2026-06-30;none;;;0;;0;;;48043086;238476;344598;;74;77;55;76;92;;51;69;46;26;86;76;72;59;;37;25;30;14;13;9;14;5;65;71;60;60;85;65;50;70;35;30;65;60;75;70;65;15;20;30;;;;;;149.00;149.00;0.00;100.00;43.00;43.00;2026-06-09;;;;;;;;;;;;;;;;;;;;;;;;;;;;;;
1643;Michy;Batshuayi;1993-10-02;32;185;R;ST;Mittelstürmer;ST;;;Belgien, DR Kongo;;;Eintracht Frankfurt;10;Eintracht Frankfurt;2000000.00;12000.00;;none;;;0;;0;;;18053710;204529;179184;;74;74;72;62;78;;71;69;63;75;72;31;37;64;;67;60;71;15;10;9;7;16;63;80;60;55;70;65;65;60;40;65;70;25;25;55;50;30;40;70;;;;;;147.00;147.00;0.00;100.00;39.00;39.00;2026-06-09;;;;;;;;;;;;;;;;;;;;;;;;;;;;;;
1685;Maximilian;Eggestein;1996-12-08;29;181;R;ZM;Zentrales Mittelfeld;ZM;;;Deutschland;Deutschland;;SC Freiburg;12;SC Freiburg;10000000.00;60000.00;;none;;;0;;0;;;91126294;226168;190284;;76;76;57;87;76;;69;76;67;54;63;75;71;66;;64;48;60;8;10;15;15;13;71;73;60;85;65;70;55;70;50;40;65;65;65;65;90;40;40;65;;;;;;151.00;151.00;0.00;100.00;57.00;57.00;2026-06-09;;;;;;;;;;;;;;;;;;;;;;;;;;;;;;
1667;Badredine;Bouanani;2004-12-08;21;177;L;RF;Rechtsaußen;RF;;;Algerien, Frankreich;;;VfB Stuttgart;11;VfB Stuttgart;10000000.00;60000.00;2030-06-30;none;;;0;;0;;;2000100062;270465;707242;;74;82;69;70;59;;79;74;74;69;45;34;33;75;;73;66;63;15;7;10;14;9;64;85;70;65;40;75;75;60;60;40;25;30;35;65;60;60;65;60;;;;;;148.00;148.00;0.00;100.00;59.00;59.00;2026-06-09;;;;;;;;;;;;;;;;;;;;;;;;;;;;;;
1687;Derry;Scherhant;2002-11-10;23;185;R;LF;Linksaußen;LF;;;Deutschland;Deutschland;;SC Freiburg;12;SC Freiburg;7500000.00;45000.00;;none;;;0;;0;;;2000071254;269705;820957;;73;78;87;67;66;;79;70;65;71;56;24;26;64;;72;34;61;8;11;5;6;8;63;70;75;60;60;70;75;55;55;55;40;35;35;50;55;60;60;65;;;;;;147.00;147.00;0.00;100.00;56.00;56.00;2026-06-09;;;;;;;;;;;;;;;;;;;;;;;;;;;;;;
2033;Anthony;Caci;1997-07-01;28;184;B;RV;Rechter Verteidiger;RV;;;;;;1. FSV Mainz 05;18;1. FSV Mainz 05;7000000.00;42000.00;;none;;;0;;0;;;49034179;236636;453016;;78;78;73;90;72;;71;74;75;57;73;77;74;68;;72;48;52;8;9;11;7;12;70;71;65;70;60;65;60;60;75;35;60;70;60;60;80;65;55;40;;;;;;156.00;156.00;0.00;100.00;55.00;55.00;2026-06-09;;;;;;;;;;;;;;;;;;;;;;;;;;;;;;
1681;Christian;Günter;1993-02-28;33;184;L;LV;Linker Verteidiger;LV;;;Deutschland;Deutschland;;SC Freiburg;12;SC Freiburg;2000000.00;12000.00;;none;;;0;;0;;;91105585;209846;93707;;76;76;84;81;82;;73;72;76;51;64;74;73;57;;77;72;46;14;15;9;8;9;66;70;75;70;65;60;55;55;75;40;40;60;60;55;80;75;70;50;;;;;;152.00;152.00;0.00;100.00;39.00;39.00;2026-06-09;;;;;;;;;;;;;;;;;;;;;;;;;;;;;;
1675;Jannik;Huth;1994-04-15;32;185;R;TW;Torwart;TW;;;Deutschland;Deutschland;;SC Freiburg;12;SC Freiburg;400000.00;2400.00;;none;;;0;;0;;;91136179;229692;160954;;69;69;60;32;63;;22;37;17;16;10;14;22;51;;22;15;24;71;64;71;67;74;58;63;;;;;;;;;;;;;;;;;70;65;65;50;60;138.00;138.00;0.00;100.00;30.00;30.00;2026-06-09;;;;;;;;;;;;;;;;;;;;;;;;;;;;;;
1684;Nicolas;Höfler;1990-03-09;36;181;R;DM;Defensives Mittelfeld;DM;;;Deutschland, Schweiz;;;SC Freiburg;12;SC Freiburg;500000.00;3000.00;2030-06-30;none;;;0;;0;;;35017386;199897;55099;;71;71;51;63;70;;62;74;52;41;58;73;74;60;;53;50;50;9;13;6;10;13;64;70;55;80;65;65;60;70;40;30;65;70;70;60;95;30;30;55;;;;;;141.00;141.00;0.00;100.00;30.00;30.00;2026-06-09;;;;;;;;;;;;;;;;;;;;;;;;;;;;;;
1689;Cyriaque;Irié;2005-06-20;20;185;L;RF;Rechtsaußen;RF;;;Burkina Faso, Elfenbeinküste;;;SC Freiburg;12;SC Freiburg;8000000.00;48000.00;;none;;;0;;0;;;12094961;74431;1145064;;70;82;85;81;78;;72;66;62;62;44;27;22;61;;68;49;56;14;13;13;5;9;58;72;80;60;65;65;65;50;50;40;40;40;35;45;55;40;40;55;;;;;;141.00;141.00;0.00;100.00;54.00;54.00;2026-06-09;;;;;;;;;;;;;;;;;;;;;;;;;;;;;;
1686;Daniel-Kofi;Kyereh;1996-03-08;30;179;R;OM;Offensives Mittelfeld;OM;;;Ghana, Deutschland;;;SC Freiburg;12;SC Freiburg;100000.00;600.00;2026-06-30;none;;;0;;0;;;91179959;244112;272587;;70;70;65;34;54;;76;71;58;70;59;25;29;68;;60;60;52;11;8;5;10;5;55;68;55;40;50;80;80;65;55;55;55;40;40;65;55;65;75;60;;;;;;139.00;139.00;0.00;100.00;30.00;30.00;2026-06-09;;;;;;;;;;;;;;;;;;;;;;;;;;;;;;
1682;Lukas;Kübler;1992-08-30;33;182;R;RV;Rechter Verteidiger;RV;;;Deutschland;Deutschland;;SC Freiburg;12;SC Freiburg;1500000.00;9000.00;;none;;;0;;0;;;91101321;208335;93604;;75;75;80;73;79;;66;69;70;49;58;73;71;53;;46;32;58;8;14;12;8;11;67;68;75;75;65;55;50;55;55;35;65;70;65;55;85;25;30;40;;;;;;149.00;149.00;0.00;100.00;37.00;37.00;2026-06-09;;;;;;;;;;;;;;;;;;;;;;;;;;;;;;
1678;Matthias;Ginter;1994-01-19;32;189;R;IV;Innenverteidiger;IV;;;Deutschland;Deutschland;;SC Freiburg;12;SC Freiburg;5000000.00;30000.00;2027-06-30;none;;;0;;0;;;91107789;207862;124502;;83;83;56;61;83;;61;78;68;54;83;87;88;71;;44;42;67;10;10;12;8;6;74;75;60;60;75;60;50;70;50;35;80;65;80;65;80;30;40;60;;;;;;166.00;166.00;0.00;100.00;48.00;48.00;2026-06-09;;;;;;;;;;;;;;;;;;;;;;;;;;;;;;
1680;Jordy;Makengo;2001-08-03;24;191;L;LV;Linker Verteidiger;LV;;;Frankreich, DR Kongo;;;SC Freiburg;12;SC Freiburg;6000000.00;36000.00;;none;;;0;;0;;;2000028585;262668;815078;;72;76;84;67;76;;68;70;67;34;63;72;68;56;;56;34;33;6;14;11;14;13;63;69;75;70;75;55;60;60;60;30;60;65;60;55;70;30;30;35;;;;;;144.00;144.00;0.00;100.00;54.00;54.00;2026-06-09;;;;;;;;;;;;;;;;;;;;;;;;;;;;;;
1674;Florian;Müller;1997-11-13;28;190;L;TW;Torwart;TW;;;Deutschland;Deutschland;;SC Freiburg;12;SC Freiburg;1200000.00;7200.00;;none;;;0;;0;;;92082045;234833;284769;;72;73;43;34;67;;18;32;12;11;11;11;20;42;;13;12;19;79;67;72;68;71;62;68;;;;;;;;;;;;;;;;;70;65;70;55;60;144.00;144.00;0.00;100.00;40.00;40.00;2026-06-09;;;;;;;;;;;;;;;;;;;;;;;;;;;;;;
1676;Philipp;Lienhart;1996-07-11;29;189;R;IV;Innenverteidiger;IV;;;Österreich;Österreich;;SC Freiburg;12;SC Freiburg;10000000.00;60000.00;;none;;;0;;0;;;16130398;231366;225657;;78;78;71;75;79;;59;74;41;24;82;80;81;53;;28;40;41;14;8;14;12;11;71;74;70;65;75;60;55;65;40;30;80;65;75;55;80;15;20;35;;;;;;156.00;156.00;0.00;100.00;57.00;57.00;2026-06-09;;;;;;;;;;;;;;;;;;;;;;;;;;;;;;
1679;Max;Rosenfelder;2003-02-10;23;186;R;IV;Innenverteidiger;IV;;;Deutschland;Deutschland;;SC Freiburg;12;SC Freiburg;6000000.00;36000.00;;none;;;0;;0;;;2000068498;263022;599419;;73;79;87;62;68;;65;68;47;26;72;77;74;55;;35;24;33;11;10;10;10;8;64;75;80;60;65;65;65;65;50;30;65;70;65;60;80;15;20;40;;;;;;146.00;146.00;0.00;100.00;54.00;54.00;2026-06-09;;;;;;;;;;;;;;;;;;;;;;;;;;;;;;
1688;Vincenzo;Grifo;1993-04-07;33;180;R;LF;Linksaußen;LF;;;Italien, Deutschland;;;SC Freiburg;12;SC Freiburg;4000000.00;24000.00;2027-06-30;none;;;0;;0;;;91105243;212096;185077;;79;79;67;80;65;;80;81;86;70;47;41;48;77;;88;87;75;14;12;10;8;8;70;73;60;75;55;80;65;80;80;60;35;35;35;80;60;90;90;80;;;;;;157.00;157.00;0.00;100.00;46.00;46.00;2026-06-09;;;;;;;;;;;;;;;;;;;;;;;;;;;;;;
1669;Noah;Darvich;2006-09-25;19;184;L;RF;Rechtsaußen;RF;;;Deutschland;Deutschland;;VfB Stuttgart;11;VfB Stuttgart;4000000.00;24000.00;2029-06-30;none;;;0;;0;;;2000257651;275436;897480;;63;82;70;59;53;;70;64;56;54;43;31;34;61;;54;43;55;12;6;9;7;11;58;73;60;60;40;75;75;65;50;50;40;40;35;60;65;60;60;65;;;;;;47.00;47.00;0.00;100.00;47.00;47.00;2026-06-09;;;;;;;;;;;;;;;;;;;;;;;;;;;;;;
1677;Bruno;Ogbus;2005-12-17;20;188;R;IV;Innenverteidiger;IV;;;Schweiz, Nigeria;;;SC Freiburg;12;SC Freiburg;15000000.00;90000.00;;none;;;0;;0;;;2000209904;279045;863759;;69;78;71;58;70;;62;65;49;21;67;73;70;49;;29;35;34;10;10;11;8;5;59;75;75;65;75;55;60;55;45;25;65;65;60;45;65;30;30;35;;;;;;138.00;138.00;0.00;100.00;61.00;61.00;2026-06-09;;;;;;;;;;;;;;;;;;;;;;;;;;;;;;
1671;Deniz;Undav;1996-07-19;29;179;B;ST;Mittelstürmer;ST;;;Deutschland;Deutschland;;VfB Stuttgart;11;VfB Stuttgart;22000000.00;132000.00;2027-06-30;none;;;0;;0;;;91157307;244176;339314;;82;82;66;74;84;;79;83;67;85;75;37;25;83;;74;66;69;13;12;9;11;9;77;78;60;65;75;75;65;70;50;85;70;45;45;75;80;55;60;65;;;;;;163.00;163.00;0.00;100.00;66.00;66.00;2026-06-09;;;;;;;;;;;;;;;;;;;;;;;;;;;;;;
1510;Tom;Bischof;2005-06-28;20;176;L;DM;Zentrales Mittelfeld;DM;;;Deutschland;Deutschland;;FC Bayern München;2;FC Bayern München;40000000.00;240000.00;2029-06-30;none;;;0;;0;;;2000147056;263765;822959;;78;86;52;81;63;;79;82;78;66;54;73;65;79;;76;77;57;6;13;9;13;12;70;85;50;80;50;70;65;70;75;50;30;80;55;70;80;75;75;60;;;;;;147.00;147.00;0.00;100.00;73.00;73.00;2026-06-09;-2;0.98;;0;0.00;0;2024;FC Bayern München;;;;;;;;;;;;;;;;;;;;;;
1709;Florian;Neuhaus;1997-03-16;29;185;R;ZM;Zentrales Mittelfeld;ZM;;;Deutschland;Deutschland;;Borussia Mönchengladbach;13;Borussia Mönchengladbach;2500000.00;15000.00;2027-06-30;none;;;0;;0;;;91167376;234943;278332;;75;75;79;66;66;;76;77;68;71;55;67;66;80;;76;59;56;15;11;6;11;10;66;72;70;75;55;75;65;75;55;40;35;55;50;75;65;60;60;60;;;;;;150.00;150.00;0.00;100.00;43.00;43.00;2026-06-09;;;;;;;;;;;;;;;;;;;;;;;;;;;;;;
1700;Fabio;Chiarodia;2005-06-05;21;186;L;IV;Innenverteidiger;IV;;;Italien, Deutschland;;;Borussia Mönchengladbach;13;Borussia Mönchengladbach;3000000.00;18000.00;2027-06-30;none;;;0;;0;;;2000116422;264763;724104;;69;79;69;55;73;;57;61;51;26;67;73;72;35;;36;34;41;7;14;11;9;11;58;73;65;60;65;60;55;65;40;30;65;65;65;60;60;15;15;30;;;;;;138.00;138.00;0.00;100.00;47.00;47.00;2026-06-09;;;;;;;;;;;;;;;;;;;;;;;;;;;;;;
1708;Jens;Castrop;2003-07-29;22;178;R;DM;Zentrales Mittelfeld;DM;;;Südkorea, Deutschland;;;Borussia Mönchengladbach;13;Borussia Mönchengladbach;10000000.00;60000.00;2029-06-30;none;;;0;;0;;;91193050;264194;613192;;74;81;80;79;62;;77;75;66;67;54;69;66;72;;63;54;42;12;14;11;8;14;63;73;75;70;55;60;70;55;50;40;35;80;55;55;80;55;50;40;;;;;;147.00;147.00;0.00;100.00;59.00;59.00;2026-06-09;;;;;;;;;;;;;;;;;;;;;;;;;;;;;;
1701;Marvin;Friedrich;1995-12-13;30;193;R;IV;Innenverteidiger;IV;;;Deutschland;Deutschland;;Borussia Mönchengladbach;13;Borussia Mönchengladbach;1800000.00;10800.00;2026-06-30;none;;;0;;0;;;92067018;222493;196231;;72;72;62;55;79;;43;58;43;39;78;75;72;59;;39;26;38;14;13;10;15;13;64;68;65;60;80;50;40;55;35;30;75;65;75;45;60;15;15;40;;;;;;144.00;144.00;0.00;100.00;41.00;41.00;2026-06-09;;;;;;;;;;;;;;;;;;;;;;;;;;;;;;
1712;Kevin;Stöger;1993-08-27;32;175;L;ZM;Offensives Mittelfeld;ZM;;;Österreich;Österreich;;Borussia Mönchengladbach;13;Borussia Mönchengladbach;1800000.00;10800.00;2027-06-30;none;;;0;;0;;;92012093;204497;106872;;74;74;50;66;63;;75;79;77;69;45;66;66;73;;80;79;71;12;12;15;10;13;69;73;50;80;55;80;65;75;75;50;30;65;50;80;60;80;80;85;;;;;;147.00;147.00;0.00;100.00;39.00;39.00;2026-06-09;;;;;;;;;;;;;;;;;;;;;;;;;;;;;;
1710;Wael;Mohya;2008-12-31;17;179;B;ZM;Offensives Mittelfeld;ZM;;;Deutschland, Marokko;;;Borussia Mönchengladbach;13;Borussia Mönchengladbach;17000000.00;102000.00;;none;;;0;;0;;;2000468465;80454;1070979;;70;85;69;50;29;;77;72;59;68;39;37;46;70;;49;39;44;6;7;8;14;11;53;73;65;55;30;80;65;65;50;40;30;35;30;55;55;50;50;60;;;;;;137.00;137.00;0.00;100.00;59.00;59.00;2026-06-09;;;;;;;;;;;;;;;;;;;;;;;;;;;;;;
1702;Lukas;Ullrich;2004-03-16;22;180;L;LV;Linker Verteidiger;LV;;;Deutschland;Deutschland;;Borussia Mönchengladbach;13;Borussia Mönchengladbach;6000000.00;36000.00;2029-06-30;none;;;0;;0;;;2000154596;271119;787151;;73;79;72;75;68;;72;66;70;59;64;75;72;64;;57;31;35;12;9;9;5;12;62;71;70;70;50;60;60;60;65;40;40;60;60;55;65;65;60;60;;;;;;146.00;146.00;0.00;100.00;54.00;54.00;2026-06-09;;;;;;;;;;;;;;;;;;;;;;;;;;;;;;
1696;Jan;Olschowsky;2001-11-18;24;184;R;TW;Torwart;TW;;;Deutschland;Deutschland;;Borussia Mönchengladbach;13;Borussia Mönchengladbach;450000.00;2700.00;2027-06-30;none;;;0;;0;;;91190660;257273;455922;;67;74;17;16;42;;12;26;14;6;13;11;18;50;;13;10;15;68;68;69;66;68;56;66;;;;;;;;;;;;;;;;;75;60;70;55;50;134.00;134.00;0.00;100.00;35.00;35.00;2026-06-09;;;;;;;;;;;;;;;;;;;;;;;;;;;;;;
1695;Tiago;Pereira Cardoso;2006-04-07;20;190;R;TW;Torwart;TW;;;Luxemburg, Portugal;;;Borussia Mönchengladbach;13;Borussia Mönchengladbach;1500000.00;9000.00;2028-06-30;none;;;0;;0;;;2000189121;70904;926301;;67;82;24;23;50;;20;47;12;7;12;9;8;50;;13;13;17;70;66;71;65;68;54;66;;;;;;;;;;;;;;;;;70;65;70;55;50;134.00;134.00;0.00;100.00;38.00;38.00;2026-06-09;;;;;;;;;;;;;;;;;;;;;;;;;;;;;;
1707;Rocco;Reitz;2002-05-29;24;176;R;DM;Zentrales Mittelfeld;DM;;;Deutschland;Deutschland;;Borussia Mönchengladbach;13;Borussia Mönchengladbach;20000000.00;120000.00;2028-06-30;none;;;0;;0;;;91206105;257919;467434;;77;83;69;79;55;;77;78;68;73;68;77;73;75;;72;53;61;6;8;8;15;10;69;76;70;80;60;65;65;65;65;55;40;75;55;60;80;70;60;60;;;;;;153.00;153.00;0.00;100.00;67.00;67.00;2026-06-09;;;;;;;;;;;;;;;;;;;;;;;;;;;;;;
1711;Giovanni;Reyna;2002-11-13;23;187;R;OM;Offensives Mittelfeld;OM;;;Vereinigte Staaten, Portugal;;;Borussia Mönchengladbach;13;Borussia Mönchengladbach;4000000.00;24000.00;2028-06-30;none;;;0;;0;;;72051281;245541;504215;;73;78;63;63;72;;77;74;70;71;49;37;36;72;;78;64;50;7;13;10;12;14;63;78;65;65;50;80;75;65;55;55;35;40;35;65;55;65;70;65;;;;;;145.00;145.00;0.00;100.00;50.00;50.00;2026-06-09;;;;;;;;;;;;;;;;;;;;;;;;;;;;;;
1705;Philipp;Sander;1998-02-21;28;186;B;DM;Defensives Mittelfeld;DM;;;Deutschland;Deutschland;;Borussia Mönchengladbach;13;Borussia Mönchengladbach;4000000.00;24000.00;2028-06-30;none;;;0;;0;;;2000020405;243354;388409;;75;76;65;69;66;;74;77;73;62;68;75;72;75;;62;50;39;11;6;15;7;6;66;68;65;80;60;60;60;65;60;40;60;70;65;65;80;65;55;55;;;;;;149.00;149.00;0.00;100.00;50.00;50.00;2026-06-09;;;;;;;;;;;;;;;;;;;;;;;;;;;;;;
1703;Joe;Scally;2002-12-31;23;184;R;RV;Rechter Verteidiger;RV;;;Vereinigte Staaten;Vereinigte Staaten;;Borussia Mönchengladbach;13;Borussia Mönchengladbach;7000000.00;42000.00;2027-06-30;none;;;0;;0;;;72051619;243133;504153;;75;78;85;85;74;;68;69;54;55;64;77;73;59;;60;32;39;10;7;12;10;10;63;70;75;75;55;55;60;60;60;30;55;60;60;50;80;30;40;40;;;;;;150.00;150.00;0.00;100.00;55.00;55.00;2026-06-09;;;;;;;;;;;;;;;;;;;;;;;;;;;;;;
1697;Tobias;Sippel;1988-03-22;38;183;R;TW;Torwart;TW;;;Deutschland, Schweiz;;;Borussia Mönchengladbach;13;Borussia Mönchengladbach;300000.00;1800.00;2027-06-30;none;;;0;;0;;;35006814;177475;31653;;64;64;42;41;65;;13;33;14;12;13;15;12;31;;15;14;18;62;60;60;64;74;53;64;;;;;;;;;;;;;;;;;65;65;65;55;50;30.00;30.00;0.00;100.00;30.00;30.00;2026-06-09;;;;;;;;;;;;;;;;;;;;;;;;;;;;;;
1713;Robin;Hack;1998-08-27;27;178;R;LF;Linksaußen;LF;;;Deutschland;Deutschland;;Borussia Mönchengladbach;13;Borussia Mönchengladbach;7000000.00;42000.00;2029-06-30;none;;;0;;0;;;91144396;239367;284010;;77;77;73;81;58;;80;74;71;78;49;31;33;68;;77;73;58;9;9;8;10;9;67;70;75;75;50;65;70;60;60;65;40;30;30;65;60;65;65;70;;;;;;153.00;153.00;0.00;100.00;55.00;55.00;2026-06-09;;;;;;;;;;;;;;;;;;;;;;;;;;;;;;
1706;Niklas;Swider;2007-01-05;19;188;R;DM;Defensives Mittelfeld;DM;;;Deutschland;Deutschland;;Borussia Mönchengladbach;13;Borussia Mönchengladbach;250000.00;1500.00;2027-06-30;none;;;0;;0;;;2000259404;76031;1009463;;60;80;54;61;62;;59;64;58;52;61;63;56;44;;70;68;68;12;13;8;10;11;50;72;55;65;65;55;40;60;45;40;60;65;60;55;65;50;60;65;;;;;;30.00;30.00;0.00;100.00;30.00;30.00;2026-06-09;;;;;;;;;;;;;;;;;;;;;;;;;;;;;;
1699;Kota;Takai;2004-09-04;21;192;R;IV;Innenverteidiger;IV;;;Japan;Japan;;Borussia Mönchengladbach;13;Borussia Mönchengladbach;5000000.00;30000.00;2026-06-30;none;;;0;;0;;;2000151926;264702;671108;;72;79;68;55;76;;65;67;39;28;74;73;72;57;;40;28;35;8;13;15;12;5;61;79;60;55;70;60;50;60;35;30;70;70;70;55;60;20;50;30;;;;;;144.00;144.00;0.00;100.00;52.00;52.00;2026-06-09;;;;;;;;;;;;;;;;;;;;;;;;;;;;;;
1704;Yannik;Engelhardt;2001-02-07;25;184;R;DM;Defensives Mittelfeld;DM;;;Deutschland;Deutschland;;Borussia Mönchengladbach;13;Borussia Mönchengladbach;7000000.00;42000.00;2026-06-30;none;;;0;;0;;;91194484;262906;405670;;73;76;63;78;66;;62;74;59;45;62;77;73;67;;43;38;44;8;14;9;13;6;65;71;60;80;65;65;60;70;40;40;65;70;70;60;80;40;40;55;;;;;;146.00;146.00;0.00;100.00;55.00;55.00;2026-06-09;;;;;;;;;;;;;;;;;;;;;;;;;;;;;;
1649;Ramon;Hendriks;2001-07-18;24;189;L;IV;Innenverteidiger;IV;;;Niederlande;Niederlande;;VfB Stuttgart;11;VfB Stuttgart;25000000.00;150000.00;2028-06-30;none;;;0;;0;;;37065561;251829;436064;;74;79;85;66;76;;62;70;54;29;68;84;72;47;;40;34;42;13;13;12;6;12;68;73;80;70;80;55;55;55;55;30;65;70;65;50;65;20;20;40;;;;;;149.00;149.00;0.00;100.00;70.00;70.00;2026-06-09;;;;;;;;;;;;;;;;;;;;;;;;;;;;;;
1694;Moritz;Nicolas;1997-10-21;28;193;R;TW;Torwart;TW;;;Deutschland;Deutschland;;Borussia Mönchengladbach;13;Borussia Mönchengladbach;8000000.00;48000.00;2029-06-30;none;;;0;;0;;;91144903;235018;284270;;77;79;26;28;74;;16;47;14;9;16;17;10;51;;17;14;17;78;78;81;77;75;68;70;;;;;;;;;;;;;;;;;85;65;80;65;50;154.00;154.00;0.00;100.00;57.00;57.00;2026-06-09;;;;;;;;;;;;;;;;;;;;;;;;;;;;;;
1714;Hugo;Bolin;2003-07-24;22;179;R;LF;Linksaußen;LF;;;Schweden;Schweden;;Borussia Mönchengladbach;13;Borussia Mönchengladbach;6000000.00;36000.00;2026-06-30;none;;;0;;0;;;93142507;272931;667251;;71;77;74;74;50;;75;66;63;70;50;58;39;65;;67;62;57;7;14;6;6;14;61;71;65;65;40;65;70;60;55;60;35;45;45;60;65;60;60;60;;;;;;142.00;142.00;0.00;100.00;54.00;54.00;2026-06-09;;;;;;;;;;;;;;;;;;;;;;;;;;;;;;
1718;Shuto;Machino;1999-09-30;26;185;R;ST;Mittelstürmer;ST;;;Japan;Japan;;Borussia Mönchengladbach;13;Borussia Mönchengladbach;4000000.00;24000.00;2029-06-30;none;;;0;;0;;;45109947;245622;550580;;73;76;87;80;75;;73;74;58;73;69;35;40;70;;66;69;74;6;10;14;7;7;63;66;80;70;55;70;55;60;50;60;60;35;35;60;75;55;65;80;;;;;;147.00;147.00;0.00;100.00;50.00;50.00;2026-06-09;;;;;;;;;;;;;;;;;;;;;;;;;;;;;;
1716;Nathan;Ngoumou;2000-03-14;26;185;R;RM;Rechtsaußen;RM;;;Kamerun, Frankreich;;;Borussia Mönchengladbach;13;Borussia Mönchengladbach;3500000.00;21000.00;2027-06-30;none;;;0;;0;;;49037694;250724;629588;;72;73;94;70;67;;73;67;64;69;46;31;41;64;;68;47;66;11;11;9;12;9;63;70;85;55;55;65;65;50;60;40;55;40;35;50;55;55;40;50;;;;;;145.00;145.00;0.00;100.00;48.00;48.00;2026-06-09;;;;;;;;;;;;;;;;;;;;;;;;;;;;;;
1720;Oliver;Baumann;1990-06-02;36;187;R;TW;Torwart;TW;;;Deutschland;Deutschland;;TSG 1899 Hoffenheim;14;TSG 1899 Hoffenheim;2500000.00;15000.00;2028-06-30;none;;;0;;0;;;35017377;193698;55089;;84;84;41;39;69;;19;37;14;11;16;18;15;50;;12;11;22;84;81;85;81;80;75;75;;;;;;;;;;;;;;;;;85;70;90;60;60;167.00;167.00;0.00;100.00;39.00;39.00;2026-06-09;;;;;;;;;;;;;;;;;;;;;;;;;;;;;;
1723;Albian;Hajdari;2003-05-18;23;189;L;IV;Innenverteidiger;IV;;;Kosovo, Schweiz;;;TSG 1899 Hoffenheim;14;TSG 1899 Hoffenheim;25000000.00;150000.00;2031-06-30;none;;;0;;0;;;84159608;259074;579459;;75;79;58;71;82;;39;68;49;31;73;76;76;33;;32;29;36;5;9;12;11;9;67;75;60;65;75;60;40;60;50;30;70;75;70;55;70;15;15;40;;;;;;150.00;150.00;0.00;100.00;70.00;70.00;2026-06-09;;;;;;;;;;;;;;;;;;;;;;;;;;;;;;
1732;Wouter;Burger;2001-02-16;25;191;L;DM;Defensives Mittelfeld;DM;;;Niederlande;Niederlande;;TSG 1899 Hoffenheim;14;TSG 1899 Hoffenheim;20000000.00;120000.00;2030-06-30;none;;;0;;0;;;37060938;244050;412953;;77;79;76;83;81;;73;79;75;68;68;78;74;77;;71;62;49;10;5;10;6;10;71;74;65;80;75;65;55;65;60;60;65;75;60;65;80;60;65;65;;;;;;154.00;154.00;0.00;100.00;67.00;67.00;2026-06-09;;;;;;;;;;;;;;;;;;;;;;;;;;;;;;
1737;Muhammed;Damar;2004-04-09;22;185;B;OM;Offensives Mittelfeld;OM;;;Deutschland, Türkei;;;TSG 1899 Hoffenheim;14;TSG 1899 Hoffenheim;5000000.00;30000.00;2029-06-30;none;;;0;;0;;;2000146258;271246;789898;;72;80;68;69;63;;75;75;63;68;49;36;40;74;;66;69;63;6;5;9;6;15;62;73;65;70;55;80;75;65;60;60;35;40;35;65;55;70;75;65;;;;;;144.00;144.00;0.00;100.00;52.00;52.00;2026-06-09;;;;;;;;;;;;;;;;;;;;;;;;;;;;;;
1736;Alexander;Prass;2001-05-26;25;180;L;LM;Linkes Mittelfeld;LM;;;Österreich;Österreich;;TSG 1899 Hoffenheim;14;TSG 1899 Hoffenheim;9000000.00;54000.00;2028-06-30;none;;;0;;0;;;16191722;263041;434116;;75;77;73;79;73;;76;75;75;59;56;69;74;75;;68;66;57;13;15;7;8;12;65;70;70;80;60;55;65;55;60;40;40;60;45;55;80;60;60;65;;;;;;149.00;149.00;0.00;100.00;58.00;58.00;2026-06-09;;;;;;;;;;;;;;;;;;;;;;;;;;;;;;
1729;Valentin;Gendrey;2000-06-21;25;179;R;RV;Rechter Verteidiger;RV;;;Frankreich, Guadeloupe;;;TSG 1899 Hoffenheim;14;TSG 1899 Hoffenheim;6000000.00;36000.00;2028-06-30;none;;;0;;0;;;49047752;245863;569387;;74;78;70;78;70;;63;68;71;40;60;77;71;45;;60;34;45;14;10;12;10;6;66;70;70;70;65;65;60;60;60;30;60;70;65;60;75;35;30;40;;;;;;148.00;148.00;0.00;100.00;54.00;54.00;2026-06-09;;;;;;;;;;;;;;;;;;;;;;;;;;;;;;
1731;Leon;Avdullahu;2004-02-23;22;185;R;DM;Defensives Mittelfeld;DM;;;Kosovo, Schweiz;;;TSG 1899 Hoffenheim;14;TSG 1899 Hoffenheim;30000000.00;180000.00;2031-06-30;none;;;0;;0;;;2000028607;276969;667457;;77;83;57;88;68;;73;83;74;54;60;69;75;78;;76;52;45;6;13;10;7;12;67;78;55;75;60;70;55;80;55;35;50;60;70;65;80;60;65;60;;;;;;154.00;154.00;0.00;100.00;72.00;72.00;2026-06-09;;;;;;;;;;;;;;;;;;;;;;;;;;;;;;
1725;Ozan;Kabak;2000-03-25;26;187;R;IV;Innenverteidiger;IV;;;Türkei;Türkei;;TSG 1899 Hoffenheim;14;TSG 1899 Hoffenheim;15000000.00;90000.00;2030-06-30;none;;;0;;0;;;70110530;239890;361260;;76;78;67;65;82;;64;75;26;35;78;78;70;65;;32;31;51;5;13;10;6;10;67;74;65;55;75;55;60;55;35;40;80;75;70;50;60;15;15;40;;;;;;152.00;152.00;0.00;100.00;64.00;64.00;2026-06-09;;;;;;;;;;;;;;;;;;;;;;;;;;;;;;
1726;Koki;Machida;1997-08-25;28;190;L;IV;Innenverteidiger;IV;;;Japan;Japan;;TSG 1899 Hoffenheim;14;TSG 1899 Hoffenheim;6000000.00;36000.00;2029-06-30;none;;;0;;0;;;45100974;232873;415035;;75;75;81;73;85;;48;73;47;34;76;75;75;60;;29;25;35;7;7;7;14;11;67;69;75;60;75;55;55;60;40;30;70;70;70;60;65;15;20;35;;;;;;151.00;151.00;0.00;100.00;54.00;54.00;2026-06-09;;;;;;;;;;;;;;;;;;;;;;;;;;;;;;
1739;Bazoumana;Touré;2006-03-02;20;178;L;LF;Linksaußen;LF;;;Elfenbeinküste;Elfenbeinküste;;TSG 1899 Hoffenheim;14;TSG 1899 Hoffenheim;40000000.00;240000.00;2029-06-30;none;;;0;;0;;;12095040;71418;1067904;;77;86;92;66;50;;83;72;74;68;50;35;23;68;;62;39;46;9;8;5;6;12;66;77;85;65;40;65;80;50;65;40;60;45;40;55;60;60;55;60;;;;;;155.00;155.00;0.00;100.00;73.00;73.00;2026-06-09;;;;;;;;;;;;;;;;;;;;;;;;;;;;;;
1728;Kelven;Frees;2005-02-03;21;202;R;IV;Innenverteidiger;IV;;;Deutschland, Nigeria;;;TSG 1899 Hoffenheim;14;TSG 1899 Hoffenheim;500000.00;3000.00;2029-06-30;none;;;0;;0;;;2000196886;78436;934529;;61;71;51;56;85;;22;58;21;16;55;66;55;31;;20;21;36;12;11;12;11;10;53;71;65;55;70;45;35;55;30;25;70;55;60;45;55;15;15;30;;;;;;35.00;35.00;0.00;100.00;35.00;35.00;2026-06-09;;;;;;;;;;;;;;;;;;;;;;;;;;;;;;
1722;Lúkas;Petersson;2004-02-09;22;195;R;TW;Torwart;TW;;;Island, Deutschland;;;TSG 1899 Hoffenheim;14;TSG 1899 Hoffenheim;600000.00;3600.00;;none;;;0;;0;;;2000196647;73072;718460;;64;70;30;27;66;;10;30;12;8;18;10;8;39;;13;11;10;67;60;68;63;59;54;66;;;;;;;;;;;;;;;;;65;60;60;60;55;36.00;36.00;0.00;100.00;36.00;36.00;2026-06-09;;;;;;;;;;;;;;;;;;;;;;;;;;;;;;
1721;Luca;Philipp;2000-11-28;25;192;R;TW;Torwart;TW;;;Deutschland;Deutschland;;TSG 1899 Hoffenheim;14;TSG 1899 Hoffenheim;750000.00;4500.00;2026-06-30;none;;;0;;0;;;91207263;257638;432671;;68;72;29;20;50;;9;26;9;4;12;13;6;37;;11;10;13;70;64;68;69;64;58;65;;;;;;;;;;;;;;;;;70;60;65;55;50;136.00;136.00;0.00;100.00;37.00;37.00;2026-06-09;;;;;;;;;;;;;;;;;;;;;;;;;;;;;;
1734;Grischa;Prömel;1995-01-09;31;184;R;ZM;Zentrales Mittelfeld;ZM;;;Deutschland;Deutschland;;TSG 1899 Hoffenheim;14;TSG 1899 Hoffenheim;3500000.00;21000.00;2026-06-30;none;;;0;;0;;;91144397;228595;234029;;77;77;59;78;76;;74;79;61;75;80;75;74;76;;55;54;51;6;14;8;10;7;71;73;60;90;75;60;60;65;40;60;70;60;65;60;95;30;30;55;;;;;;153.00;153.00;0.00;100.00;46.00;46.00;2026-06-09;;;;;;;;;;;;;;;;;;;;;;;;;;;;;;
2034;Silvan;Widmer;1993-03-05;33;183;R;RV;Rechter Verteidiger;RV;;;;;;1. FSV Mainz 05;18;1. FSV Mainz 05;800000.00;4800.00;;none;;;0;;0;;;98010781;216158;168989;;73;73;74;67;76;;69;70;70;59;72;70;74;69;;70;56;56;14;8;10;5;7;65;70;70;70;65;55;55;55;60;40;65;65;60;55;80;40;40;55;;;;;;145.00;145.00;0.00;100.00;33.00;33.00;2026-06-09;;;;;;;;;;;;;;;;;;;;;;;;;;;;;;
1717;Tim;Kleindienst;1995-08-31;30;194;B;ST;Mittelstürmer;ST;;;Deutschland;Deutschland;;Borussia Mönchengladbach;13;Borussia Mönchengladbach;8000000.00;48000.00;2029-06-30;none;;;0;;0;;;92065436;214096;193033;;80;80;74;90;87;;68;68;50;83;91;39;36;65;;54;53;70;14;8;7;7;12;74;75;65;80;80;60;55;55;35;75;85;45;40;60;80;20;30;70;;;;;;160.00;160.00;0.00;100.00;55.00;55.00;2026-06-09;;;;;;;;;;;;;;;;;;;;;;;;;;;;;;
1749;Marius;Müller;1993-07-12;32;192;R;TW;Torwart;TW;;;Deutschland;Deutschland;;VfL Wolfsburg;15;VfL Wolfsburg;700000.00;4200.00;2027-06-30;none;;;0;;0;;;92018446;208375;118161;;74;74;38;35;75;;14;27;11;10;12;13;20;51;;11;13;18;77;73;74;75;60;66;68;;;;;;;;;;;;;;;;;80;70;80;65;40;148.00;148.00;0.00;100.00;33.00;33.00;2026-06-09;;;;;;;;;;;;;;;;;;;;;;;;;;;;;;
1746;Yannick;Eduardo;2006-01-23;20;193;L;ST;Mittelstürmer;ST;;;Tschechien, Niederlande;;;TSG 1899 Hoffenheim;14;TSG 1899 Hoffenheim;2500000.00;15000.00;;none;;;0;;0;;;2000241976;70038;930998;;67;80;69;62;75;;64;61;55;72;72;30;30;51;;42;38;69;11;12;8;13;10;55;64;70;60;65;60;55;50;40;60;75;25;25;45;45;20;40;65;;;;;;135.00;135.00;0.00;100.00;42.00;42.00;2026-06-09;;;;;;;;;;;;;;;;;;;;;;;;;;;;;;
1747;Ihlas;Bebou;1994-04-23;32;185;R;ST;Mittelstürmer;ST;;;Togo, Deutschland;;;TSG 1899 Hoffenheim;14;TSG 1899 Hoffenheim;600000.00;3600.00;2026-06-30;none;;;0;;0;;;91132870;216258;237164;;74;74;80;45;68;;78;73;73;76;64;35;26;69;;66;46;67;11;11;10;11;12;63;70;75;60;55;60;65;55;50;60;60;50;40;55;60;55;50;65;;;;;;147.00;147.00;0.00;100.00;32.00;32.00;2026-06-09;;;;;;;;;;;;;;;;;;;;;;;;;;;;;;
1745;Max;Moerstedt;2006-01-15;20;194;R;ST;Mittelstürmer;ST;;;Deutschland;Deutschland;;TSG 1899 Hoffenheim;14;TSG 1899 Hoffenheim;7000000.00;42000.00;2030-06-30;none;;;0;;0;;;2000230641;279542;923595;;69;81;64;52;67;;62;67;28;73;74;33;22;52;;47;30;62;13;12;8;9;6;58;67;60;70;60;65;55;60;40;60;65;35;30;55;60;15;50;65;;;;;;137.00;137.00;0.00;100.00;52.00;52.00;2026-06-09;;;;;;;;;;;;;;;;;;;;;;;;;;;;;;
1759;Aaron;Zehnter;2004-10-31;21;180;L;LV;Linker Verteidiger;LV;;;Deutschland;Deutschland;;VfL Wolfsburg;15;VfL Wolfsburg;5000000.00;30000.00;2030-06-30;none;;;0;;0;;;2000178883;270013;730484;;74;80;71;86;55;;73;72;80;69;52;67;69;74;;82;78;54;15;14;12;10;12;62;73;65;75;50;65;55;65;80;40;40;55;50;65;60;75;65;55;;;;;;148.00;148.00;0.00;100.00;52.00;52.00;2026-06-09;;;;;;;;;;;;;;;;;;;;;;;;;;;;;;
1763;Jan;Bürger;2007-03-10;19;180;R;RV;Rechter Verteidiger;RV;;;Deutschland;Deutschland;;VfL Wolfsburg;15;VfL Wolfsburg;3000000.00;18000.00;2026-06-30;none;;;0;;0;;;2000259397;78753;1009440;;62;75;65;59;55;;64;50;60;50;50;64;58;49;;48;37;45;8;15;6;8;12;53;75;75;65;40;55;60;55;65;35;30;50;45;50;60;55;55;40;;;;;;44.00;44.00;0.00;100.00;44.00;44.00;2026-06-09;;;;;;;;;;;;;;;;;;;;;;;;;;;;;;
1748;Kamil;Grabara;1999-01-08;27;195;R;TW;Torwart;TW;;;Polen;Polen;;VfL Wolfsburg;15;VfL Wolfsburg;12000000.00;72000.00;2028-06-30;none;;;0;;0;;;96085886;228383;346551;;81;84;42;38;71;;20;48;18;15;24;19;26;58;;20;24;24;85;79;82;83;76;71;75;;;;;;;;;;;;;;;;;85;65;85;60;40;162.00;162.00;0.00;100.00;61.00;61.00;2026-06-09;;;;;;;;;;;;;;;;;;;;;;;;;;;;;;
1756;Moritz;Jenz;1999-04-30;27;190;R;IV;Innenverteidiger;IV;;;Deutschland, Nigeria;;;VfL Wolfsburg;15;VfL Wolfsburg;5000000.00;30000.00;2027-06-30;none;;;0;;0;;;29162924;241494;460245;;75;78;59;69;84;;51;67;35;27;74;80;75;38;;25;22;27;8;12;11;11;11;65;70;70;60;80;55;40;55;35;30;70;75;70;50;60;15;15;35;;;;;;150.00;150.00;0.00;100.00;52.00;52.00;2026-06-09;;;;;;;;;;;;;;;;;;;;;;;;;;;;;;
1761;Saël;Kumbedi;2005-03-26;21;175;R;RV;Rechter Verteidiger;RV;;;Frankreich, DR Kongo;;;VfL Wolfsburg;15;VfL Wolfsburg;12000000.00;72000.00;2029-06-30;none;;;0;;0;;;2000104915;268312;951579;;75;81;81;75;50;;75;74;76;43;54;72;74;63;;65;34;37;11;6;9;6;5;63;75;75;65;55;60;65;60;60;30;35;65;55;50;65;50;40;35;;;;;;150.00;150.00;0.00;100.00;61.00;61.00;2026-06-09;;;;;;;;;;;;;;;;;;;;;;;;;;;;;;
1753;Jonas;Adjetey;2003-12-13;22;188;R;IV;Innenverteidiger;IV;;;Ghana;Ghana;;VfL Wolfsburg;15;VfL Wolfsburg;6000000.00;36000.00;2030-06-30;none;;;0;;0;;;2000199186;276634;734676;;70;82;69;74;73;;26;67;23;21;67;72;73;34;;28;24;37;5;13;10;12;13;59;72;65;65;85;45;35;50;25;20;70;70;60;40;60;15;30;25;;;;;;140.00;140.00;0.00;100.00;54.00;54.00;2026-06-09;;;;;;;;;;;;;;;;;;;;;;;;;;;;;;
1751;Pavao;Pervan;1987-11-13;38;194;B;TW;Torwart;TW;;;Österreich;Österreich;;VfL Wolfsburg;15;VfL Wolfsburg;300000.00;1800.00;2027-06-30;none;;;0;;0;;;5610023;199909;51977;;71;71;27;22;54;;14;22;19;9;15;21;16;34;;15;14;14;72;72;71;67;66;54;62;;;;;;;;;;;;;;;;;60;60;55;60;45;142.00;142.00;0.00;100.00;30.00;30.00;2026-06-09;;;;;;;;;;;;;;;;;;;;;;;;;;;;;;
1755;Jenson;Seelt;2003-05-23;23;195;R;IV;Innenverteidiger;IV;;;Niederlande;Niederlande;;VfL Wolfsburg;15;VfL Wolfsburg;5000000.00;30000.00;2026-06-30;none;;;0;;0;;;37084995;266467;617755;;68;77;65;62;79;;46;62;35;28;67;70;69;45;;35;34;39;5;10;13;7;13;63;71;65;60;70;60;60;65;35;30;70;70;65;60;65;15;20;50;;;;;;136.00;136.00;0.00;100.00;52.00;52.00;2026-06-09;;;;;;;;;;;;;;;;;;;;;;;;;;;;;;
1754;Denis;Vavro;1996-04-10;30;189;R;IV;Innenverteidiger;IV;;;Slowakei;Slowakei;;VfL Wolfsburg;15;VfL Wolfsburg;5000000.00;30000.00;2027-06-30;none;;;0;;0;;;63025710;240988;239962;;76;76;73;79;84;;54;66;48;46;80;80;75;46;;56;63;60;13;12;13;12;14;66;72;70;55;80;50;40;60;40;40;70;60;70;55;60;20;75;65;;;;;;153.00;153.00;0.00;100.00;50.00;50.00;2026-06-09;;;;;;;;;;;;;;;;;;;;;;;;;;;;;;
1742;Fisnik;Asllani;2002-08-08;23;191;B;ST;Mittelstürmer;ST;;;Kosovo, Deutschland;;;TSG 1899 Hoffenheim;14;TSG 1899 Hoffenheim;35000000.00;210000.00;2029-06-30;none;;;0;;0;;;91205129;265577;524290;;79;83;67;79;77;;77;75;45;82;76;24;21;76;;69;54;71;14;7;9;13;9;70;78;60;75;65;80;75;65;40;75;65;35;35;70;75;30;60;60;;;;;;157.00;157.00;0.00;100.00;74.00;74.00;2026-06-09;;;;;;;;;;;;;;;;;;;;;;;;;;;;;;
1715;Franck;Honorat;1996-08-11;29;180;R;RM;Rechtsaußen;RM;;;Frankreich;Frankreich;;Borussia Mönchengladbach;13;Borussia Mönchengladbach;7000000.00;42000.00;2029-06-30;none;;;0;;0;;;48036785;220876;229006;;80;80;83;80;56;;79;76;92;75;59;46;57;77;;88;60;68;15;15;10;14;7;70;71;75;70;50;65;60;60;80;55;35;50;45;65;60;85;70;55;;;;;;161.00;161.00;0.00;100.00;53.00;53.00;2026-06-09;;;;;;;;;;;;;;;;;;;;;;;;;;;;;;
1780;Michael;Zetterer;1995-07-12;30;187;B;TW;Torwart;TW;;;Deutschland;Deutschland;;Eintracht Frankfurt;10;Eintracht Frankfurt;4000000.00;24000.00;;none;;;0;;0;;;92065694;227370;196813;;75;75;44;38;70;;17;50;17;16;19;16;24;52;;14;14;15;77;71;74;74;81;67;69;;;;;;;;;;;;;;;;;70;65;70;65;65;150.00;150.00;0.00;100.00;48.00;48.00;2026-06-09;;;;;;;;;;;;;;;;;;;;;;;;;;;;;;
1782;Markus;Kolke;1990-08-18;35;187;R;TW;Torwart;TW;;;Deutschland;Deutschland;;SV Werder Bremen;16;SV Werder Bremen;300000.00;1800.00;;none;;;0;;0;;;92019117;211946;99451;;67;67;40;45;75;;13;24;12;15;20;17;11;25;;11;13;29;68;65;66;69;61;56;60;;;;;;;;;;;;;;;;;70;65;70;55;40;134.00;134.00;0.00;100.00;30.00;30.00;2026-06-09;;;;;;;;;;;;;;;;;;;;;;;;;;;;;;
1788;Mick;Schmetgens;2007-09-09;18;190;R;IV;Innenverteidiger;IV;;;Deutschland;Deutschland;;SV Werder Bremen;16;SV Werder Bremen;700000.00;4200.00;;none;;;0;;0;;;2000327151;77127;1045986;;59;76;58;44;69;;31;44;37;29;56;63;60;33;;36;36;48;11;7;9;14;9;45;61;65;50;60;50;40;55;30;25;60;65;60;50;60;10;15;30;;;;;;34.00;34.00;0.00;100.00;34.00;34.00;2026-06-09;;;;;;;;;;;;;;;;;;;;;;;;;;;;;;
1785;Amos;Pieper;1998-01-17;28;192;R;IV;Innenverteidiger;IV;;;Deutschland;Deutschland;;SV Werder Bremen;16;SV Werder Bremen;4000000.00;24000.00;;none;;;0;;0;;;91173279;246836;334221;;76;78;71;76;78;;50;68;37;27;80;79;79;54;;30;35;52;11;12;12;9;10;66;69;65;70;70;55;50;60;40;30;70;75;70;55;80;20;20;50;;;;;;153.00;153.00;0.00;100.00;50.00;50.00;2026-06-09;;;;;;;;;;;;;;;;;;;;;;;;;;;;;;
1784;Niklas;Stark;1995-04-14;31;190;R;IV;Innenverteidiger;IV;;;Deutschland;Deutschland;;SV Werder Bremen;16;SV Werder Bremen;2500000.00;15000.00;;none;;;0;;0;;;91109615;212977;162434;;74;74;84;75;81;;65;72;50;45;76;72;74;68;;41;35;39;13;15;7;15;10;66;69;75;65;75;55;45;60;40;35;70;80;65;55;80;20;50;40;;;;;;149.00;149.00;0.00;100.00;43.00;43.00;2026-06-09;;;;;;;;;;;;;;;;;;;;;;;;;;;;;;
1768;Yannick;Gerhardt;1994-03-13;32;184;L;ZM;Zentrales Mittelfeld;ZM;;;Deutschland;Deutschland;;VfL Wolfsburg;15;VfL Wolfsburg;1800000.00;10800.00;;none;;;0;;0;;;91105029;212245;119277;;74;74;64;70;76;;73;75;69;69;57;68;75;73;;69;55;52;6;13;13;11;7;65;70;65;80;65;60;55;60;55;40;60;65;60;60;85;55;40;50;;;;;;147.00;147.00;0.00;100.00;39.00;39.00;2026-06-09;;;;;;;;;;;;;;;;;;;;;;;;;;;;;;
1774;Adam;Daghim;2005-09-28;20;189;L;RF;Rechtsaußen;RF;;;Dänemark, Palästina;;;VfL Wolfsburg;15;VfL Wolfsburg;7500000.00;45000.00;2026-06-30;none;;;0;;0;;;2000146355;268504;881297;;72;80;89;66;68;;74;66;64;70;56;53;45;62;;57;53;58;7;10;9;10;9;64;75;90;80;70;55;60;50;50;40;55;40;35;45;55;55;55;60;;;;;;145.00;145.00;0.00;100.00;53.00;53.00;2026-06-09;;;;;;;;;;;;;;;;;;;;;;;;;;;;;;
1773;Patrick;Wimmer;2001-05-30;25;182;R;RF;Rechtsaußen;RF;;;Österreich;Österreich;;VfL Wolfsburg;15;VfL Wolfsburg;12000000.00;72000.00;2027-06-30;none;;;0;;0;;;16253898;254566;533295;;77;83;84;77;73;;82;74;71;70;44;47;53;77;;64;50;52;13;13;12;14;9;68;75;75;65;55;60;75;60;55;50;50;55;40;60;80;65;65;60;;;;;;154.00;154.00;0.00;100.00;61.00;61.00;2026-06-09;;;;;;;;;;;;;;;;;;;;;;;;;;;;;;
1769;Kevin;Paredes;2003-05-07;23;175;L;LM;Linkes Mittelfeld;LM;;;Vereinigte Staaten, Dominikanische Republik;;;VfL Wolfsburg;15;VfL Wolfsburg;2000000.00;12000.00;2026-06-30;none;;;0;;0;;;72056310;255272;711517;;73;82;79;48;34;;79;70;68;65;36;63;59;68;;59;35;45;10;11;8;9;13;63;71;70;70;40;60;65;50;55;40;30;60;45;50;75;55;50;55;;;;;;145.00;145.00;0.00;100.00;43.00;43.00;2026-06-09;;;;;;;;;;;;;;;;;;;;;;;;;;;;;;
1767;Pharell;Hensel;2007-06-08;19;188;;ZM;Zentrales Mittelfeld;ZM;;;Deutschland;Deutschland;;VfL Wolfsburg;15;VfL Wolfsburg;3000000.00;18000.00;2029-06-30;none;;;0;;0;;;2000330215;82194;1150105;;61;76;63;49;55;;60;66;58;55;50;51;53;65;;64;58;50;11;14;6;8;11;48;56;60;65;55;60;60;60;60;40;40;40;40;55;70;70;65;70;;;;;;44.00;44.00;0.00;100.00;44.00;44.00;2026-06-09;;;;;;;;;;;;;;;;;;;;;;;;;;;;;;
1776;Mohamed;Amoura;2000-05-09;26;170;R;ST;Mittelstürmer;ST;;;Algerien;Algerien;;VfL Wolfsburg;15;VfL Wolfsburg;20000000.00;120000.00;2029-06-30;none;;;0;;0;;;2000069643;264697;746910;;80;83;87;86;45;;85;77;63;83;63;48;45;75;;74;54;74;9;7;9;9;11;73;77;85;70;45;70;70;60;50;65;70;45;30;65;50;55;50;65;;;;;;159.00;159.00;0.00;100.00;67.00;67.00;2026-06-09;;;;;;;;;;;;;;;;;;;;;;;;;;;;;;
1771;Bence;Dárdai;2006-01-24;20;189;R;OM;Offensives Mittelfeld;OM;;;Ungarn, Deutschland;;;VfL Wolfsburg;15;VfL Wolfsburg;5000000.00;30000.00;2029-06-30;none;;;0;;0;;;2000215183;259522;789252;;72;82;66;66;57;;75;76;56;66;57;46;40;74;;64;62;63;7;14;6;14;11;62;73;60;75;55;80;60;70;60;40;40;55;50;65;70;65;70;65;;;;;;144.00;144.00;0.00;100.00;49.00;49.00;2026-06-09;;;;;;;;;;;;;;;;;;;;;;;;;;;;;;
1770;Lovro;Majer;1998-01-17;28;178;L;OM;Offensives Mittelfeld;OM;;;Kroatien;Kroatien;;VfL Wolfsburg;15;VfL Wolfsburg;8000000.00;48000.00;2028-06-30;none;;;0;;0;;;24053458;244261;387106;;77;77;65;84;65;;80;80;77;70;55;58;58;77;;85;76;79;6;12;9;5;12;69;73;60;85;40;85;75;75;70;55;35;55;45;80;60;70;75;85;;;;;;154.00;154.00;0.00;100.00;57.00;57.00;2026-06-09;;;;;;;;;;;;;;;;;;;;;;;;;;;;;;
1779;Jonas;Wind;1999-02-07;27;190;R;ST;Mittelstürmer;ST;;;Dänemark;Dänemark;;VfL Wolfsburg;15;VfL Wolfsburg;4000000.00;24000.00;2026-06-30;none;;;0;;0;;;27122565;241522;391004;;76;77;50;73;82;;76;77;58;79;79;29;35;77;;73;65;73;9;10;7;11;10;67;75;50;65;80;80;60;70;40;70;70;35;40;70;65;30;60;80;;;;;;151.00;151.00;0.00;100.00;50.00;50.00;2026-06-09;;;;;;;;;;;;;;;;;;;;;;;;;;;;;;
1775;Jesper;Lindstrøm;2000-02-29;26;182;R;RF;Rechtsaußen;RF;;;Dänemark;Dänemark;;VfL Wolfsburg;15;VfL Wolfsburg;4000000.00;24000.00;2026-06-30;none;;;0;;0;;;27143432;245741;513245;;74;75;80;68;51;;76;69;72;69;44;44;46;74;;72;71;52;8;12;11;13;14;66;73;75;65;40;60;65;60;55;55;35;50;45;60;60;65;65;60;;;;;;148.00;148.00;0.00;100.00;50.00;50.00;2026-06-09;;;;;;;;;;;;;;;;;;;;;;;;;;;;;;
1783;Marco;Friedl;1998-03-16;28;187;L;IV;Innenverteidiger;IV;;;Österreich;Österreich;;SV Werder Bremen;16;SV Werder Bremen;10000000.00;60000.00;;none;;;0;;0;;;91143703;237595;156990;;77;79;82;75;77;;68;70;63;39;71;79;80;54;;45;42;45;7;15;11;6;6;69;70;70;75;70;65;55;65;60;35;65;80;65;60;80;55;65;55;;;;;;154.00;154.00;0.00;100.00;59.00;59.00;2026-06-09;;;;;;;;;;;;;;;;;;;;;;;;;;;;;;
2037;Sota;Kawasaki;2001-07-30;24;172;B;DM;Defensives Mittelfeld;DM;;;;;;1. FSV Mainz 05;18;1. FSV Mainz 05;2000000.00;12000.00;;none;;;0;;0;;;45117408;266061;733371;;71;75;65;83;52;;74;73;43;63;59;56;64;67;;60;59;52;12;12;12;10;10;60;71;60;80;45;60;55;60;40;35;55;60;55;60;75;40;30;35;;;;;;140.00;140.00;0.00;100.00;43.00;43.00;2026-06-09;;;;;;;;;;;;;;;;;;;;;;;;;;;;;;
1766;Maximilian;Arnold;1994-05-27;32;184;L;ZM;Zentrales Mittelfeld;ZM;;;Deutschland;Deutschland;;VfL Wolfsburg;15;VfL Wolfsburg;3000000.00;18000.00;2028-06-30;none;;;0;;0;;;91100466;206511;117674;;79;79;64;78;74;;76;82;69;74;58;76;78;78;;84;84;54;10;9;11;10;11;71;74;60;85;60;70;55;75;70;50;40;60;65;70;80;80;85;65;;;;;;158.00;158.00;0.00;100.00;43.00;43.00;2026-06-09;;;;;;;;;;;;;;;;;;;;;;;;;;;;;;
2036;Lennard;Maloney;1999-10-08;26;188;R;DM;Defensives Mittelfeld;DM;;;;;;1. FSV Mainz 05;18;1. FSV Mainz 05;2500000.00;15000.00;;none;;;0;;0;;;92092364;240669;392710;;72;73;67;82;84;;59;67;48;42;70;75;74;45;;44;42;46;14;8;10;11;11;64;68;65;90;80;50;40;55;35;30;65;70;65;50;90;15;15;40;;;;;;143.00;143.00;0.00;100.00;45.00;45.00;2026-06-09;;;;;;;;;;;;;;;;;;;;;;;;;;;;;;
1789;Karim;Coulibaly;2007-05-23;19;191;L;IV;Innenverteidiger;IV;;;Deutschland, Elfenbeinküste;;;SV Werder Bremen;16;SV Werder Bremen;28000000.00;168000.00;;none;;;0;;0;;;2000257921;77636;1084638;;71;85;68;60;69;;50;70;45;35;65;77;73;34;;38;25;33;7;10;15;6;13;58;76;70;60;75;55;60;60;35;30;65;65;65;55;60;15;15;35;;;;;;142.00;142.00;0.00;100.00;68.00;68.00;2026-06-09;;;;;;;;;;;;;;;;;;;;;;;;;;;;;;
1516;Luis;Díaz;1997-01-13;29;179;R;LF;Linksaußen;LF;;;Kolumbien;Kolumbien;;FC Bayern München;2;FC Bayern München;70000000.00;420000.00;2029-06-30;none;;;0;;0;;;76049803;241084;480692;;87;87;81;86;69;;89;84;84;79;71;47;41;81;;77;58;63;14;13;10;14;13;84;85;75;70;50;85;85;75;60;75;65;45;45;75;80;55;55;60;;;;;;169.00;169.00;0.00;100.00;80.00;80.00;2026-06-09;;;;;;;;;;;;;;;;;;;;;;;;;;;;;;
1811;Finn;Dahmen;1998-03-27;28;186;R;TW;Torwart;TW;;;Deutschland, England;;;FC Augsburg;17;FC Augsburg;12000000.00;72000.00;2027-06-30;none;;;0;;0;;;92071481;242818;251299;;76;77;53;33;55;;25;40;14;8;12;12;19;54;;13;12;11;79;70;76;75;80;70;73;;;;;;;;;;;;;;;;;85;70;80;55;60;152.00;152.00;0.00;100.00;61.00;61.00;2026-06-09;;;;;;;;;;;;;;;;;;;;;;;;;;;;;;
1813;Daniel;Klein;2001-03-13;25;193;R;TW;Torwart;TW;;;Deutschland;Deutschland;;FC Augsburg;17;FC Augsburg;150000.00;900.00;2026-06-30;none;;;0;;0;;;91177294;257637;392124;;61;67;27;23;57;;9;26;10;8;12;15;6;35;;8;9;14;63;59;61;59;56;48;57;;;;;;;;;;;;;;;;;60;60;60;55;40;32.00;32.00;0.00;100.00;32.00;32.00;2026-06-09;;;;;;;;;;;;;;;;;;;;;;;;;;;;;;
1816;Keven;Schlotterbeck;1997-04-28;29;188;L;IV;Innenverteidiger;IV;;;Deutschland;Deutschland;;FC Augsburg;17;FC Augsburg;6000000.00;36000.00;2027-06-30;none;;;0;;0;;;90087316;244068;413843;;75;76;69;54;84;;49;68;25;23;78;81;76;58;;29;32;39;8;14;13;10;11;67;69;65;60;80;55;50;60;30;35;80;70;70;55;65;15;20;60;;;;;;151.00;151.00;0.00;100.00;52.00;52.00;2026-06-09;;;;;;;;;;;;;;;;;;;;;;;;;;;;;;
1798;Jens;Stage;1996-11-08;29;187;R;ZM;Zentrales Mittelfeld;ZM;;;Dänemark;Dänemark;;SV Werder Bremen;16;SV Werder Bremen;14000000.00;84000.00;;none;;;0;;0;;;27104982;232711;289835;;79;79;62;87;78;;76;79;68;75;83;78;74;76;;62;56;60;6;12;11;10;5;71;73;60;80;75;55;55;60;55;70;80;65;65;60;90;30;30;60;;;;;;157.00;157.00;0.00;100.00;61.00;61.00;2026-06-09;;;;;;;;;;;;;;;;;;;;;;;;;;;;;;
1800;Romano;Schmid;2000-01-27;26;168;R;OM;Offensives Mittelfeld;OM;;;Österreich;Österreich;;SV Werder Bremen;16;SV Werder Bremen;15000000.00;90000.00;;none;;;0;;0;;;16184737;239701;346853;;78;81;76;88;49;;84;80;83;62;39;57;60;77;;75;65;49;6;9;7;9;7;70;73;70;70;50;80;75;75;60;40;50;50;45;80;75;65;65;60;;;;;;156.00;156.00;0.00;100.00;64.00;64.00;2026-06-09;;;;;;;;;;;;;;;;;;;;;;;;;;;;;;
1795;Senne;Lynen;1999-02-19;27;185;R;DM;Defensives Mittelfeld;DM;;;Belgien;Belgien;;SV Werder Bremen;16;SV Werder Bremen;8000000.00;48000.00;;none;;;0;;0;;;18096574;261659;338668;;76;79;78;87;75;;66;75;68;57;64;73;75;74;;62;65;50;13;10;10;8;9;67;69;65;80;70;60;50;60;55;30;55;80;75;55;80;60;60;55;;;;;;152.00;152.00;0.00;100.00;57.00;57.00;2026-06-09;;;;;;;;;;;;;;;;;;;;;;;;;;;;;;
1793;Mitchell;Weiser;1994-04-21;32;177;R;RV;Rechter Verteidiger;RV;;;Deutschland, Algerien;;;SV Werder Bremen;16;SV Werder Bremen;3000000.00;18000.00;;none;;;0;;0;;;92016244;206591;119211;;78;78;78;91;64;;83;77;76;65;66;72;67;78;;69;52;58;9;15;13;13;10;69;70;70;70;50;75;75;65;70;45;55;60;50;65;60;60;55;55;;;;;;156.00;156.00;0.00;100.00;43.00;43.00;2026-06-09;;;;;;;;;;;;;;;;;;;;;;;;;;;;;;
1804;Marco;Grüll;1998-07-06;27;181;B;LF;Linksaußen;LF;;;Österreich;Österreich;;SV Werder Bremen;16;SV Werder Bremen;4000000.00;24000.00;;none;;;0;;0;;;16195163;256548;391766;;74;74;74;75;72;;75;69;69;74;54;28;46;71;;73;73;74;9;9;7;10;11;65;67;70;70;60;55;65;55;55;60;55;45;40;60;60;70;80;90;;;;;;148.00;148.00;0.00;100.00;50.00;50.00;2026-06-09;;;;;;;;;;;;;;;;;;;;;;;;;;;;;;
1808;Keke;Topp;2004-03-25;22;192;R;ST;Mittelstürmer;ST;;;Deutschland;Deutschland;;SV Werder Bremen;16;SV Werder Bremen;3000000.00;18000.00;;none;;;0;;0;;;2000085414;265749;701757;;68;79;64;56;88;;62;62;48;70;68;30;25;48;;32;31;63;14;7;14;12;14;58;70;60;60;75;60;60;55;40;65;65;35;30;50;60;20;60;70;;;;;;136.00;136.00;0.00;100.00;47.00;47.00;2026-06-09;;;;;;;;;;;;;;;;;;;;;;;;;;;;;;
1806;Justin;Njinmah;2000-11-15;25;185;R;RF;Rechtsaußen;RF;;;Deutschland, Nigeria;;;SV Werder Bremen;16;SV Werder Bremen;5000000.00;30000.00;;none;;;0;;0;;;91205613;266183;596153;;72;77;86;74;62;;73;66;56;69;56;25;27;68;;70;44;66;6;9;12;7;10;65;70;80;60;55;60;65;50;45;50;55;35;35;50;50;40;40;60;;;;;;144.00;144.00;0.00;100.00;52.00;52.00;2026-06-09;;;;;;;;;;;;;;;;;;;;;;;;;;;;;;
2039;Nadiem;Amiri;1996-10-27;29;180;R;ZM;Zentrales Mittelfeld;ZM;;;;;;1. FSV Mainz 05;18;1. FSV Mainz 05;17000000.00;102000.00;;none;;;0;;0;;;91143491;225309;232454;;80;80;56;78;68;;83;83;81;77;42;65;67;85;;82;81;75;10;12;12;12;14;75;75;60;75;65;80;75;75;65;60;35;60;55;80;85;80;85;90;;;;;;159.00;159.00;0.00;100.00;63.00;63.00;2026-06-09;;;;;;;;;;;;;;;;;;;;;;;;;;;;;;
2040;Daniel;Gleiber;2005-02-01;21;181;L;ZM;Zentrales Mittelfeld;ZM;;;;;;1. FSV Mainz 05;18;1. FSV Mainz 05;300000.00;1800.00;;none;;;0;;0;;;2000197269;75280;906969;;61;75;55;51;52;;67;68;61;50;48;52;49;57;;66;68;54;6;14;15;13;9;53;66;60;75;40;65;55;65;55;40;30;50;45;60;75;60;75;60;;;;;;33.00;33.00;0.00;100.00;33.00;33.00;2026-06-09;;;;;;;;;;;;;;;;;;;;;;;;;;;;;;
2038;Niklas;Tauer;2001-02-17;25;183;R;DM;Defensives Mittelfeld;DM;;;;;;1. FSV Mainz 05;18;1. FSV Mainz 05;350000.00;2100.00;;none;;;0;;0;;;91190772;253474;470815;;66;70;65;67;70;;62;67;50;43;65;65;65;46;;45;45;38;11;6;12;9;11;54;63;65;65;60;55;55;55;40;30;60;70;60;50;85;35;30;35;;;;;;131.00;131.00;0.00;100.00;34.00;34.00;2026-06-09;;;;;;;;;;;;;;;;;;;;;;;;;;;;;;
1797;Wesley;Adeh;2007-01-08;19;187;B;DM;Defensives Mittelfeld;DM;;;Deutschland, Nigeria;;;SV Werder Bremen;16;SV Werder Bremen;250000.00;1500.00;;none;;;0;;0;;;2000327143;75461;1074523;;60;77;65;62;50;;57;64;54;40;54;60;60;59;;50;46;48;15;12;12;6;14;49;72;60;65;60;55;55;60;40;45;65;60;50;55;60;30;60;55;;;;;;30.00;30.00;0.00;100.00;30.00;30.00;2026-06-09;;;;;;;;;;;;;;;;;;;;;;;;;;;;;;
1841;Carl;Klaus;1994-01-16;32;189;R;TW;Torwart;TW;;;Deutschland;Deutschland;;1. FC Union Berlin;19;1. FC Union Berlin;350000.00;2100.00;;none;;;0;;0;;;92076713;252456;161057;;67;67;32;31;51;;8;23;10;7;10;12;9;47;;11;11;13;70;69;67;65;66;54;56;;;;;;;;;;;;;;;;;65;65;65;60;55;134.00;134.00;0.00;100.00;30.00;30.00;2026-06-09;;;;;;;;;;;;;;;;;;;;;;;;;;;;;;
1829;Han-Noah;Massengo;2001-07-07;24;178;R;ZM;Zentrales Mittelfeld;ZM;;;Frankreich, Kongo;;;FC Augsburg;17;FC Augsburg;8000000.00;48000.00;2030-06-30;none;;;0;;0;;;49047253;246594;536508;;75;80;70;77;72;;73;77;56;39;62;74;74;68;;50;44;51;15;14;8;9;12;65;70;65;75;65;70;75;70;50;40;50;60;65;65;80;50;50;55;;;;;;149.00;149.00;0.00;100.00;57.00;57.00;2026-06-09;;;;;;;;;;;;;;;;;;;;;;;;;;;;;;
1834;Ismaël;Gharbi;2004-04-10;22;180;R;LF;Linksaußen;LF;;;Tunesien, Spanien;;;FC Augsburg;17;FC Augsburg;5000000.00;30000.00;2026-06-30;none;;;0;;0;;;2000006181;263194;810096;;72;80;75;70;50;;77;70;66;65;45;45;37;71;;74;57;60;8;9;7;15;13;63;75;60;65;40;80;75;70;55;50;30;45;40;65;50;65;65;65;;;;;;144.00;144.00;0.00;100.00;52.00;52.00;2026-06-09;;;;;;;;;;;;;;;;;;;;;;;;;;;;;;
1837;Michael;Gregoritsch;1994-04-18;32;193;L;ST;Mittelstürmer;ST;;;Österreich;Österreich;;FC Augsburg;17;FC Augsburg;1500000.00;9000.00;2026-06-30;none;;;0;;0;;;16045723;199439;120205;;75;75;37;71;86;;68;73;62;78;84;40;36;67;;78;73;64;6;6;10;16;9;63;71;55;60;75;60;55;60;45;65;75;40;40;60;75;40;70;70;;;;;;148.00;148.00;0.00;100.00;37.00;37.00;2026-06-09;;;;;;;;;;;;;;;;;;;;;;;;;;;;;;
1838;Thomas;Kastanaras;2003-01-09;23;186;;ST;Mittelstürmer;ST;;;Deutschland, Griechenland;;;FC Augsburg;17;FC Augsburg;300000.00;1800.00;2027-06-30;none;;;0;;0;;;2000051522;269951;675565;;63;72;61;55;73;;59;57;40;68;59;14;20;56;;53;58;65;5;12;7;11;14;53;65;60;60;60;60;55;55;40;60;65;30;25;50;55;30;60;80;;;;;;33.00;33.00;0.00;100.00;33.00;33.00;2026-06-09;;;;;;;;;;;;;;;;;;;;;;;;;;;;;;
1827;Yannik;Keitel;2000-02-15;26;186;B;DM;Defensives Mittelfeld;DM;;;Deutschland;Deutschland;;FC Augsburg;17;FC Augsburg;2000000.00;12000.00;2026-06-30;none;;;0;;0;;;91179656;256118;342039;;71;74;63;65;73;;62;72;49;44;75;74;64;65;;42;49;48;7;8;13;10;11;63;70;65;75;65;65;55;65;50;35;60;65;65;60;80;55;60;55;;;;;;141.00;141.00;0.00;100.00;43.00;43.00;2026-06-09;;;;;;;;;;;;;;;;;;;;;;;;;;;;;;
1832;Mert;Kömür;2005-07-17;20;184;B;OM;Offensives Mittelfeld;OM;;;Deutschland, Türkei, Schweiz;;;FC Augsburg;17;FC Augsburg;12000000.00;72000.00;2030-06-30;none;;;0;;0;;;2000180850;274226;777005;;72;82;66;65;49;;78;73;53;67;56;35;43;71;;67;53;61;14;7;11;5;12;61;75;60;75;55;75;65;65;55;50;40;40;40;60;65;65;65;60;;;;;;144.00;144.00;0.00;100.00;58.00;58.00;2026-06-09;;;;;;;;;;;;;;;;;;;;;;;;;;;;;;
1828;Mahmut;Kücüksahin;2004-04-07;22;182;R;DM;Defensives Mittelfeld;DM;;;Türkei, Deutschland;;;FC Augsburg;17;FC Augsburg;150000.00;900.00;2027-06-30;none;;;0;;0;;;2000193084;72371;730486;;60;72;46;53;39;;57;64;39;33;51;65;58;52;;52;44;38;7;13;8;12;11;50;63;55;65;55;65;55;65;40;30;55;60;55;65;60;40;50;40;;;;;;32.00;32.00;0.00;100.00;32.00;32.00;2026-06-09;;;;;;;;;;;;;;;;;;;;;;;;;;;;;;
1833;Anton;Kade;2004-01-17;22;185;R;OM;Offensives Mittelfeld;OM;;;Deutschland;Deutschland;;FC Augsburg;17;FC Augsburg;10000000.00;60000.00;2029-06-30;none;;;0;;0;;;2000065479;266433;654234;;73;80;75;66;69;;75;72;71;72;57;35;50;63;;60;55;50;8;15;9;11;8;63;66;70;70;60;70;65;55;55;40;60;55;45;55;75;55;50;60;;;;;;145.00;145.00;0.00;100.00;59.00;59.00;2026-06-09;;;;;;;;;;;;;;;;;;;;;;;;;;;;;;
1820;Felix;Meiser;2007-01-16;19;189;R;IV;Innenverteidiger;IV;;;Deutschland;Deutschland;;FC Augsburg;17;FC Augsburg;150000.00;900.00;2027-06-30;none;;;0;;0;;;2000259389;77413;1069641;;60;75;43;58;64;;49;50;36;26;62;65;58;46;;32;36;45;13;10;7;12;5;44;65;65;50;60;50;40;55;30;25;60;60;60;45;55;10;15;30;;;;;;30.00;30.00;0.00;100.00;30.00;30.00;2026-06-09;;;;;;;;;;;;;;;;;;;;;;;;;;;;;;
1836;Uchenna;Ogundu;2006-05-12;20;180;R;ST;Mittelstürmer;ST;;;Nigeria;Nigeria;;FC Augsburg;17;FC Augsburg;4000000.00;24000.00;2031-06-30;none;;;0;;0;;;2000395118;80729;1309324;;64;77;53;58;78;;58;58;33;68;68;25;20;50;;47;43;67;9;8;6;9;10;58;76;85;65;60;55;55;45;40;55;55;35;35;30;55;30;30;50;;;;;;47.00;47.00;0.00;100.00;47.00;47.00;2026-06-09;;;;;;;;;;;;;;;;;;;;;;;;;;;;;;
1826;Robin;Fellhauer;1998-01-21;28;182;R;DM;Defensives Mittelfeld;DM;;;Deutschland;Deutschland;;FC Augsburg;17;FC Augsburg;3500000.00;21000.00;2029-06-30;none;;;0;;0;;;91143881;269305;264960;;74;74;86;90;70;;69;73;68;55;64;74;70;65;;61;43;39;9;10;13;8;11;67;69;75;75;65;55;55;60;60;40;60;70;65;60;90;40;30;55;;;;;;148.00;148.00;0.00;100.00;48.00;48.00;2026-06-09;;;;;;;;;;;;;;;;;;;;;;;;;;;;;;
1823;Oliver;Sorg;2007-07-31;18;176;L;LV;Linker Verteidiger;LV;;;Österreich;Österreich;;FC Augsburg;17;FC Augsburg;400000.00;2400.00;2027-06-30;none;;;0;;0;;;2000203183;74112;960444;;58;78;64;57;51;;48;54;53;29;49;59;54;39;;47;32;38;13;7;10;14;9;49;66;70;65;45;60;60;55;55;30;40;55;50;50;55;50;40;40;;;;;;31.00;31.00;0.00;100.00;31.00;31.00;2026-06-09;;;;;;;;;;;;;;;;;;;;;;;;;;;;;;
1822;Mads;Pedersen;1996-09-01;29;178;L;LV;Linker Verteidiger;LV;;;Dänemark;Dänemark;;FC Augsburg;17;FC Augsburg;800000.00;4800.00;2027-06-30;none;;;0;;0;;;27088224;229640;288429;;71;71;74;69;58;;71;70;68;45;48;68;69;66;;55;37;41;11;8;8;9;7;61;66;70;70;55;55;60;55;60;30;40;70;60;50;80;55;55;40;;;;;;142.00;142.00;0.00;100.00;35.00;35.00;2026-06-09;;;;;;;;;;;;;;;;;;;;;;;;;;;;;;
1857;Janik;Haberer;1994-04-02;32;187;R;ZM;Zentrales Mittelfeld;ZM;;;Deutschland;Deutschland;;1. FC Union Berlin;19;1. FC Union Berlin;2000000.00;12000.00;;none;;;0;;0;;;92056736;211879;177779;;74;74;61;74;67;;75;77;59;63;54;64;61;76;;69;55;61;13;16;14;15;10;65;69;60;80;60;60;55;60;60;40;60;60;60;55;90;60;60;65;;;;;;147.00;147.00;0.00;100.00;39.00;39.00;2026-06-09;;;;;;;;;;;;;;;;;;;;;;;;;;;;;;
1846;Kevin;Vogt;1991-09-23;34;194;R;IV;Innenverteidiger;IV;;;Deutschland;Deutschland;;VfL Bochum;20;VfL Bochum;400000.00;2400.00;;none;;;0;;0;;;91004433;192641;84435;;73;73;72;60;83;;66;72;62;34;73;74;72;66;;50;62;59;14;13;6;7;8;63;71;65;60;80;65;60;75;40;30;60;60;70;70;80;55;40;60;;;;;;146.00;146.00;0.00;100.00;30.00;30.00;2026-06-09;;;;;;;;;;;;;;;;;;;;;;;;;;;;;;
1859;Robert;Skov;1996-05-20;30;185;L;LM;Linkes Mittelfeld;LM;;;Dänemark;Dänemark;;1. FC Union Berlin;19;1. FC Union Berlin;2000000.00;12000.00;;none;;;0;;0;;;27094768;215449;270393;;73;73;74;66;68;;74;76;83;71;57;67;68;70;;87;86;80;11;16;15;13;15;67;69;70;65;55;70;65;65;65;50;40;55;55;65;60;70;80;80;;;;;;147.00;147.00;0.00;100.00;41.00;41.00;2026-06-09;;;;;;;;;;;;;;;;;;;;;;;;;;;;;;
1854;Rani;Khedira;1994-01-27;32;188;R;DM;Defensives Mittelfeld;DM;;;Tunesien, Deutschland;;;1. FC Union Berlin;19;1. FC Union Berlin;2000000.00;12000.00;;none;;;0;;0;;;92017509;211999;124410;;76;76;60;80;83;;58;69;42;34;75;79;83;59;;38;41;46;8;13;9;12;11;69;70;60;80;75;55;40;60;40;40;65;80;80;55;90;30;30;55;;;;;;152.00;152.00;0.00;100.00;39.00;39.00;2026-06-09;;;;;;;;;;;;;;;;;;;;;;;;;;;;;;
1862;David;Preu;2004-10-26;21;172;R;LF;Linksaußen;LF;;;Deutschland;Deutschland;;1. FC Union Berlin;19;1. FC Union Berlin;400000.00;2400.00;;none;;;0;;0;;;2000154165;276489;745075;;62;77;67;50;39;;66;60;62;57;40;37;28;57;;61;48;40;7;11;5;6;10;50;63;70;65;40;55;65;40;50;35;30;45;40;40;65;40;40;40;;;;;;34.00;34.00;0.00;100.00;34.00;34.00;2026-06-09;;;;;;;;;;;;;;;;;;;;;;;;;;;;;;
1844;Leopold;Querfeld;2003-12-20;22;190;R;IV;Innenverteidiger;IV;;;Österreich;Österreich;;1. FC Union Berlin;19;1. FC Union Berlin;20000000.00;120000.00;;none;;;0;;0;;;16337125;265576;597432;;77;84;51;68;85;;50;72;33;34;82;79;78;60;;29;41;54;13;6;12;9;14;65;90;55;70;80;55;40;60;35;35;70;65;70;55;65;15;60;65;;;;;;154.00;154.00;0.00;100.00;67.00;67.00;2026-06-09;;;;;;;;;;;;;;;;;;;;;;;;;;;;;;
1848;Tom;Rothe;2004-10-29;21;193;L;LV;Linker Verteidiger;LV;;;Deutschland;Deutschland;;1. FC Union Berlin;19;1. FC Union Berlin;10000000.00;60000.00;;none;;;0;;0;;;2000146948;268116;798043;;73;81;56;77;79;;68;69;84;52;75;68;71;66;;77;30;35;8;9;8;9;13;63;79;65;75;65;65;60;60;80;40;70;65;55;60;65;65;60;55;;;;;;145.00;145.00;0.00;100.00;59.00;59.00;2026-06-09;;;;;;;;;;;;;;;;;;;;;;;;;;;;;;
1855;András;Schäfer;1999-04-13;27;178;R;ZM;Zentrales Mittelfeld;ZM;;;Ungarn;Ungarn;;1. FC Union Berlin;19;1. FC Union Berlin;4500000.00;27000.00;;none;;;0;;0;;;38045397;247026;454863;;74;75;70;85;63;;73;77;63;57;48;67;66;69;;45;53;42;5;14;13;10;14;65;68;65;80;55;65;65;65;55;45;60;65;60;65;80;60;60;55;;;;;;148.00;148.00;0.00;100.00;51.00;51.00;2026-06-09;;;;;;;;;;;;;;;;;;;;;;;;;;;;;;
1852;Christopher;Trimmel;1987-02-24;39;189;R;RV;Rechter Verteidiger;RV;;;Österreich;Österreich;;1. FC Union Berlin;19;1. FC Union Berlin;600000.00;3600.00;;none;;;0;;0;;;16008969;193254;75921;;75;75;76;73;82;;69;72;85;61;72;74;75;67;;77;68;60;15;8;16;8;6;66;69;70;70;65;60;55;60;80;40;65;60;60;60;80;90;75;55;;;;;;150.00;150.00;0.00;100.00;30.00;30.00;2026-06-09;;;;;;;;;;;;;;;;;;;;;;;;;;;;;;
1863;Benedict;Hollerbach;2001-05-17;25;181;B;ST;Mittelstürmer;ST;;;Deutschland;Deutschland;;1. FSV Mainz 05;18;1. FSV Mainz 05;8000000.00;48000.00;;none;;;0;;0;;;91187678;258715;453870;;75;79;84;92;71;;80;74;62;78;63;24;24;68;;47;48;65;9;14;10;13;6;66;71;75;85;55;55;65;50;45;60;50;45;40;50;60;40;40;65;;;;;;151.00;151.00;0.00;100.00;57.00;57.00;2026-06-09;;;;;;;;;;;;;;;;;;;;;;;;;;;;;;
1513;Jamal;Musiala;2003-02-26;23;184;R;LF;Offensives Mittelfeld;LF;;;Deutschland, England;;;FC Bayern München;2;FC Bayern München;100000000.00;600000.00;2030-06-30;none;;;0;;0;;;28124579;256790;580195;;87;91;75;73;61;;94;87;70;85;75;66;63;84;;75;59;61;11;9;6;8;8;83;93;75;65;50;90;95;75;45;75;65;55;45;75;75;40;40;60;;;;;;167.00;167.00;0.00;100.00;87.00;87.00;2026-06-09;2;1.02;7.48;132;14.67;2;2024;FC Bayern München;2;7.4500000000000000;1;0;0;0;132;;;;;;;;;;;;;;;
1889;Koji;Miyoshi;1997-03-26;29;167;L;RM;Rechtes Mittelfeld;RM;;;Japan;Japan;;VfL Bochum;20;VfL Bochum;1000000.00;6000.00;;none;;;0;;0;;;45092659;233151;295060;;69;69;71;56;35;;70;70;65;66;37;53;48;68;;68;66;64;10;9;8;7;15;58;65;60;65;35;70;65;65;55;40;20;40;40;65;60;60;55;60;;;;;;137.00;137.00;0.00;100.00;36.00;36.00;2026-06-09;;;;;;;;;;;;;;;;;;;;;;;;;;;;;;
2041;Nikolas;Veratschnig;2003-01-24;23;180;R;RM;Rechtes Mittelfeld;RM;;;;;;1. FSV Mainz 05;18;1. FSV Mainz 05;2500000.00;15000.00;;none;;;0;;0;;;16283828;267862;601143;;69;76;87;66;66;;64;64;60;48;69;67;63;62;;42;34;39;5;7;14;14;8;59;69;85;65;55;60;65;50;55;40;40;60;50;45;60;40;40;40;;;;;;137.00;137.00;0.00;100.00;45.00;45.00;2026-06-09;;;;;;;;;;;;;;;;;;;;;;;;;;;;;;
1891;Moritz-Broni;Kwarteng;1998-04-28;28;175;B;OM;Offensives Mittelfeld;OM;;;Deutschland, Ghana;;;VfL Bochum;20;VfL Bochum;750000.00;4500.00;;none;;;0;;0;;;91181711;243970;316575;;68;68;72;64;45;;73;64;61;67;48;36;36;63;;65;47;49;6;13;12;13;13;59;63;70;60;55;65;75;60;50;50;40;45;40;60;55;55;60;60;;;;;;135.00;135.00;0.00;100.00;37.00;37.00;2026-06-09;;;;;;;;;;;;;;;;;;;;;;;;;;;;;;
1876;Noah;Loosli;1997-01-23;29;186;R;IV;Innenverteidiger;IV;;;Schweiz;Schweiz;;VfL Bochum;20;VfL Bochum;850000.00;5100.00;;none;;;0;;0;;;98034469;228243;265209;;68;68;65;71;80;;51;61;39;44;70;69;63;35;;31;27;36;13;8;11;7;10;59;60;65;65;75;50;40;60;35;30;70;65;65;55;75;15;20;35;;;;;;136.00;136.00;0.00;100.00;36.00;36.00;2026-06-09;;;;;;;;;;;;;;;;;;;;;;;;;;;;;;
1887;Mats;Pannewig;2004-10-28;21;195;;ZM;Zentrales Mittelfeld;ZM;;;Deutschland;Deutschland;;VfL Bochum;20;VfL Bochum;3000000.00;18000.00;;none;;;0;;0;;;2000173684;274617;796221;;66;75;45;70;77;;67;69;56;53;61;65;60;64;;60;47;52;11;10;14;13;9;56;67;55;80;60;65;65;60;40;40;60;55;55;60;70;40;40;55;;;;;;132.00;132.00;0.00;100.00;47.00;47.00;2026-06-09;;;;;;;;;;;;;;;;;;;;;;;;;;;;;;
1870;Timo;Horn;1993-05-12;33;192;L;TW;Torwart;TW;;;Deutschland;Deutschland;;VfL Bochum;20;VfL Bochum;600000.00;3600.00;;none;;;0;;0;;;91014821;200316;84938;;73;73;51;31;67;;20;30;19;13;14;13;14;47;;12;15;21;74;75;73;69;59;63;72;;;;;;;;;;;;;;;;;75;65;70;55;45;145.00;145.00;0.00;100.00;32.00;32.00;2026-06-09;;;;;;;;;;;;;;;;;;;;;;;;;;;;;;
1910;Hauke;Wahl;1994-04-15;32;189;R;IV;Innenverteidiger;IV;;;Deutschland;Deutschland;;FC St. Pauli;22;FC St. Pauli;1500000.00;9000.00;;none;;;0;;0;;;92064816;230855;154147;;74;74;64;79;79;;58;76;28;30;67;75;79;59;;22;20;45;7;14;15;13;5;63;65;60;75;75;55;55;65;35;30;70;65;70;60;80;10;15;40;;;;;;148.00;148.00;0.00;100.00;37.00;37.00;2026-06-09;;;;;;;;;;;;;;;;;;;;;;;;;;;;;;
1896;Gerrit;Holtmann;1995-03-25;31;185;L;LF;Linksaußen;LF;;;Philippinen, Deutschland;;;VfL Bochum;20;VfL Bochum;700000.00;4200.00;;none;;;0;;0;;;91147351;228614;190289;;70;70;94;63;63;;67;63;66;62;47;57;59;66;;64;44;60;8;8;8;12;10;60;65;85;60;50;55;60;45;55;40;30;55;45;40;65;50;50;55;;;;;;141.00;141.00;0.00;100.00;35.00;35.00;2026-06-09;;;;;;;;;;;;;;;;;;;;;;;;;;;;;;
2042;Paul;Nebel;2002-10-10;23;169;B;OM;Offensives Mittelfeld;OM;;;;;;1. FSV Mainz 05;18;1. FSV Mainz 05;18000000.00;108000.00;;none;;;0;;0;;;91188358;257075;503160;;76;83;65;90;48;;82;76;68;78;39;42;49;75;;70;50;54;9;9;11;6;10;69;75;60;85;40;75;65;65;65;55;30;55;40;60;65;65;65;60;;;;;;152.00;152.00;0.00;100.00;66.00;66.00;2026-06-09;;;;;;;;;;;;;;;;;;;;;;;;;;;;;;
1900;Philipp;Hofmann;1993-03-30;33;195;L;ST;Mittelstürmer;ST;;;Deutschland;Deutschland;;VfL Bochum;20;VfL Bochum;600000.00;3600.00;;none;;;0;;0;;;91100532;206606;119037;;71;71;52;57;90;;65;70;35;70;79;42;28;68;;48;39;62;15;10;14;11;15;60;65;60;65;85;55;50;55;35;55;80;40;40;55;80;15;30;60;;;;;;141.00;141.00;0.00;100.00;32.00;32.00;2026-06-09;;;;;;;;;;;;;;;;;;;;;;;;;;;;;;
1915;Lars;Ritzka;1998-05-07;28;185;L;LV;Linker Verteidiger;LV;;;Deutschland;Deutschland;;FC St. Pauli;22;FC St. Pauli;1000000.00;6000.00;;none;;;0;;0;;;91175827;237884;333903;;69;69;76;77;68;;62;68;64;38;52;63;67;58;;58;38;38;9;12;13;11;13;59;60;60;70;60;60;50;60;60;35;60;60;60;55;80;60;55;50;;;;;;138.00;138.00;0.00;100.00;38.00;38.00;2026-06-09;;;;;;;;;;;;;;;;;;;;;;;;;;;;;;
1908;David;Nemeth;2001-03-18;25;191;B;IV;Innenverteidiger;IV;;;Österreich;Österreich;;FC St. Pauli;22;FC St. Pauli;2500000.00;15000.00;;none;;;0;;0;;;16202269;252317;451906;;70;75;66;70;90;;47;61;32;24;68;74;71;40;;28;22;33;7;7;13;11;7;60;66;60;55;70;60;40;60;35;30;65;70;65;60;60;15;15;35;;;;;;141.00;141.00;0.00;100.00;45.00;45.00;2026-06-09;;;;;;;;;;;;;;;;;;;;;;;;;;;;;;
1918;Fin;Stevens;2003-04-10;23;179;R;RV;Rechter Verteidiger;RV;;;Wales, England;;;FC St. Pauli;22;FC St. Pauli;500000.00;3000.00;;none;;;0;;0;;;2000019643;259766;587019;;63;72;62;61;62;;62;62;65;43;47;58;63;57;;53;38;33;14;11;10;11;6;55;65;65;65;55;60;55;60;60;30;40;60;60;55;60;50;40;40;;;;;;35.00;35.00;0.00;100.00;35.00;35.00;2026-06-09;;;;;;;;;;;;;;;;;;;;;;;;;;;;;;
1901;Nikola;Vasilj;1995-12-02;30;193;R;TW;Torwart;TW;;;Bosnien-Herzegowina, Kroatien;;;FC St. Pauli;22;FC St. Pauli;4500000.00;27000.00;;none;;;0;;0;;;21024436;262956;248454;;78;78;30;21;72;;12;40;10;9;12;10;13;45;;14;11;16;81;75;79;78;65;68;69;;;;;;;;;;;;;;;;;85;65;85;60;55;156.00;156.00;0.00;100.00;49.00;49.00;2026-06-09;;;;;;;;;;;;;;;;;;;;;;;;;;;;;;
1902;Ben;Voll;2000-12-09;25;195;B;TW;Torwart;TW;;;Deutschland;Deutschland;;FC St. Pauli;22;FC St. Pauli;500000.00;3000.00;;none;;;0;;0;;;2000049977;251433;453742;;67;72;25;22;67;;11;27;9;9;13;13;9;32;;12;11;10;70;64;68;66;65;58;63;;;;;;;;;;;;;;;;;70;60;65;55;60;134.00;134.00;0.00;100.00;35.00;35.00;2026-06-09;;;;;;;;;;;;;;;;;;;;;;;;;;;;;;
1907;Eric;Smith;1997-01-08;29;192;R;IV;Innenverteidiger;IV;;;Schweden;Schweden;;FC St. Pauli;22;FC St. Pauli;5000000.00;30000.00;;none;;;0;;0;;;93053901;222369;292534;;74;74;71;77;82;;64;75;43;50;68;69;78;70;;53;70;41;11;12;12;7;13;67;68;70;70;70;65;55;80;55;30;60;60;70;80;80;65;75;60;;;;;;148.00;148.00;0.00;100.00;50.00;50.00;2026-06-09;;;;;;;;;;;;;;;;;;;;;;;;;;;;;;
1911;Karol;Mets;1993-05-16;33;191;L;IV;Innenverteidiger;IV;;;Estland;Estland;;FC St. Pauli;22;FC St. Pauli;600000.00;3600.00;;none;;;0;;0;;;47023240;226506;139304;;71;71;74;74;85;;54;66;49;46;67;72;74;47;;55;31;51;6;15;12;12;14;63;64;70;70;80;55;40;65;30;30;65;60;75;60;70;15;20;50;;;;;;143.00;143.00;0.00;100.00;32.00;32.00;2026-06-09;;;;;;;;;;;;;;;;;;;;;;;;;;;;;;
1934;Abdoulie;Ceesay;2004-01-05;22;185;;ST;Mittelstürmer;ST;;;Gambia;Gambia;;FC St. Pauli;22;FC St. Pauli;1000000.00;6000.00;;none;;;0;;0;;;2000374059;76228;1280281;;66;74;70;48;76;;59;51;42;71;62;27;19;49;;47;37;52;7;9;5;11;7;54;64;75;60;70;55;60;50;35;60;65;30;20;55;40;25;35;60;;;;;;132.00;132.00;0.00;100.00;38.00;38.00;2026-06-09;;;;;;;;;;;;;;;;;;;;;;;;;;;;;;
1922;Connor;Metcalfe;1999-11-05;26;183;L;ZM;Zentrales Mittelfeld;ZM;;;Australien;Australien;;FC St. Pauli;22;FC St. Pauli;1500000.00;9000.00;;none;;;0;;0;;;15069939;240648;522223;;69;71;69;78;75;;69;71;61;61;55;62;61;68;;54;50;50;11;14;6;12;12;61;65;70;70;55;65;60;65;55;50;35;55;50;60;80;60;60;50;;;;;;138.00;138.00;0.00;100.00;41.00;41.00;2026-06-09;;;;;;;;;;;;;;;;;;;;;;;;;;;;;;
1926;Danel;Sinani;1997-04-05;29;185;L;OM;Offensives Mittelfeld;OM;;;Luxemburg, Serbien;;;FC St. Pauli;22;FC St. Pauli;3000000.00;18000.00;;none;;;0;;0;;;29198448;258626;346499;;71;71;56;60;70;;73;76;66;64;38;43;38;75;;74;72;66;12;14;10;10;8;61;65;60;80;55;75;65;65;60;50;30;40;40;65;75;75;75;75;;;;;;142.00;142.00;0.00;100.00;45.00;45.00;2026-06-09;;;;;;;;;;;;;;;;;;;;;;;;;;;;;;
1537;Marcel;Sabitzer;1994-03-17;32;178;R;DM;Zentrales Mittelfeld;DM;;;Österreich;Österreich;;Borussia Dortmund;3;Borussia Dortmund;6000000.00;36000.00;2027-06-30;none;;;0;;0;;;16045721;204923;106987;;81;81;72;78;75;;78;82;77;76;62;75;81;79;;77;78;80;13;13;11;15;14;73;78;65;80;60;65;60;70;60;55;50;60;60;65;80;65;75;80;;;;;;152.00;152.00;0.00;100.00;50.00;50.00;2026-06-09;0;1.00;;0;0.00;0;2024;Borussia Dortmund;;;;;;;;;;;;;;;;;;;;;;
1530;Daniel;Svensson;2002-02-12;24;183;L;LV;Linker Verteidiger;LV;;;Schweden;Schweden;;Borussia Dortmund;3;Borussia Dortmund;22000000.00;132000.00;2029-06-30;none;;;0;;0;;;93123163;259716;579287;;79;83;76;94;68;;75;79;75;56;64;75;78;75;;71;63;44;9;12;15;9;12;70;76;65;90;60;65;60;65;65;40;55;60;60;60;80;65;65;60;;;;;;149.00;149.00;0.00;100.00;68.00;68.00;2026-06-09;0;1.00;;0;0.00;0;2024;Borussia Dortmund;;;;;;;;;;;;;;;;;;;;;;
1594;Nicolas;Seiwald;2001-05-04;25;179;R;DM;Defensives Mittelfeld;DM;;;Österreich;Österreich;;RB Leipzig;9;RB Leipzig;25000000.00;150000.00;;none;;;0;;0;;;16191724;257876;404950;;80;85;70;79;74;;72;77;74;58;64;82;78;75;;73;60;54;7;8;5;14;7;71;78;70;80;65;60;55;65;55;35;60;80;65;60;85;65;65;60;;;;;;159.00;159.00;0.00;100.00;70.00;70.00;2026-06-09;;;;;;;;;;;;;;;;;;;;;;;;;;;;;;
1691;Yuito;Suzuki;2001-10-25;24;175;R;ST;Hängende Spitze;ST;;;Japan;Japan;;SC Freiburg;12;SC Freiburg;24000000.00;144000.00;;none;;;0;;0;;;2000064338;255185;668606;;75;78;82;82;45;;78;76;62;68;46;50;45;76;;61;58;54;6;12;15;13;8;67;70;75;70;40;70;60;60;55;60;40;40;35;60;65;60;60;60;;;;;;147.00;147.00;0.00;100.00;69.00;69.00;2026-06-09;;;;;;;;;;;;;;;;;;;;;;;;;;;;;;
2044;Sheraldo;Becker;1995-02-09;31;180;R;LF;Linksaußen;LF;;;;;;1. FSV Mainz 05;18;1. FSV Mainz 05;1500000.00;9000.00;;none;;;0;;0;;;37027194;223790;188888;;73;73;93;72;73;;73;71;69;71;65;35;21;69;;66;50;66;13;14;6;16;15;65;71;80;55;60;65;60;55;60;60;35;25;25;55;50;55;55;55;;;;;;147.00;147.00;0.00;100.00;39.00;39.00;2026-06-09;;;;;;;;;;;;;;;;;;;;;;;;;;;;;;
1574;Patrik;Schick;1996-01-24;30;191;L;ST;Mittelstürmer;ST;;;Tschechien;Tschechien;;Bayer 04 Leverkusen;8;Bayer 04 Leverkusen;18000000.00;108000.00;;none;;;0;;0;;;25042141;234236;242086;;85;85;72;69;85;;81;78;64;86;88;29;44;75;;78;56;63;14;15;11;9;8;77;80;70;65;75;75;65;60;40;85;85;30;35;55;60;20;60;65;;;;;;169.00;169.00;0.00;100.00;64.00;64.00;2026-06-09;;;;;;;;;;;;;;;;;;;;;;;;;;;;;;
1621;Nnamdi;Collins;2004-01-10;22;188;R;IV;Innenverteidiger;IV;;;Deutschland, Nigeria;;;Eintracht Frankfurt;10;Eintracht Frankfurt;20000000.00;120000.00;;none;;;0;;0;;;2000045854;256500;684315;;74;83;88;71;79;;70;71;68;28;73;76;73;65;;44;20;25;8;8;12;10;8;65;76;80;65;75;55;55;55;50;30;65;75;60;55;65;25;25;40;;;;;;149.00;149.00;0.00;100.00;67.00;67.00;2026-06-09;;;;;;;;;;;;;;;;;;;;;;;;;;;;;;
1589;Benjamin;Henrichs;1997-02-23;29;185;R;RV;Rechter Verteidiger;RV;;;Deutschland, Ghana;;;RB Leipzig;9;RB Leipzig;7000000.00;42000.00;;none;;;0;;0;;;91132680;228579;202591;;80;80;73;73;74;;79;80;79;50;66;81;78;74;;74;60;59;14;9;8;12;13;73;75;70;75;65;65;65;75;60;35;55;75;60;65;80;40;50;55;;;;;;159.00;159.00;0.00;100.00;53.00;53.00;2026-06-09;;;;;;;;;;;;;;;;;;;;;;;;;;;;;;
1615;Jens;Grahl;1988-09-22;37;192;R;TW;Torwart;TW;;;Deutschland;Deutschland;;Eintracht Frankfurt;10;Eintracht Frankfurt;200000.00;1200.00;;none;;;0;;0;;;35012145;183513;40034;;63;63;48;39;74;;12;22;19;12;13;13;20;32;;11;10;21;64;60;65;62;58;55;60;;;;;;;;;;;;;;;;;60;60;60;60;40;30.00;30.00;0.00;100.00;30.00;30.00;2026-06-09;;;;;;;;;;;;;;;;;;;;;;;;;;;;;;
1692;Maximilian;Philipp;1994-03-01;32;183;R;ST;Hängende Spitze;ST;;;Deutschland;Deutschland;;SC Freiburg;12;SC Freiburg;500000.00;3000.00;2026-06-30;none;;;0;;0;;;91108767;216497;143891;;69;69;56;53;64;;75;69;64;70;50;48;39;69;;68;64;80;9;12;8;10;10;59;72;60;55;55;80;65;65;50;55;50;40;35;65;55;60;70;80;;;;;;136.00;136.00;0.00;100.00;31.00;31.00;2026-06-09;;;;;;;;;;;;;;;;;;;;;;;;;;;;;;
1653;Maximilian;Mittelstädt;1997-03-18;29;180;L;LV;Linker Verteidiger;LV;;;Deutschland;Deutschland;;VfB Stuttgart;11;VfB Stuttgart;18000000.00;108000.00;2028-06-30;none;;;0;;0;;;91143714;227647;282660;;83;83;79;84;67;;78;81;88;56;70;83;80;77;;77;46;68;13;10;13;13;7;75;76;70;80;60;65;65;65;80;40;55;80;65;65;80;60;60;70;;;;;;166.00;166.00;0.00;100.00;64.00;64.00;2026-06-09;;;;;;;;;;;;;;;;;;;;;;;;;;;;;;
183;Jeanuël;Belocian;2005-02-17;21;186;L;IV;Innenverteidiger;IV;;;Frankreich, Guadeloupe;;;VfL Wolfsburg;15;VfL Wolfsburg;12000000.00;72000.00;2026-06-30;none;;;0;;0;;;2000115205;268622;919515;;70;81;69;54;72;;63;71;61;34;69;72;69;56;;64;48;51;7;15;13;15;13;63;77;75;65;65;65;60;65;55;30;60;65;65;60;65;30;30;40;;;;;;140.00;140.00;0.00;100.00;61.00;61.00;2026-06-09;;;;;;;;;;;;;;;;;;;;;;;;;;;;;;
1630;Hugo;Larsson;2004-06-27;21;187;R;ZM;Zentrales Mittelfeld;ZM;;;Schweden;Schweden;;Eintracht Frankfurt;10;Eintracht Frankfurt;28000000.00;168000.00;;none;;;0;;0;;;2000019708;268896;931838;;77;85;81;81;74;;75;81;47;75;61;70;76;78;;64;53;53;8;7;14;12;7;67;74;70;85;55;70;60;70;55;50;55;55;55;55;80;55;55;55;;;;;;155.00;155.00;0.00;100.00;71.00;71.00;2026-06-09;;;;;;;;;;;;;;;;;;;;;;;;;;;;;;
1673;Noah;Atubolu;2002-05-25;24;190;R;TW;Torwart;TW;;;Deutschland, Nigeria;;;SC Freiburg;12;SC Freiburg;25000000.00;150000.00;2027-06-30;none;;;0;;0;;;91188349;262659;526845;;78;83;59;29;79;;11;27;12;8;13;12;12;50;;13;12;14;80;74;77;75;76;69;80;;;;;;;;;;;;;;;;;75;60;80;65;60;156.00;156.00;0.00;100.00;70.00;70.00;2026-06-09;;;;;;;;;;;;;;;;;;;;;;;;;;;;;;
1817;Cédric;Zesiger;1998-06-24;27;194;L;IV;Innenverteidiger;IV;;;Schweiz;Schweiz;;FC Augsburg;17;FC Augsburg;5000000.00;30000.00;2029-06-30;none;;;0;;0;;;98035093;236369;382478;;74;76;74;72;90;;58;66;42;37;73;72;70;54;;29;22;34;5;14;5;10;12;66;70;70;65;80;55;40;60;40;30;70;65;70;55;65;15;20;40;;;;;;148.00;148.00;0.00;100.00;52.00;52.00;2026-06-09;;;;;;;;;;;;;;;;;;;;;;;;;;;;;;
1741;Cole;Campbell;2006-02-20;20;170;L;RF;Rechtsaußen;RF;;;Vereinigte Staaten, Island;;;TSG 1899 Hoffenheim;14;TSG 1899 Hoffenheim;5000000.00;30000.00;2026-06-30;none;;;0;;0;;;2000085150;73057;866579;;67;82;90;57;36;;72;63;63;62;40;21;25;56;;54;44;56;14;12;6;14;6;59;67;85;60;35;60;70;50;50;40;30;30;25;55;50;60;60;60;;;;;;136.00;136.00;0.00;100.00;49.00;49.00;2026-06-09;;;;;;;;;;;;;;;;;;;;;;;;;;;;;;
1740;Deniz;Zeitler;2006-12-13;19;181;B;LF;Linksaußen;LF;;;Deutschland, Türkei;;;TSG 1899 Hoffenheim;14;TSG 1899 Hoffenheim;4000000.00;24000.00;;none;;;0;;0;;;2000273894;279116;1108022;;67;79;82;59;60;;68;64;51;70;62;44;30;54;;44;49;50;12;15;10;9;11;55;76;70;60;45;60;60;50;45;55;50;25;20;45;55;40;40;60;;;;;;134.00;134.00;0.00;100.00;47.00;47.00;2026-06-09;;;;;;;;;;;;;;;;;;;;;;;;;;;;;;
1787;Julián;Malatini;2001-05-31;25;191;R;IV;Innenverteidiger;IV;;;Argentinien;Argentinien;;SV Werder Bremen;16;SV Werder Bremen;2000000.00;12000.00;;none;;;0;;0;;;14247879;261182;830108;;69;76;74;72;75;;60;64;57;36;67;67;64;50;;45;40;46;13;13;13;11;14;60;65;75;65;65;50;55;55;50;35;65;70;60;50;65;30;30;40;;;;;;137.00;137.00;0.00;100.00;43.00;43.00;2026-06-09;;;;;;;;;;;;;;;;;;;;;;;;;;;;;;
1765;Mattias;Svanberg;1999-01-05;27;186;R;ZM;Zentrales Mittelfeld;ZM;;;Schweden;Schweden;;VfL Wolfsburg;15;VfL Wolfsburg;8000000.00;48000.00;2027-06-30;none;;;0;;0;;;93065023;228946;342405;;76;77;70;76;75;;76;78;68;68;32;70;70;76;;70;63;57;12;6;7;8;13;66;73;75;75;65;70;60;65;60;55;60;55;55;65;60;60;65;60;;;;;;152.00;152.00;0.00;100.00;57.00;57.00;2026-06-09;;;;;;;;;;;;;;;;;;;;;;;;;;;;;;
1843;Danilho;Doekhi;1998-06-30;27;190;R;IV;Innenverteidiger;IV;;;Niederlande, Suriname;;;1. FC Union Berlin;19;1. FC Union Berlin;13000000.00;78000.00;;none;;;0;;0;;;37051440;232658;387047;;80;81;68;80;89;;60;71;46;39;86;81;80;57;;39;29;33;14;9;9;13;10;72;73;60;60;80;60;50;60;40;50;85;70;75;60;70;15;20;50;;;;;;160.00;160.00;0.00;100.00;62.00;62.00;2026-06-09;;;;;;;;;;;;;;;;;;;;;;;;;;;;;;
1791;Derrick;Köhn;1999-02-04;27;180;L;LV;Linker Verteidiger;LV;;;Ghana, Deutschland;;;1. FC Union Berlin;19;1. FC Union Berlin;4000000.00;24000.00;;none;;;0;;0;;;91181667;250941;391780;;75;76;88;71;72;;79;72;74;67;58;72;67;65;;74;69;43;13;14;9;9;7;65;69;80;70;60;65;65;55;70;40;35;55;45;55;60;65;65;60;;;;;;150.00;150.00;0.00;100.00;50.00;50.00;2026-06-09;;;;;;;;;;;;;;;;;;;;;;;;;;;;;;
1899;Moritz;Broschinski;2000-09-23;25;190;R;ST;Mittelstürmer;ST;;;Deutschland;Deutschland;;FC Basel;24;FC Basel;2000000.00;12000.00;;none;;;0;;0;;;92097250;243960;406973;;69;73;82;80;72;;68;65;62;65;67;28;26;55;;52;44;51;8;9;5;8;13;59;65;75;70;75;50;60;50;55;55;60;50;45;50;80;20;40;60;;;;;;138.00;138.00;0.00;100.00;43.00;43.00;2026-06-09;;;;;;;;;;;;;;;;;;;;;;;;;;;;;;
1868;Tim;Skarke;1996-09-07;29;181;R;ST;Mittelstürmer;ST;;;Deutschland;Deutschland;;1. FC Union Berlin;19;1. FC Union Berlin;1500000.00;9000.00;;none;;;0;;0;;;92074815;229286;287920;;73;73;87;71;68;;75;67;68;73;52;49;45;58;;64;49;54;8;14;7;13;11;63;65;80;65;60;60;60;55;50;55;50;55;40;50;60;60;60;55;;;;;;145.00;145.00;0.00;100.00;39.00;39.00;2026-06-09;;;;;;;;;;;;;;;;;;;;;;;;;;;;;;
2049;William;Bøving;2003-03-01;23;176;B;ST;Mittelstürmer;ST;;;;;;1. FSV Mainz 05;18;1. FSV Mainz 05;3500000.00;21000.00;;none;;;0;;0;;;27161397;256127;610400;;71;78;81;74;61;;68;70;66;70;64;28;28;68;;68;61;52;6;8;6;9;5;63;74;70;80;40;65;60;60;55;55;40;40;35;60;60;65;55;65;;;;;;142.00;142.00;0.00;100.00;48.00;48.00;2026-06-09;;;;;;;;;;;;;;;;;;;;;;;;;;;;;;
1920;Marwin;Schmitz;2007-01-07;19;180;R;DM;Defensives Mittelfeld;DM;;;Deutschland;Deutschland;;FC St. Pauli;22;FC St. Pauli;200000.00;1200.00;;none;;;0;;0;;;2000258045;75476;1003534;;59;77;59;54;55;;55;63;42;31;50;58;55;57;;42;32;37;10;11;13;10;7;45;57;55;65;45;55;55;55;45;35;40;55;55;55;65;55;50;40;;;;;;30.00;30.00;0.00;100.00;30.00;30.00;2026-06-09;;;;;;;;;;;;;;;;;;;;;;;;;;;;;;
1568;Francis;Onyeka;2007-04-29;19;186;L;OM;Offensives Mittelfeld;OM;;;Deutschland, Nigeria;;;VfL Bochum;20;VfL Bochum;10000000.00;60000.00;;none;;;0;;0;;;2000259411;70037;929943;;67;86;67;63;60;;73;68;57;67;55;51;52;63;;58;55;66;11;9;6;12;15;59;82;60;70;45;75;75;65;55;60;60;40;35;60;60;65;70;80;;;;;;134.00;134.00;0.00;100.00;56.00;56.00;2026-06-09;;;;;;;;;;;;;;;;;;;;;;;;;;;;;;
1730;Vladimír;Coufal;1992-08-22;33;175;R;RV;Rechter Verteidiger;RV;;;Tschechien;Tschechien;;TSG 1899 Hoffenheim;14;TSG 1899 Hoffenheim;2500000.00;15000.00;2028-06-30;none;;;0;;0;;;25038517;244470;157672;;78;78;73;76;68;;71;73;84;50;72;77;75;68;;77;64;49;13;12;13;6;12;70;70;70;80;65;55;60;55;80;35;60;70;65;60;80;60;60;40;;;;;;155.00;155.00;0.00;100.00;41.00;41.00;2026-06-09;;;;;;;;;;;;;;;;;;;;;;;;;;;;;;
2046;Armindo;Sieb;2003-02-17;23;175;B;ST;Hängende Spitze;ST;;;;;;1. FSV Mainz 05;18;1. FSV Mainz 05;2500000.00;15000.00;;none;;;0;;0;;;2000065610;259162;569033;;71;79;82;67;70;;76;65;47;71;59;18;31;64;;48;43;61;15;10;13;11;7;59;70;75;50;55;65;65;55;50;60;60;35;30;55;55;40;55;60;;;;;;142.00;142.00;0.00;100.00;45.00;45.00;2026-06-09;;;;;;;;;;;;;;;;;;;;;;;;;;;;;;
2048;Phillip;Tietz;1997-07-09;28;190;R;ST;Mittelstürmer;ST;;;;;;1. FSV Mainz 05;18;1. FSV Mainz 05;4000000.00;24000.00;;none;;;0;;0;;;91182877;233216;288340;;73;73;54;77;84;;66;68;37;73;78;36;26;63;;51;59;67;7;7;10;11;5;63;67;65;70;80;55;55;55;40;60;75;45;45;55;80;30;65;80;;;;;;145.00;145.00;0.00;100.00;50.00;50.00;2026-06-09;;;;;;;;;;;;;;;;;;;;;;;;;;;;;;
2047;Nelson;Weiper;2005-03-17;21;192;R;ST;Mittelstürmer;ST;;;;;;1. FSV Mainz 05;18;1. FSV Mainz 05;7000000.00;42000.00;;none;;;0;;0;;;2000170587;268259;796213;;70;83;84;65;78;;72;60;39;72;74;20;23;64;;46;43;57;6;13;10;6;12;58;;70;70;65;60;60;55;35;65;70;30;25;50;60;15;35;65;;;;;;142.00;142.00;0.00;100.00;55.00;55.00;2026-06-09;;;;;;;;;;;;;;;;;;;;;;;;;;;;;;
1799;Leonardo;Bittencourt;1993-12-19;32;171;R;ZM;Zentrales Mittelfeld;ZM;;;Deutschland, Brasilien;;;SV Werder Bremen;16;SV Werder Bremen;900000.00;5400.00;;none;;;0;;0;;;92014331;203106;93844;;73;73;72;73;46;;78;75;67;67;46;59;57;69;;75;70;63;16;11;15;14;6;63;68;65;70;45;65;65;65;60;40;40;70;55;60;70;65;65;60;;;;;;145.00;145.00;0.00;100.00;34.00;34.00;2026-06-09;;;;;;;;;;;;;;;;;;;;;;;;;;;;;;
1622;Aurèle;Amenda;2003-07-31;22;194;R;IV;Innenverteidiger;IV;;;Schweiz, Kamerun;;;Eintracht Frankfurt;10;Eintracht Frankfurt;10000000.00;60000.00;;none;;;0;;0;;;84161623;270846;635645;;74;80;65;44;90;;49;71;44;24;76;74;74;35;;26;23;36;6;6;12;13;10;65;73;65;60;80;55;40;65;30;30;70;65;70;60;60;15;15;55;;;;;;149.00;149.00;0.00;100.00;59.00;59.00;2026-06-09;;;;;;;;;;;;;;;;;;;;;;;;;;;;;;
1563;Exequiel;Palacios;1998-10-05;27;177;R;ZM;Zentrales Mittelfeld;ZM;;;Argentinien;Argentinien;;Bayer 04 Leverkusen;8;Bayer 04 Leverkusen;25000000.00;150000.00;;none;;;0;;0;;;14110846;231521;401578;;83;83;53;68;67;;82;85;70;74;67;84;80;83;;73;54;72;6;5;10;9;8;78;80;60;80;65;80;65;85;55;40;40;80;70;80;75;55;55;75;;;;;;164.00;164.00;0.00;100.00;70.00;70.00;2026-06-09;;;;;;;;;;;;;;;;;;;;;;;;;;;;;;
2055;Ilyas;Ansah;2004-11-08;21;197;R;ST;Mittelstürmer;ST;;;;;;1. FC Union Berlin;19;1. FC Union Berlin;12000000.00;72000.00;;none;;;0;;0;;;2000196762;276372;1035765;;73;83;83;74;80;;79;66;57;74;65;21;26;66;;52;39;60;9;6;6;13;13;63;75;75;75;80;60;75;55;45;60;60;40;35;50;60;30;40;65;;;;;;147.00;147.00;0.00;100.00;61.00;61.00;2026-06-09;;;;;;;;;;;;;;;;;;;;;;;;;;;;;;
2054;Livan;Burcu;2004-09-28;21;180;R;LF;Linksaußen;LF;;;;;;1. FC Union Berlin;19;1. FC Union Berlin;4000000.00;24000.00;;none;;;0;;0;;;2000259312;276583;519872;;70;78;77;72;52;;73;69;65;68;56;55;45;60;;62;65;45;5;12;15;14;7;59;73;70;55;40;70;75;60;55;45;30;35;30;60;55;60;60;60;;;;;;140.00;140.00;0.00;100.00;50.00;50.00;2026-06-09;;;;;;;;;;;;;;;;;;;;;;;;;;;;;;
1815;Noahkai;Banks;2006-12-01;19;193;R;IV;Innenverteidiger;IV;;;Vereinigte Staaten, Deutschland;;;FC Augsburg;17;FC Augsburg;20000000.00;120000.00;2029-06-30;none;;;0;;0;;;2000311773;73731;923945;;71;83;63;64;77;;53;63;37;32;75;75;73;52;;33;35;48;13;9;15;15;5;61;71;70;65;75;60;60;60;45;30;65;70;65;55;60;15;15;35;;;;;;143.00;143.00;0.00;100.00;64.00;64.00;2026-06-09;;;;;;;;;;;;;;;;;;;;;;;;;;;;;;
1819;Jeffrey;Gouweleeuw;1991-07-10;34;188;R;IV;Innenverteidiger;IV;;;Niederlande;Niederlande;;FC Augsburg;17;FC Augsburg;1000000.00;6000.00;2027-06-30;none;;;0;;0;;;37004721;202201;106405;;77;77;68;70;78;;60;68;60;46;77;80;80;71;;45;54;44;7;7;13;13;16;67;68;65;60;70;60;55;65;40;35;65;65;70;60;80;20;35;65;;;;;;154.00;154.00;0.00;100.00;32.00;32.00;2026-06-09;;;;;;;;;;;;;;;;;;;;;;;;;;;;;;
1683;Patrick;Osterhage;2000-02-01;26;186;L;DM;Defensives Mittelfeld;DM;;;Deutschland;Deutschland;;SC Freiburg;12;SC Freiburg;12000000.00;72000.00;;none;;;0;;0;;;91187649;250931;443331;;74;75;83;84;71;;66;71;53;51;64;77;76;59;;59;47;45;6;5;12;6;12;68;71;75;85;65;60;60;65;45;40;60;60;65;60;90;55;60;55;;;;;;148.00;148.00;0.00;100.00;61.00;61.00;2026-06-09;;;;;;;;;;;;;;;;;;;;;;;;;;;;;;
1872;Tim;Oermann;2003-10-06;22;189;R;IV;Innenverteidiger;IV;;;Deutschland;Deutschland;;Bayer 04 Leverkusen;8;Bayer 04 Leverkusen;4000000.00;24000.00;;none;;;0;;0;;;2000070513;270033;696164;;72;80;89;75;79;;59;69;50;30;72;76;70;39;;38;33;33;11;14;6;8;5;60;73;80;65;65;55;55;55;45;30;60;70;65;50;75;20;20;35;;;;;;145.00;145.00;0.00;100.00;50.00;50.00;2026-06-09;;;;;;;;;;;;;;;;;;;;;;;;;;;;;;
1853;Aljoscha;Kemlein;2004-08-02;21;188;R;DM;Defensives Mittelfeld;DM;;;Deutschland;Deutschland;;1. FC Union Berlin;19;1. FC Union Berlin;12000000.00;72000.00;;none;;;0;;0;;;2000154161;271659;692737;;74;79;39;76;69;;73;77;62;63;63;75;70;74;;54;44;50;8;8;9;14;14;62;74;60;85;65;60;50;60;55;40;60;65;60;60;85;60;60;60;;;;;;148.00;148.00;0.00;100.00;61.00;61.00;2026-06-09;;;;;;;;;;;;;;;;;;;;;;;;;;;;;;
1698;Kevin;Diks;1996-10-06;29;186;R;RV;Innenverteidiger;RV;;;Indonesien, Niederlande;;;Borussia Mönchengladbach;13;Borussia Mönchengladbach;5000000.00;30000.00;2030-06-30;none;;;0;;0;;;37046467;224841;335209;;76;77;72;82;79;;66;76;68;66;71;77;76;66;;60;52;80;15;15;7;10;9;67;68;70;65;70;60;60;65;50;40;70;65;60;65;70;15;15;85;;;;;;152.00;152.00;0.00;100.00;50.00;50.00;2026-06-09;;;;;;;;;;;;;;;;;;;;;;;;;;;;;;
1551;Edmond;Tapsoba;1999-02-02;27;194;R;IV;Innenverteidiger;IV;;;Burkina Faso;Burkina Faso;;Bayer 04 Leverkusen;8;Bayer 04 Leverkusen;35000000.00;210000.00;;none;;;0;;0;;;13196616;247263;564545;;82;83;76;74;83;;66;84;39;56;84;81;82;74;;54;32;77;15;10;5;7;13;74;78;70;70;75;65;60;75;40;30;70;75;75;75;70;15;40;75;;;;;;164.00;164.00;0.00;100.00;74.00;74.00;2026-06-09;;;;;;;;;;;;;;;;;;;;;;;;;;;;;;
1772;Christian;Eriksen;1992-02-14;34;182;R;OM;Offensives Mittelfeld;OM;;;Dänemark;Dänemark;;VfL Wolfsburg;15;VfL Wolfsburg;2500000.00;15000.00;2027-06-30;none;;;0;;0;;;27010680;190460;69633;;76;76;45;53;49;;76;82;82;70;49;60;54;81;;85;83;81;6;14;9;7;7;74;85;55;80;35;85;60;80;80;55;25;40;45;80;80;80;80;80;;;;;;151.00;151.00;0.00;100.00;39.00;39.00;2026-06-09;;;;;;;;;;;;;;;;;;;;;;;;;;;;;;
2053;Alex;Král;1998-05-19;28;186;R;ZM;Zentrales Mittelfeld;ZM;;;;;;1. FC Union Berlin;19;1. FC Union Berlin;2500000.00;15000.00;;none;;;0;;0;;;25045644;247028;337333;;73;73;73;81;76;;74;74;68;62;71;74;73;75;;66;50;59;12;13;11;11;10;64;70;65;80;70;65;60;65;40;35;65;65;60;60;80;50;40;55;;;;;;147.00;147.00;0.00;100.00;45.00;45.00;2026-06-09;;;;;;;;;;;;;;;;;;;;;;;;;;;;;;
2052;Andrik;Markgraf;2006-03-07;20;172;L;LV;Linker Verteidiger;LV;;;;;;1. FC Union Berlin;19;1. FC Union Berlin;300000.00;1800.00;;none;;;0;;0;;;2000309943;80165;1027870;;63;78;68;61;45;;62;50;60;38;55;67;56;48;;55;45;40;6;8;14;7;5;48;62;65;65;40;55;55;50;55;30;40;55;55;45;65;50;40;40;;;;;;30.00;30.00;0.00;100.00;30.00;30.00;2026-06-09;;;;;;;;;;;;;;;;;;;;;;;;;;;;;;
2051;Stanley;Nsoki;1999-04-09;27;184;L;IV;Innenverteidiger;IV;;;;;;1. FC Union Berlin;19;1. FC Union Berlin;2000000.00;12000.00;;none;;;0;;0;;;48043092;241941;371141;;71;74;84;72;78;;66;67;59;34;74;72;68;63;;49;31;37;10;12;8;9;13;63;68;75;60;80;60;60;60;40;30;65;75;65;60;60;15;15;40;;;;;;143.00;143.00;0.00;100.00;43.00;43.00;2026-06-09;;;;;;;;;;;;;;;;;;;;;;;;;;;;;;
2050;Matheo;Raab;1998-12-18;27;186;R;TW;Torwart;TW;;;;;;1. FC Union Berlin;19;1. FC Union Berlin;600000.00;3600.00;;none;;;0;;0;;;91173414;257480;386685;;70;74;18;30;45;;12;32;11;5;10;12;8;36;;14;13;17;70;69;70;70;67;61;66;;;;;;;;;;;;;;;;;80;60;75;55;55;140.00;140.00;0.00;100.00;36.00;36.00;2026-06-09;;;;;;;;;;;;;;;;;;;;;;;;;;;;;;
1532;Julian;Ryerson;1997-11-17;28;186;R;RV;Rechter Verteidiger;RV;;;Norwegen, Vereinigte Staaten;;;Borussia Dortmund;3;Borussia Dortmund;25000000.00;150000.00;2028-06-30;none;;;0;;0;;;53113114;229891;370789;;80;80;72;83;80;;76;76;85;62;67;76;83;63;;64;54;44;7;13;7;7;8;73;74;65;80;65;55;60;60;80;40;60;70;65;60;85;85;70;55;;;;;;152.00;152.00;0.00;100.00;70.00;70.00;2026-06-09;0;1.00;;0;0.00;0;2024;Borussia Dortmund;;;;;;;;;;;;;;;;;;;;;;
1831;Alexis;Claude-Maurice;1998-06-06;28;176;R;OM;Offensives Mittelfeld;OM;;;Frankreich, Guadeloupe;;;FC Augsburg;17;FC Augsburg;15000000.00;90000.00;2027-06-30;none;;;0;;0;;;48036267;236477;384593;;76;77;73;74;61;;81;77;64;72;59;71;69;74;;82;69;64;15;13;11;14;15;69;71;70;65;55;80;80;75;55;65;30;55;40;65;60;60;60;65;;;;;;152.00;152.00;0.00;100.00;64.00;64.00;2026-06-09;;;;;;;;;;;;;;;;;;;;;;;;;;;;;;
1623;Nathaniel;Brown;2003-06-16;22;176;L;LV;Linker Verteidiger;LV;;;Deutschland, Vereinigte Staaten;;;Eintracht Frankfurt;10;Eintracht Frankfurt;40000000.00;240000.00;;none;;;0;;0;;;2000068585;269701;691892;;80;86;79;84;44;;82;81;79;64;43;79;76;75;;74;56;40;10;6;7;13;14;71;81;80;70;50;75;65;65;70;40;35;75;60;65;75;70;60;40;;;;;;160.00;160.00;0.00;100.00;76.00;76.00;2026-06-09;;;;;;;;;;;;;;;;;;;;;;;;;;;;;;
1693;Lucas;Höler;1994-07-10;31;184;R;ST;Mittelstürmer;ST;;;Deutschland;Deutschland;;SC Freiburg;12;SC Freiburg;3000000.00;18000.00;;none;;;0;;0;;;91137228;234875;248999;;72;72;71;80;80;;64;68;47;74;78;54;49;58;;50;39;54;10;7;8;10;12;65;68;65;80;75;55;55;60;40;55;70;60;55;60;90;30;30;60;;;;;;144.00;144.00;0.00;100.00;45.00;45.00;2026-06-09;;;;;;;;;;;;;;;;;;;;;;;;;;;;;;
1762;Kilian;Fischer;2000-10-12;25;182;B;RV;Rechter Verteidiger;RV;;;Deutschland;Deutschland;;VfL Wolfsburg;15;VfL Wolfsburg;4000000.00;24000.00;2027-06-30;none;;;0;;0;;;91207901;256281;435796;;73;76;84;84;69;;68;72;67;35;59;65;70;59;;49;37;37;10;13;7;13;10;64;69;75;70;60;60;55;60;60;30;55;70;60;55;80;40;40;40;;;;;;146.00;146.00;0.00;100.00;50.00;50.00;2026-06-09;;;;;;;;;;;;;;;;;;;;;;;;;;;;;;
1923;Jackson;Irvine;1993-03-07;33;189;R;ZM;Zentrales Mittelfeld;ZM;;;Australien, Schottland;;;FC St. Pauli;22;FC St. Pauli;1000000.00;6000.00;;none;;;0;;0;;;61041668;211378;192557;;74;74;67;90;76;;69;74;64;67;82;71;65;75;;63;58;55;11;13;7;9;11;64;65;60;85;65;55;55;60;40;50;80;65;60;60;90;20;30;55;;;;;;148.00;148.00;0.00;100.00;34.00;34.00;2026-06-09;;;;;;;;;;;;;;;;;;;;;;;;;;;;;;
1790;Felix;Agu;1999-09-27;26;180;R;LV;Linker Verteidiger;LV;;;Nigeria, Deutschland;;;SV Werder Bremen;16;SV Werder Bremen;4500000.00;27000.00;;none;;;0;;0;;;92098106;243350;393512;;75;78;93;78;54;;76;67;64;58;65;74;70;67;;65;34;40;10;15;11;12;10;65;68;80;65;55;60;60;55;60;40;55;65;60;50;65;40;35;40;;;;;;150.00;150.00;0.00;100.00;51.00;51.00;2026-06-09;;;;;;;;;;;;;;;;;;;;;;;;;;;;;;
2005;Arnaud;Kalimuendo;2002-01-20;24;178;R;ST;Mittelstürmer;ST;;;;;;Eintracht Frankfurt;10;Eintracht Frankfurt;25000000.00;150000.00;;none;;;0;;0;;;49048445;253444;585959;;78;82;78;73;72;;79;72;57;81;72;29;32;70;;67;56;78;8;12;9;14;9;69;76;75;65;65;70;70;60;45;70;60;35;30;60;60;35;35;70;;;;;;155.00;155.00;0.00;100.00;70.00;70.00;2026-06-09;;;;;;;;;;;;;;;;;;;;;;;;;;;;;;
1999;Keita;Kosugi;2006-03-18;20;172;L;LV;Linker Verteidiger;LV;;;;;;Eintracht Frankfurt;10;Eintracht Frankfurt;5000000.00;30000.00;;none;;;0;;0;;;2000347399;71672;1146988;;71;81;84;85;54;;64;59;72;44;48;72;66;40;;63;35;41;11;9;10;9;5;57;73;65;75;45;60;55;55;55;30;30;55;60;55;65;65;60;30;;;;;;143.00;143.00;0.00;100.00;49.00;49.00;2026-06-09;;;;;;;;;;;;;;;;;;;;;;;;;;;;;;
2025;Andreas;Hanche-Olsen;1997-01-17;29;185;R;IV;Innenverteidiger;IV;;;;;;1. FSV Mainz 05;18;1. FSV Mainz 05;3500000.00;21000.00;;none;;;0;;0;;;53102029;228518;370683;;74;75;72;68;80;;62;65;58;35;77;75;73;45;;42;29;38;12;13;10;6;15;66;69;75;65;80;45;40;50;40;30;75;75;70;45;65;15;15;55;;;;;;148.00;148.00;0.00;100.00;46.00;46.00;2026-06-09;;;;;;;;;;;;;;;;;;;;;;;;;;;;;;
2026;Dominik;Kohr;1994-01-31;32;183;R;IV;Innenverteidiger;IV;;;;;;1. FSV Mainz 05;18;1. FSV Mainz 05;2000000.00;12000.00;;none;;;0;;0;;;91108278;212212;118847;;76;76;74;76;76;;68;68;42;58;70;75;74;64;;51;48;47;7;11;6;10;9;68;69;75;70;75;55;55;60;40;35;65;80;65;55;80;30;30;40;;;;;;151.00;151.00;0.00;100.00;39.00;39.00;2026-06-09;;;;;;;;;;;;;;;;;;;;;;;;;;;;;;
2028;Maxim;Leitsch;1998-05-18;28;189;L;IV;Innenverteidiger;IV;;;;;;1. FSV Mainz 05;18;1. FSV Mainz 05;800000.00;4800.00;;none;;;0;;0;;;92084880;234843;334207;;71;71;68;36;75;;57;65;59;29;71;74;74;40;;44;35;39;12;14;12;7;14;61;66;75;60;65;55;40;60;40;30;65;65;65;55;65;20;60;40;;;;;;142.00;142.00;0.00;100.00;37.00;37.00;2026-06-09;;;;;;;;;;;;;;;;;;;;;;;;;;;;;;
2023;Kacper;Potulski;2007-10-19;18;195;R;IV;Innenverteidiger;IV;;;;;;1. FSV Mainz 05;18;1. FSV Mainz 05;18000000.00;108000.00;;none;;;0;;0;;;2000274341;81427;1073748;;68;83;65;61;79;;43;47;30;22;74;68;70;32;;31;29;31;9;8;6;12;7;58;65;70;55;70;50;40;55;35;30;65;65;65;50;60;15;60;40;;;;;;136.00;136.00;0.00;100.00;63.00;63.00;2026-06-09;;;;;;;;;;;;;;;;;;;;;;;;;;;;;;
2021;Lasse;Rieß;2001-07-27;24;192;R;TW;Torwart;TW;;;;;;1. FSV Mainz 05;18;1. FSV Mainz 05;500000.00;3000.00;;none;;;0;;0;;;91205109;263116;490609;;67;74;33;22;65;;9;27;10;9;13;13;8;34;;13;11;16;65;65;70;67;61;56;65;;;;;;;;;;;;;;;;;70;60;65;60;50;134.00;134.00;0.00;100.00;35.00;35.00;2026-06-09;;;;;;;;;;;;;;;;;;;;;;;;;;;;;;
2020;Robin;Zentner;1994-10-28;31;194;R;TW;Torwart;TW;;;;;;1. FSV Mainz 05;18;1. FSV Mainz 05;2500000.00;15000.00;;none;;;0;;0;;;91105813;224251;160963;;77;77;64;29;83;;11;29;17;14;18;17;17;22;;14;16;25;82;72;80;72;59;68;68;;;;;;;;;;;;;;;;;80;65;70;80;40;153.00;153.00;0.00;100.00;43.00;43.00;2026-06-09;;;;;;;;;;;;;;;;;;;;;;;;;;;;;;
2007;Luca;Jaquez;2003-06-02;23;187;R;IV;Innenverteidiger;IV;;;;;;VfB Stuttgart;11;VfB Stuttgart;10000000.00;60000.00;;none;;;0;;0;;;2000039991;266685;539798;;71;79;68;59;79;;60;68;38;45;68;73;70;43;;32;33;45;12;15;14;10;11;65;76;80;60;70;60;55;60;35;30;70;65;60;55;65;20;30;35;;;;;;142.00;142.00;0.00;100.00;59.00;59.00;2026-06-09;;;;;;;;;;;;;;;;;;;;;;;;;;;;;;
2008;Johan;Manzambi;2005-10-14;20;182;R;ZM;Zentrales Mittelfeld;ZM;;;;;;SC Freiburg;12;SC Freiburg;50000000.00;300000.00;;none;;;0;;0;;;2000245263;276694;927353;;77;86;75;77;69;;85;79;58;71;63;74;66;74;;56;45;53;9;10;8;13;8;68;83;60;70;70;75;75;65;55;60;65;60;55;60;65;55;55;60;;;;;;154.00;154.00;0.00;100.00;75.00;75.00;2026-06-09;;;;;;;;;;;;;;;;;;;;;;;;;;;;;;
2019;Fabian;Rieder;2002-02-16;24;181;L;OM;Offensives Mittelfeld;OM;;;;;;FC Augsburg;17;FC Augsburg;12000000.00;72000.00;;none;;;0;;0;;;84152512;259306;507341;;74;81;73;75;59;;74;75;54;70;38;59;45;79;;75;74;68;11;9;13;13;12;66;73;70;80;50;65;65;65;65;50;35;55;45;65;60;80;90;75;;;;;;148.00;148.00;0.00;100.00;61.00;61.00;2026-06-09;;;;;;;;;;;;;;;;;;;;;;;;;;;;;;
1985;Montrell;Culbreath;2007-08-29;18;172;R;RF;Rechtsaußen;RF;;;;;;Bayer 04 Leverkusen;8;Bayer 04 Leverkusen;15000000.00;90000.00;;none;;;0;;0;;;2000258576;81844;1058514;;67;83;79;55;40;;75;65;51;62;40;47;44;62;;60;54;52;13;8;15;11;12;51;70;70;65;40;65;60;50;55;40;40;35;35;50;50;50;40;50;;;;;;134.00;134.00;0.00;100.00;61.00;61.00;2026-06-09;;;;;;;;;;;;;;;;;;;;;;;;;;;;;;
1986;Christian;Kofane;2006-07-26;19;189;R;ST;Mittelstürmer;ST;;;;;;Bayer 04 Leverkusen;8;Bayer 04 Leverkusen;40000000.00;240000.00;;none;;;0;;0;;;2000426277;76416;1364454;;76;86;79;62;69;;74;69;54;76;76;28;35;65;;53;51;65;12;14;14;7;14;65;72;75;65;70;65;65;55;45;65;65;30;30;55;60;30;40;60;;;;;;151.00;151.00;0.00;100.00;73.00;73.00;2026-06-09;;;;;;;;;;;;;;;;;;;;;;;;;;;;;;
1981;Ibrahim;Maza;2005-11-24;20;180;R;OM;Offensives Mittelfeld;OM;;;;;;Bayer 04 Leverkusen;8;Bayer 04 Leverkusen;45000000.00;270000.00;;none;;;0;;0;;;2000193961;275029;905011;;79;87;76;75;62;;85;81;67;67;52;68;67;81;;73;54;60;15;11;11;12;6;69;83;70;75;45;80;80;65;55;50;40;55;45;65;60;60;60;65;;;;;;158.00;158.00;0.00;100.00;74.00;74.00;2026-06-09;;;;;;;;;;;;;;;;;;;;;;;;;;;;;;
1984;Ernest;Poku;2004-01-28;22;176;R;RF;Rechtsaußen;RF;;;;;;Bayer 04 Leverkusen;8;Bayer 04 Leverkusen;25000000.00;150000.00;;none;;;0;;0;;;2000014559;264219;718303;;76;85;95;77;63;;78;72;64;65;47;36;40;73;;65;48;56;8;10;8;12;11;68;77;85;60;50;55;60;50;50;50;35;40;40;50;55;40;40;55;;;;;;153.00;153.00;0.00;100.00;70.00;70.00;2026-06-09;;;;;;;;;;;;;;;;;;;;;;;;;;;;;;
1982;Malik;Tillman;2002-05-28;24;187;R;OM;Offensives Mittelfeld;OM;;;;;;Bayer 04 Leverkusen;8;Bayer 04 Leverkusen;30000000.00;180000.00;;none;;;0;;0;;;91187679;256853;467437;;79;84;75;76;79;;81;77;69;74;73;67;60;78;;81;75;60;9;11;9;12;11;73;79;70;75;65;75;75;70;55;60;65;60;50;70;70;60;75;60;;;;;;157.00;157.00;0.00;100.00;72.00;72.00;2026-06-09;;;;;;;;;;;;;;;;;;;;;;;;;;;;;;
1989;Ezechiel;Banzuzi;2005-02-16;21;191;R;ZM;Zentrales Mittelfeld;ZM;;;;;;RB Leipzig;9;RB Leipzig;16000000.00;96000.00;;none;;;0;;0;;;2000144508;276216;865682;;73;85;66;74;74;;74;78;60;60;72;69;62;70;;55;42;46;12;5;14;6;14;63;84;65;75;70;65;70;60;40;40;65;65;60;55;65;30;40;55;;;;;;146.00;146.00;0.00;100.00;65.00;65.00;2026-06-09;;;;;;;;;;;;;;;;;;;;;;;;;;;;;;
1992;Yan;Diomande;2006-11-14;19;180;R;LF;Linksaußen;LF;;;;;;RB Leipzig;9;RB Leipzig;90000000.00;540000.00;;none;;;0;;0;;;2000311833;78012;1390649;;81;89;93;69;65;;87;78;71;77;64;40;45;78;;74;55;61;13;15;9;5;7;74;78;85;60;60;65;85;60;55;65;30;40;35;60;60;60;60;55;;;;;;162.00;162.00;0.00;100.00;82.00;82.00;2026-06-09;;;;;;;;;;;;;;;;;;;;;;;;;;;;;;
1987;Max;Finkgräfe;2004-03-27;22;183;L;LV;Linker Verteidiger;LV;;;;;;RB Leipzig;9;RB Leipzig;5000000.00;30000.00;;none;;;0;;0;;;2000174387;277887;810649;;70;81;75;59;67;;76;68;70;45;55;70;62;60;;66;73;38;6;11;14;6;10;60;73;75;70;55;65;65;55;60;40;40;65;50;50;65;65;65;50;;;;;;139.00;139.00;0.00;100.00;52.00;52.00;2026-06-09;;;;;;;;;;;;;;;;;;;;;;;;;;;;;;
1990;Brajan;Gruda;2004-05-31;22;178;L;OM;Offensives Mittelfeld;OM;;;;;;RB Leipzig;9;RB Leipzig;28000000.00;168000.00;;none;;;0;;0;;;2000180822;272612;700106;;75;85;74;66;62;;83;72;72;68;51;30;28;74;;76;63;65;10;10;12;6;12;70;83;70;70;50;80;85;65;60;55;55;40;35;65;55;65;65;65;;;;;;150.00;150.00;0.00;100.00;71.00;71.00;2026-06-09;;;;;;;;;;;;;;;;;;;;;;;;;;;;;;
1997;Conrad;Harder;2005-04-07;21;185;L;ST;Mittelstürmer;ST;;;;;;RB Leipzig;9;RB Leipzig;17000000.00;102000.00;;none;;;0;;0;;;2000026180;277689;807386;;75;85;75;63;81;;72;69;64;76;76;22;30;70;;73;55;63;9;8;13;8;12;66;74;75;75;75;60;60;50;55;65;65;45;40;50;65;40;50;65;;;;;;150.00;150.00;0.00;100.00;65.00;65.00;2026-06-09;;;;;;;;;;;;;;;;;;;;;;;;;;;;;;
1988;Benno;Kaltefleiter;2008-02-14;18;189;R;DM;Defensives Mittelfeld;DM;;;;;;RB Leipzig;9;RB Leipzig;0.00;500.00;;none;;;0;;0;;;2000465708;82847;1279157;;59;79;59;57;60;;55;62;49;48;59;60;58;49;;55;45;45;7;7;11;10;11;43;67;55;60;55;55;40;60;35;35;60;60;55;55;60;40;40;40;;;;;;30.00;30.00;0.00;100.00;30.00;30.00;2026-06-09;;;;;;;;;;;;;;;;;;;;;;;;;;;;;;
1998;Samba;Konaté;2009-02-27;17;190;R;ST;Mittelstürmer;ST;;;;;;RB Leipzig;9;RB Leipzig;1000000.00;6000.00;;none;;;0;;0;;;2000503477;82689;1380977;;59;82;69;55;65;;60;57;40;58;57;22;30;56;;47;45;58;14;15;9;7;14;43;75;65;55;55;60;60;45;40;55;50;25;20;40;50;30;60;65;;;;;;32.00;32.00;0.00;100.00;32.00;32.00;2026-06-09;;;;;;;;;;;;;;;;;;;;;;;;;;;;;;
1993;Suleman;Sani;2006-09-01;19;175;R;LF;Linksaußen;LF;;;;;;RB Leipzig;9;RB Leipzig;5000000.00;30000.00;;none;;;0;;0;;;2000153847;83137;1235583;;68;83;73;60;62;;74;65;62;66;38;21;33;63;;59;41;63;10;11;11;11;13;58;76;80;65;60;70;65;50;50;40;40;35;35;50;50;40;40;55;;;;;;136.00;136.00;0.00;100.00;49.00;49.00;2026-06-09;;;;;;;;;;;;;;;;;;;;;;;;;;;;;;
1994;Ayodele;Thomas;2007-07-23;18;177;R;LF;Linksaußen;LF;;;;;;RB Leipzig;9;RB Leipzig;1000000.00;6000.00;;none;;;0;;0;;;2000257577;83629;763948;;64;84;76;52;53;;67;57;60;66;50;40;30;61;;58;40;50;11;12;6;12;6;53;77;65;50;55;65;70;60;65;40;45;25;25;45;55;50;50;45;;;;;;35.00;35.00;0.00;100.00;35.00;35.00;2026-06-09;;;;;;;;;;;;;;;;;;;;;;;;;;;;;;
2010;Karl;Hein;2002-04-13;24;193;R;TW;Torwart;TW;;;;;;SV Werder Bremen;16;SV Werder Bremen;3000000.00;18000.00;;none;;;0;;0;;;28121290;248732;493513;;73;81;38;40;62;;10;37;10;8;17;16;9;41;;13;12;18;76;71;72;73;69;65;74;;;;;;;;;;;;;;;;;75;70;75;55;50;146.00;146.00;0.00;100.00;47.00;47.00;2026-06-09;;;;;;;;;;;;;;;;;;;;;;;;;;;;;;
1995;Johan;Bakayoko;2003-04-20;23;179;L;RF;Rechtsaußen;RF;;;;;;RB Leipzig;9;RB Leipzig;20000000.00;120000.00;;none;;;0;;0;;;18111484;265450;565424;;77;84;83;70;68;;82;71;72;73;58;35;24;73;;78;57;59;9;14;7;6;7;70;80;80;65;55;75;85;60;60;55;45;25;25;55;55;65;70;65;;;;;;154.00;154.00;0.00;100.00;67.00;67.00;2026-06-09;;;;;;;;;;;;;;;;;;;;;;;;;;;;;;
2016;Samuel;Mbangula;2004-01-16;22;179;R;LF;Linksaußen;LF;;;;;;SV Werder Bremen;16;SV Werder Bremen;8000000.00;48000.00;;none;;;0;;0;;;18115008;74566;654991;;74;85;82;73;46;;80;68;72;72;59;33;33;61;;70;69;65;11;10;14;15;14;64;74;70;65;55;75;75;65;60;60;35;40;35;60;40;60;65;65;;;;;;149.00;149.00;0.00;100.00;57.00;57.00;2026-06-09;;;;;;;;;;;;;;;;;;;;;;;;;;;;;;
2013;Isaac;Schmidt;1999-12-07;26;172;R;LV;Linker Verteidiger;LV;;;;;;SV Werder Bremen;16;SV Werder Bremen;2200000.00;13200.00;;none;;;0;;0;;;84154310;256776;449597;;72;75;86;80;60;;73;64;60;55;48;69;66;61;;54;36;52;8;15;6;11;7;63;68;70;70;55;70;70;55;55;40;35;60;50;55;60;40;30;40;;;;;;144.00;144.00;0.00;100.00;44.00;44.00;2026-06-09;;;;;;;;;;;;;;;;;;;;;;;;;;;;;;
2011;Stefan;Smarkalev;2007-05-14;19;188;R;TW;Torwart;TW;;;;;;SV Werder Bremen;16;SV Werder Bremen;150000.00;900.00;;none;;;0;;0;;;2000266605;79461;1025989;;59;77;37;20;61;;5;23;10;9;10;14;10;33;;12;14;10;62;57;60;55;60;46;63;;;;;;;;;;;;;;;;;60;55;60;50;55;30.00;30.00;0.00;100.00;30.00;30.00;2026-06-09;;;;;;;;;;;;;;;;;;;;;;;;;;;;;;
2014;Yukinari;Sugawara;2000-06-28;25;179;R;RV;Rechter Verteidiger;RV;;;;;;SV Werder Bremen;16;SV Werder Bremen;5500000.00;33000.00;;none;;;0;;0;;;45111317;242916;405385;;75;79;75;75;67;;71;72;76;48;54;74;73;70;;77;74;49;12;12;8;8;9;66;70;65;75;55;65;60;65;75;40;50;60;60;65;65;65;60;60;;;;;;150.00;150.00;0.00;100.00;53.00;53.00;2026-06-09;;;;;;;;;;;;;;;;;;;;;;;;;;;;;;
2001;Love;Arrhov;2008-05-17;18;178;R;OM;Offensives Mittelfeld;OM;;;;;;Eintracht Frankfurt;10;Eintracht Frankfurt;5000000.00;30000.00;;none;;;0;;0;;;2000350319;76519;1184986;;65;80;71;67;52;;64;66;48;60;47;54;45;64;;46;40;41;13;11;7;12;9;53;70;60;60;35;70;65;65;55;40;30;40;45;65;60;55;40;55;;;;;;49.00;49.00;0.00;100.00;49.00;49.00;2026-06-09;;;;;;;;;;;;;;;;;;;;;;;;;;;;;;
2000;Elias;Baum;2005-10-26;20;180;R;RV;Rechter Verteidiger;RV;;;;;;Eintracht Frankfurt;10;Eintracht Frankfurt;4000000.00;24000.00;;none;;;0;;0;;;2000180832;278228;744857;;72;84;75;91;65;;68;68;70;43;58;69;67;48;;62;27;41;15;6;5;7;12;60;73;65;70;55;55;60;55;60;40;50;65;55;50;75;40;40;50;;;;;;145.00;145.00;0.00;100.00;47.00;47.00;2026-06-09;;;;;;;;;;;;;;;;;;;;;;;;;;;;;;
2004;Jonathan;Burkardt;2000-07-11;25;181;R;ST;Mittelstürmer;ST;;;;;;Eintracht Frankfurt;10;Eintracht Frankfurt;30000000.00;180000.00;;none;;;0;;0;;;91170086;244257;333647;;82;85;83;79;76;;82;74;62;86;74;38;45;71;;60;52;73;14;9;14;6;9;73;75;75;80;65;65;65;60;45;75;70;40;40;55;85;30;40;70;;;;;;163.00;163.00;0.00;100.00;72.00;72.00;2026-06-09;;;;;;;;;;;;;;;;;;;;;;;;;;;;;;
2002;Ritsu;Doan;1998-06-16;27;172;L;RF;Rechtsaußen;RF;;;;;;Eintracht Frankfurt;10;Eintracht Frankfurt;17000000.00;102000.00;;none;;;0;;0;;;45095577;232639;358504;;81;81;78;90;59;;85;80;76;74;59;36;48;82;;76;68;56;14;5;8;13;6;74;76;70;70;55;80;75;65;60;60;55;55;50;70;80;65;65;60;;;;;;162.00;162.00;0.00;100.00;65.00;65.00;2026-06-09;;;;;;;;;;;;;;;;;;;;;;;;;;;;;;
2056;Dmytro;Bogdanov;2007-03-06;19;188;R;ST;Mittelstürmer;ST;;;;;;1. FC Union Berlin;19;1. FC Union Berlin;800000.00;4800.00;;none;;;0;;0;;;2000244204;278229;1045446;;58;73;70;53;63;;52;49;30;63;45;23;15;54;;35;31;55;13;15;7;13;6;48;55;60;60;55;55;55;45;40;60;65;40;35;40;55;30;60;60;;;;;;34.00;34.00;0.00;100.00;34.00;34.00;2026-06-09;;;;;;;;;;;;;;;;;;;;;;;;;;;;;;
1809;Oliver;Burke;1997-04-07;29;188;R;ST;Mittelstürmer;ST;;;Schottland;Schottland;;1. FC Union Berlin;19;1. FC Union Berlin;3000000.00;18000.00;;none;;;0;;0;;;29122255;225632;341317;;73;73;95;69;80;;68;67;61;74;75;40;36;68;;57;62;51;15;11;13;7;7;60;63;85;65;75;50;55;40;40;50;65;35;30;40;40;30;35;55;;;;;;148.00;148.00;0.00;100.00;45.00;45.00;2026-06-09;;;;;;;;;;;;;;;;;;;;;;;;;;;;;;
2070;Farid;Alfa-Ruprecht;2006-03-28;20;181;R;RF;Rechtsaußen;RF;;;;;;VfL Bochum;20;VfL Bochum;3000000.00;18000.00;;none;;;0;;0;;;2000240974;80163;897402;;65;77;78;60;53;;68;64;61;64;47;31;36;56;;58;44;56;8;11;14;8;10;55;75;85;55;40;60;70;50;55;40;30;40;35;40;40;50;40;55;;;;;;44.00;44.00;0.00;100.00;44.00;44.00;2026-06-09;;;;;;;;;;;;;;;;;;;;;;;;;;;;;;
2084;Patrick;Erras;1995-01-21;31;196;R;IV;Innenverteidiger;IV;;;;;;Holstein Kiel;21;Holstein Kiel;300000.00;1800.00;;none;;;0;;0;;;91146693;231110;193859;;67;67;34;55;86;;39;71;46;39;70;69;68;60;;42;32;31;12;9;13;8;11;58;62;50;50;75;55;35;60;30;30;65;60;70;55;80;20;25;35;;;;;;135.00;135.00;0.00;100.00;31.00;31.00;2026-06-09;;;;;;;;;;;;;;;;;;;;;;;;;;;;;;
2099;Phil;Harres;2002-03-25;24;193;R;ST;Mittelstürmer;ST;;;;;;Holstein Kiel;21;Holstein Kiel;2500000.00;15000.00;;none;;;0;;0;;;2000071444;262946;606119;;68;73;74;60;85;;57;53;36;70;72;31;27;53;;41;45;58;7;9;10;5;8;61;68;75;70;80;50;50;45;40;65;65;35;35;40;65;15;60;65;;;;;;136.00;136.00;0.00;100.00;45.00;45.00;2026-06-09;;;;;;;;;;;;;;;;;;;;;;;;;;;;;;
2083;Carl;Johansson;1994-05-23;32;194;R;IV;Innenverteidiger;IV;;;;;;Holstein Kiel;21;Holstein Kiel;400000.00;2400.00;;none;;;0;;0;;;93053253;219694;225043;;63;63;69;73;56;;60;61;62;61;42;39;43;62;;56;43;39;14;10;8;15;14;61;63;70;55;75;45;35;55;30;30;70;60;70;45;60;15;15;30;;;;;;139.00;139.00;0.00;100.00;30.00;30.00;2026-06-09;;;;;;;;;;;;;;;;;;;;;;;;;;;;;;
2098;Adrián;Kaprálik;2002-06-10;23;178;R;RF;Rechtsaußen;RF;;;;;;Holstein Kiel;21;Holstein Kiel;1200000.00;7200.00;;none;;;0;;0;;;63038267;277767;546822;;68;74;86;76;59;;72;62;61;58;42;28;30;59;;65;50;52;12;8;7;6;8;60;70;80;65;45;60;65;50;55;50;35;30;30;55;50;50;50;55;;;;;;137.00;137.00;0.00;100.00;40.00;40.00;2026-06-09;;;;;;;;;;;;;;;;;;;;;;;;;;;;;;
2096;Andu;Kelati;2002-08-13;23;181;R;LF;Linksaußen;LF;;;;;;Holstein Kiel;21;Holstein Kiel;700000.00;4200.00;;none;;;0;;0;;;2000076664;73149;719694;;65;72;53;43;35;;73;68;62;60;39;39;29;72;;59;40;44;7;6;14;12;10;58;66;65;70;35;75;65;65;55;50;40;45;40;65;60;60;60;60;;;;;;37.00;37.00;0.00;100.00;37.00;37.00;2026-06-09;;;;;;;;;;;;;;;;;;;;;;;;;;;;;;
2082;Marco;Komenda;1996-11-26;29;184;L;IV;Innenverteidiger;IV;;;;;;Holstein Kiel;21;Holstein Kiel;700000.00;4200.00;;none;;;0;;0;;;92072588;224093;335631;;69;69;69;68;76;;59;63;57;37;64;69;70;43;;45;42;42;14;12;12;11;13;59;60;65;65;65;55;40;60;50;30;60;70;65;55;80;30;55;35;;;;;;138.00;138.00;0.00;100.00;35.00;35.00;2026-06-09;;;;;;;;;;;;;;;;;;;;;;;;;;;;;;
2073;Jonas;Krumrey;2003-11-25;22;193;R;TW;Torwart;TW;;;;;;Holstein Kiel;21;Holstein Kiel;1000000.00;6000.00;;none;;;0;;0;;;16337061;262516;531637;;67;76;51;33;73;;7;29;10;6;13;11;8;52;;11;13;15;67;64;71;64;66;54;68;;;;;;;;;;;;;;;;;70;60;60;55;55;134.00;134.00;0.00;100.00;38.00;38.00;2026-06-09;;;;;;;;;;;;;;;;;;;;;;;;;;;;;;
2093;Hamza;Muqaj;2005-10-03;20;190;R;ZM;Zentrales Mittelfeld;ZM;;;;;;Holstein Kiel;21;Holstein Kiel;250000.00;1500.00;;none;;;0;;0;;;2000194607;79298;920013;;61;72;67;63;66;;60;68;49;33;56;61;56;64;;42;37;34;12;10;8;8;11;48;57;60;75;65;55;55;55;40;40;60;55;50;50;65;40;60;60;;;;;;30.00;30.00;0.00;100.00;30.00;30.00;2026-06-09;;;;;;;;;;;;;;;;;;;;;;;;;;;;;;
2101;Marcus;Müller;2002-08-20;23;188;R;ST;Mittelstürmer;ST;;;;;;Holstein Kiel;21;Holstein Kiel;500000.00;3000.00;;none;;;0;;0;;;91204839;279220;698523;;64;69;60;78;89;;57;52;38;62;72;20;42;51;;46;41;52;14;9;13;5;6;56;63;70;80;80;50;55;45;40;50;60;45;45;40;80;30;30;60;;;;;;35.00;35.00;0.00;100.00;35.00;35.00;2026-06-09;;;;;;;;;;;;;;;;;;;;;;;;;;;;;;
2086;Leon;Parduzi;2006-12-10;19;180;L;LV;Linker Verteidiger;LV;;;;;;Holstein Kiel;21;Holstein Kiel;300000.00;1800.00;;none;;;0;;0;;;2000258681;79299;1045850;;59;71;68;58;47;;64;61;57;32;39;57;57;48;;53;31;39;9;8;14;13;9;45;70;65;60;45;60;50;50;55;25;40;55;50;45;60;60;60;35;;;;;;30.00;30.00;0.00;100.00;30.00;30.00;2026-06-09;;;;;;;;;;;;;;;;;;;;;;;;;;;;;;
2087;Lasse;Rosenboom;2002-01-19;24;190;R;RV;Rechter Verteidiger;RV;;;;;;Holstein Kiel;21;Holstein Kiel;1200000.00;7200.00;;none;;;0;;0;;;91187792;275754;512352;;68;71;74;73;75;;62;63;64;53;69;68;64;55;;45;36;42;14;6;9;9;6;58;65;70;70;65;50;55;55;60;35;60;65;60;50;80;30;30;30;;;;;;136.00;136.00;0.00;100.00;40.00;40.00;2026-06-09;;;;;;;;;;;;;;;;;;;;;;;;;;;;;;
2081;Frederik;Roslyng;2005-12-25;20;191;L;IV;Innenverteidiger;IV;;;;;;Holstein Kiel;21;Holstein Kiel;1000000.00;6000.00;;none;;;0;;0;;;2000220782;275604;1051739;;63;76;63;52;75;;44;50;31;21;65;66;62;31;;24;22;37;8;5;9;6;12;53;57;65;60;60;55;50;55;30;30;60;60;60;50;60;15;20;55;;;;;;35.00;35.00;0.00;100.00;35.00;35.00;2026-06-09;;;;;;;;;;;;;;;;;;;;;;;;;;;;;;
2075;Lio;Rothenhagen;2006-08-31;19;188;R;TW;Torwart;TW;;;;;;Holstein Kiel;21;Holstein Kiel;350000.00;2100.00;;none;;;0;;0;;;2000258645;279022;939807;;58;72;15;25;63;;14;23;10;5;10;10;6;27;;13;12;14;58;56;62;55;57;46;60;;;;;;;;;;;;;;;;;70;60;70;50;40;31.00;31.00;0.00;100.00;31.00;31.00;2026-06-09;;;;;;;;;;;;;;;;;;;;;;;;;;;;;;
2100;Steven;Skrzybski;1992-11-18;33;174;R;ST;Mittelstürmer;ST;;;;;;Holstein Kiel;21;Holstein Kiel;500000.00;3000.00;;none;;;0;;0;;;92037586;200473;93827;;70;70;77;81;57;;70;68;64;72;52;41;39;68;;66;59;62;11;15;11;9;10;61;65;70;70;55;60;60;60;55;65;35;45;40;60;60;60;55;70;;;;;;139.00;139.00;0.00;100.00;31.00;31.00;2026-06-09;;;;;;;;;;;;;;;;;;;;;;;;;;;;;;
2095;Jonas;Therkelsen;2003-05-05;23;184;R;OM;Offensives Mittelfeld;OM;;;;;;Holstein Kiel;21;Holstein Kiel;2500000.00;15000.00;;none;;;0;;0;;;2000076871;271993;1027770;;68;77;84;68;61;;76;65;56;63;50;55;52;68;;54;38;40;13;11;7;7;8;59;69;85;75;55;70;70;60;55;40;50;45;40;60;65;60;55;60;;;;;;137.00;137.00;0.00;100.00;45.00;45.00;2026-06-09;;;;;;;;;;;;;;;;;;;;;;;;;;;;;;
2090;Umut;Tohumcu;2004-08-11;21;175;R;ZM;Zentrales Mittelfeld;ZM;;;;;;Holstein Kiel;21;Holstein Kiel;3500000.00;21000.00;;none;;;0;;0;;;2000069208;269084;569031;;70;80;65;63;46;;71;75;55;63;39;56;52;72;;62;59;55;10;7;12;6;7;62;75;65;70;50;70;60;70;60;45;30;55;55;60;70;70;70;65;;;;;;139.00;139.00;0.00;100.00;48.00;48.00;2026-06-09;;;;;;;;;;;;;;;;;;;;;;;;;;;;;;
2085;John;Tolkin;2002-07-31;23;170;L;LV;Linker Verteidiger;LV;;;;;;Holstein Kiel;21;Holstein Kiel;2500000.00;15000.00;;none;;;0;;0;;;72056265;251834;683812;;70;77;78;84;60;;68;70;71;41;51;62;57;64;;74;68;41;14;10;12;8;6;62;70;70;70;50;60;55;55;65;40;40;65;60;55;65;75;75;60;;;;;;140.00;140.00;0.00;100.00;45.00;45.00;2026-06-09;;;;;;;;;;;;;;;;;;;;;;;;;;;;;;
2074;Timon;Weiner;1999-01-18;27;191;B;TW;Torwart;TW;;;;;;Holstein Kiel;21;Holstein Kiel;800000.00;4800.00;;none;;;0;;0;;;91151088;244001;296428;;68;71;51;45;65;;24;36;26;17;20;20;12;46;;21;17;15;71;67;70;65;63;58;65;;;;;;;;;;;;;;;;;70;65;70;60;50;136.00;136.00;0.00;100.00;37.00;37.00;2026-06-09;;;;;;;;;;;;;;;;;;;;;;;;;;;;;;
2078;David;Zec;2000-01-05;26;190;R;IV;Innenverteidiger;IV;;;;;;Holstein Kiel;21;Holstein Kiel;2500000.00;15000.00;;none;;;0;;0;;;62198216;76106;469709;;71;75;73;68;79;;56;66;37;33;73;69;71;34;;38;27;47;15;6;8;13;8;62;65;70;60;70;55;50;60;35;30;70;65;70;55;65;15;15;70;;;;;;142.00;142.00;0.00;100.00;45.00;45.00;2026-06-09;;;;;;;;;;;;;;;;;;;;;;;;;;;;;;
2077;Tyler;Doğan;2005-11-18;20;187;R;TW;Torwart;TW;;;;;;Holstein Kiel;21;Holstein Kiel;75000.00;500.00;;none;;;0;;0;;;2000194926;70522;883902;;58;69;28;24;62;;7;22;12;6;12;14;5;24;;13;14;11;62;55;61;58;57;41;63;;;;;;;;;;;;;;;;;60;55;60;45;40;30.00;30.00;0.00;100.00;30.00;30.00;2026-06-09;;;;;;;;;;;;;;;;;;;;;;;;;;;;;;
2076;Marcel;Engelhardt;1993-04-05;33;191;R;TW;Torwart;TW;;;;;;Holstein Kiel;21;Holstein Kiel;175000.00;1050.00;;none;;;0;;0;;;91147348;228935;124080;;64;64;43;38;79;;18;23;18;13;18;20;26;30;;13;16;19;67;58;69;64;61;50;51;;;;;;;;;;;;;;;;;65;60;60;60;35;30.00;30.00;0.00;100.00;30.00;30.00;2026-06-09;;;;;;;;;;;;;;;;;;;;;;;;;;;;;;
2068;Moritz;Göttlicher;2008-04-21;18;184;R;ZM;Zentrales Mittelfeld;ZM;;;;;;VfL Bochum;20;VfL Bochum;300000.00;1800.00;;none;;;0;;0;;;2000375655;83844;1182563;;56;73;68;51;69;;58;60;34;49;49;54;44;48;;38;35;41;13;15;11;8;11;47;66;55;65;45;65;60;65;55;40;55;45;40;65;60;65;65;60;;;;;;30.00;30.00;0.00;100.00;30.00;30.00;2026-06-09;;;;;;;;;;;;;;;;;;;;;;;;;;;;;;
2060;Daniel;Hülsenbusch;2005-01-18;21;196;R;IV;Innenverteidiger;IV;;;;;;VfL Bochum;20;VfL Bochum;50000.00;500.00;;none;;;0;;0;;;2000196858;81323;912431;;60;69;61;63;77;;51;54;44;32;57;60;54;47;;40;30;33;14;9;15;11;20;48;62;70;55;70;50;50;55;30;30;60;60;60;45;60;15;15;30;;;;;;31.00;31.00;0.00;100.00;31.00;31.00;2026-06-09;;;;;;;;;;;;;;;;;;;;;;;;;;;;;;
2065;Cajetan;Lenz;2006-06-16;19;190;;DM;Defensives Mittelfeld;DM;;;;;;VfL Bochum;20;VfL Bochum;10000000.00;60000.00;;none;;;0;;0;;;2000310893;80218;1047136;;68;80;57;68;74;;65;69;58;40;64;68;66;64;;57;42;44;12;5;14;13;5;59;80;60;75;60;65;60;65;40;35;60;65;65;60;75;40;40;40;;;;;;136.00;136.00;0.00;100.00;56.00;56.00;2026-06-09;;;;;;;;;;;;;;;;;;;;;;;;;;;;;;
2071;Callum;Marshall;2004-11-28;21;172;L;ST;Mittelstürmer;ST;;;;;;VfL Bochum;20;VfL Bochum;2000000.00;12000.00;;none;;;0;;0;;;2000010559;278101;953135;;66;75;67;88;72;;61;62;54;68;57;47;29;56;;57;34;62;10;11;5;10;12;58;72;60;80;45;60;60;55;45;55;55;50;45;55;80;40;40;60;;;;;;132.00;132.00;0.00;100.00;43.00;43.00;2026-06-09;;;;;;;;;;;;;;;;;;;;;;;;;;;;;;
2063;Leandro;Morgalla;2004-09-13;21;186;R;RV;Rechter Verteidiger;RV;;;;;;VfL Bochum;20;VfL Bochum;3000000.00;18000.00;;none;;;0;;0;;;2000100665;264377;786822;;68;77;73;75;73;;57;64;56;41;61;68;66;38;;33;29;42;12;15;6;12;12;58;67;80;65;65;60;55;60;55;30;60;65;60;50;60;40;30;35;;;;;;136.00;136.00;0.00;100.00;47.00;47.00;2026-06-09;;;;;;;;;;;;;;;;;;;;;;;;;;;;;;
2064;Oliver;Olsen;2000-08-13;25;190;B;RV;Rechter Verteidiger;RV;;;;;;VfL Bochum;20;VfL Bochum;1500000.00;9000.00;;none;;;0;;0;;;27134875;244471;400542;;71;75;77;84;74;;64;68;67;57;61;70;61;54;;60;41;45;5;13;5;9;6;58;63;65;70;55;50;45;55;60;20;60;65;55;45;50;25;25;25;;;;;;142.00;142.00;0.00;100.00;41.00;41.00;2026-06-09;;;;;;;;;;;;;;;;;;;;;;;;;;;;;;
2058;Hugo;Rölleke;2005-05-06;21;204;;TW;Torwart;TW;;;;;;VfL Bochum;20;VfL Bochum;50000.00;500.00;;none;;;0;;0;;;2000310892;71383;930004;;60;74;28;20;71;;8;20;12;9;13;12;8;21;;14;13;10;61;61;62;62;56;45;67;;;;;;;;;;;;;;;;;65;55;60;55;40;31.00;31.00;0.00;100.00;31.00;31.00;2026-06-09;;;;;;;;;;;;;;;;;;;;;;;;;;;;;;
2069;Romario;Rösch;1999-07-01;26;182;B;LM;Linkes Mittelfeld;LM;;;;;;VfL Bochum;20;VfL Bochum;400000.00;2400.00;;none;;;0;;0;;;91175152;244087;333464;;65;65;78;77;58;;68;64;59;58;47;56;55;57;;48;37;52;11;10;13;11;15;58;61;60;75;50;55;65;55;60;35;40;65;55;50;75;60;60;60;;;;;;34.00;34.00;0.00;100.00;34.00;34.00;2026-06-09;;;;;;;;;;;;;;;;;;;;;;;;;;;;;;
2072;Ibrahim;Sissoko;1995-11-27;30;192;R;ST;Mittelstürmer;ST;;;;;;VfL Bochum;20;VfL Bochum;600000.00;3600.00;;none;;;0;;0;;;50052996;244022;484888;;69;69;74;75;86;;64;62;40;70;70;24;41;56;;57;63;73;11;11;7;8;10;58;63;65;65;80;55;55;50;40;55;65;40;40;50;60;30;65;85;;;;;;139.00;139.00;0.00;100.00;34.00;34.00;2026-06-09;;;;;;;;;;;;;;;;;;;;;;;;;;;;;;
2066;Marcel;Sobottka;1994-04-25;32;185;R;DM;Defensives Mittelfeld;DM;;;;;;VfL Bochum;20;VfL Bochum;300000.00;1800.00;;none;;;0;;0;;;91137381;221753;119044;;68;68;55;73;73;;63;68;57;55;60;68;68;58;;46;44;45;14;13;11;7;13;58;65;60;75;65;55;50;65;40;40;55;60;65;60;80;30;30;40;;;;;;136.00;136.00;0.00;100.00;30.00;30.00;2026-06-09;;;;;;;;;;;;;;;;;;;;;;;;;;;;;;
2057;Niclas;Thiede;1999-04-14;27;186;B;TW;Torwart;TW;;;;;;VfL Bochum;20;VfL Bochum;350000.00;2100.00;;none;;;0;;0;;;92088004;251285;348778;;66;70;42;31;62;;14;24;13;8;13;10;18;31;;16;15;17;70;65;65;64;61;58;60;;;;;;;;;;;;;;;;;70;65;65;60;50;132.00;132.00;0.00;100.00;34.00;34.00;2026-06-09;;;;;;;;;;;;;;;;;;;;;;;;;;;;;;
2067;Kjell;Wätjen;2006-02-16;20;184;R;ZM;Zentrales Mittelfeld;ZM;;;;;;VfL Bochum;20;VfL Bochum;2500000.00;15000.00;;none;;;0;;0;;;2000229933;70728;884810;;67;78;73;68;53;;69;70;57;55;47;59;57;67;;61;43;49;8;13;9;11;7;56;73;70;70;50;60;65;65;55;50;55;55;45;55;80;55;50;60;;;;;;134.00;134.00;0.00;100.00;42.00;42.00;2026-06-09;;;;;;;;;;;;;;;;;;;;;;;;;;;;;;
2104;Emil;Gazdov;2003-09-11;22;194;R;TW;Torwart;TW;;;;;;FC St. Pauli;22;FC St. Pauli;175000.00;1050.00;;none;;;0;;0;;;2000018284;77620;790733;;62;71;41;36;64;;10;15;13;7;12;14;8;34;;14;11;18;65;60;60;64;58;45;;;;;;;;;;;;;;;;;;60;55;45;50;40;32.00;32.00;0.00;100.00;32.00;32.00;2026-06-09;;;;;;;;;;;;;;;;;;;;;;;;;;;;;;
2107;Louis;Oppie;2002-05-17;24;184;L;LV;Linker Verteidiger;LV;;;;;;FC St. Pauli;22;FC St. Pauli;2500000.00;15000.00;;none;;;0;;0;;;91204749;276610;605265;;70;75;82;88;78;;66;66;65;47;63;63;66;58;;73;67;41;11;11;13;10;8;61;68;65;75;65;65;55;60;65;40;55;60;55;60;60;70;75;60;;;;;;141.00;141.00;0.00;100.00;45.00;45.00;2026-06-09;;;;;;;;;;;;;;;;;;;;;;;;;;;;;;
2106;Jannik;Robatsch;2004-12-28;21;190;L;IV;Innenverteidiger;IV;;;;;;FC St. Pauli;22;FC St. Pauli;500000.00;3000.00;;none;;;0;;0;;;2000199797;276964;909860;;65;76;68;55;68;;36;61;30;28;68;67;65;52;;24;31;31;11;8;15;7;10;53;66;65;60;70;45;50;50;40;30;60;60;65;45;60;15;15;30;;;;;;35.00;35.00;0.00;100.00;35.00;35.00;2026-06-09;;;;;;;;;;;;;;;;;;;;;;;;;;;;;;
2103;Simon;Spari;2002-06-16;23;196;;TW;Torwart;TW;;;;;;FC St. Pauli;22;FC St. Pauli;350000.00;2100.00;;none;;;0;;0;;;16191386;73119;527597;;61;71;29;24;63;;5;25;10;8;11;10;6;35;;11;12;13;64;58;61;59;61;55;63;;;;;;;;;;;;;;;;;70;60;65;60;50;34.00;34.00;0.00;100.00;34.00;34.00;2026-06-09;;;;;;;;;;;;;;;;;;;;;;;;;;;;;;
2114;Andréas;Hountondji;2002-07-11;23;190;R;ST;Mittelstürmer;ST;;;;;;FC St. Pauli;22;FC St. Pauli;3000000.00;18000.00;;none;;;0;;0;;;49059805;261766;704155;;70;77;79;69;76;;73;63;58;72;70;22;16;62;;58;42;54;6;14;15;10;8;60;66;80;60;70;55;65;50;45;55;60;30;25;45;50;30;35;55;;;;;;141.00;141.00;0.00;100.00;47.00;47.00;2026-06-09;;;;;;;;;;;;;;;;;;;;;;;;;;;;;;
2115;Ricky-Jade;Jones;2002-11-08;23;183;R;ST;Mittelstürmer;ST;;;;;;FC St. Pauli;22;FC St. Pauli;1200000.00;7200.00;;none;;;0;;0;;;29236380;254482;677935;;68;72;95;64;69;;65;53;50;67;61;25;23;62;;62;43;59;8;7;14;10;8;59;64;95;55;55;50;50;40;40;40;55;30;25;40;40;30;30;60;;;;;;137.00;137.00;0.00;100.00;40.00;40.00;2026-06-09;;;;;;;;;;;;;;;;;;;;;;;;;;;;;;
2113;Martijn;Kaars;1999-03-05;27;183;R;ST;Mittelstürmer;ST;;;;;;FC St. Pauli;22;FC St. Pauli;3000000.00;18000.00;;none;;;0;;0;;;37063647;269264;377729;;72;73;86;94;66;;68;70;70;74;65;25;28;68;;70;58;63;9;7;13;10;6;62;64;75;80;55;55;55;55;55;65;55;40;40;55;80;60;60;60;;;;;;145.00;145.00;0.00;100.00;47.00;47.00;2026-06-09;;;;;;;;;;;;;;;;;;;;;;;;;;;;;;
2108;Arkadiusz;Pyrka;2002-09-20;23;177;R;RV;Rechter Verteidiger;RV;;;;;;FC St. Pauli;22;FC St. Pauli;3500000.00;21000.00;;none;;;0;;0;;;96143927;257886;599733;;70;76;85;79;59;;66;66;62;57;48;65;66;58;;51;42;54;15;14;10;9;12;60;66;75;65;55;60;65;55;60;35;35;55;50;50;60;55;50;40;;;;;;141.00;141.00;0.00;100.00;48.00;48.00;2026-06-09;;;;;;;;;;;;;;;;;;;;;;;;;;;;;;
2110;Mathias;Rasmussen;1997-11-25;28;180;L;ZM;Zentrales Mittelfeld;ZM;;;;;;FC St. Pauli;22;FC St. Pauli;2000000.00;12000.00;;none;;;0;;0;;;53110138;225266;268327;;73;73;70;82;64;;77;76;69;72;58;68;64;70;;66;63;52;15;15;14;12;14;60;63;60;75;55;60;60;65;60;40;60;65;60;65;80;60;60;60;;;;;;146.00;146.00;0.00;100.00;43.00;43.00;2026-06-09;;;;;;;;;;;;;;;;;;;;;;;;;;;;;;
1919;James;Sands;2000-07-06;25;186;R;DM;Defensives Mittelfeld;DM;;;Vereinigte Staaten;Vereinigte Staaten;;FC St. Pauli;22;FC St. Pauli;5000000.00;30000.00;;none;;;0;;0;;;72049289;242214;393321;;72;75;49;74;70;;65;69;46;55;74;73;71;64;;38;40;37;5;7;10;12;7;62;65;50;80;65;60;50;65;35;30;65;75;65;60;80;30;30;60;;;;;;143.00;143.00;0.00;100.00;52.00;52.00;2026-06-09;;;;;;;;;;;;;;;;;;;;;;;;;;;;;;
2111;Nick;Schmidt;2007-09-12;18;180;R;ZM;Zentrales Mittelfeld;ZM;;;;;;FC St. Pauli;22;FC St. Pauli;125000.00;750.00;;none;;;0;;0;;;2000330405;80734;1152232;;58;75;64;52;48;;65;66;42;35;49;58;56;61;;45;39;30;9;12;13;6;8;43;61;55;60;35;60;55;60;50;35;30;55;50;60;55;60;60;60;;;;;;30.00;30.00;0.00;100.00;30.00;30.00;2026-06-09;;;;;;;;;;;;;;;;;;;;;;;;;;;;;;
2116;Taichi;Hara;1999-05-05;27;191;R;ST;Mittelstürmer;ST;;;;;;FC St. Pauli;22;FC St. Pauli;1000000.00;6000.00;;none;;;0;;0;;;45107600;244089;495752;;68;69;69;70;80;;67;69;61;68;70;23;25;50;;43;46;64;10;5;14;13;7;61;70;65;65;70;65;55;55;50;55;70;30;25;60;65;30;40;65;;;;;;136.00;136.00;0.00;100.00;38.00;38.00;2026-06-09;;;;;;;;;;;;;;;;;;;;;;;;;;;;;;
2097;Alexander;Bernhardsson;1998-09-08;27;184;L;RF;Rechtsaußen;RF;;;;;;Holstein Kiel;21;Holstein Kiel;3000000.00;18000.00;;none;;;0;;0;;;93119080;255459;633454;;73;73;79;78;68;;76;67;61;74;64;51;45;71;;56;50;56;11;9;12;5;6;66;68;75;70;55;65;65;60;55;60;55;55;45;60;60;60;60;60;;;;;;146.00;146.00;0.00;100.00;47.00;47.00;2026-06-09;;;;;;;;;;;;;;;;;;;;;;;;;;;;;;
2088;Kasper;Davidsen;2005-01-25;21;193;R;DM;Defensives Mittelfeld;DM;;;;;;Holstein Kiel;21;Holstein Kiel;2500000.00;15000.00;;none;;;0;;0;;;2000111537;73125;802513;;67;79;63;74;74;;65;70;42;41;53;64;57;63;;39;38;34;6;5;15;14;8;58;73;65;85;60;60;50;60;45;30;55;70;60;55;65;55;50;60;;;;;;133.00;133.00;0.00;100.00;45.00;45.00;2026-06-09;;;;;;;;;;;;;;;;;;;;;;;;;;;;;;
2089;Jonas;Meffert;1994-09-04;31;186;R;DM;Defensives Mittelfeld;DM;;;;;;Holstein Kiel;21;Holstein Kiel;700000.00;4200.00;;none;;;0;;0;;;91108281;212321;107574;;71;71;49;77;75;;64;71;52;42;64;70;71;66;;49;40;51;8;13;8;15;12;62;65;55;80;70;65;55;75;40;30;60;65;70;65;80;30;30;35;;;;;;142.00;142.00;0.00;100.00;35.00;35.00;2026-06-09;;;;;;;;;;;;;;;;;;;;;;;;;;;;;;
2094;Niklas;Niehoff;2004-08-20;21;187;R;RM;Rechtes Mittelfeld;RM;;;;;;Holstein Kiel;21;Holstein Kiel;600000.00;3600.00;;none;;;0;;0;;;2000180947;276165;806073;;66;74;81;66;64;;69;64;63;61;54;57;50;64;;52;33;41;12;13;10;7;8;58;64;65;65;45;60;60;55;65;40;40;45;45;55;60;60;60;60;;;;;;133.00;133.00;0.00;100.00;36.00;36.00;2026-06-09;;;;;;;;;;;;;;;;;;;;;;;;;;;;;;
2092;Stefan;Schwab;1990-09-27;35;183;L;ZM;Zentrales Mittelfeld;ZM;;;;;;Holstein Kiel;21;Holstein Kiel;300000.00;1800.00;;none;;;0;;0;;;16015696;204688;79612;;70;70;47;57;75;;68;73;72;68;63;69;70;74;;72;71;73;6;10;15;13;16;58;63;50;70;65;65;55;70;55;50;75;60;60;65;80;60;60;85;;;;;;139.00;139.00;0.00;100.00;30.00;30.00;2026-06-09;;;;;;;;;;;;;;;;;;;;;;;;;;;;;;
2091;Ikem;Ugoh;2005-07-11;20;183;R;ZM;Zentrales Mittelfeld;ZM;;;;;;Holstein Kiel;21;Holstein Kiel;700000.00;4200.00;;none;;;0;;0;;;2000194940;84388;915433;;59;70;65;59;60;;57;64;42;33;51;60;60;56;;42;36;38;7;8;13;8;10;32;50;60;40;15;45;35;50;25;40;20;20;15;55;25;20;20;5;;;;;;34.00;34.00;0.00;100.00;34.00;34.00;2026-06-09;;;;;;;;;;;;;;;;;;;;;;;;;;;;;;
2061;Mikkel;Rakneberg;2002-02-28;24;187;L;LV;Linker Verteidiger;LV;;;;;;VfL Bochum;20;VfL Bochum;700000.00;4200.00;;none;;;0;;0;;;2000049276;268920;893930;;65;72;73;67;66;;62;62;62;52;59;64;63;56;;52;45;56;14;5;9;6;9;52;62;60;65;50;60;60;50;50;55;45;45;45;55;60;50;55;50;;;;;;37.00;37.00;0.00;100.00;37.00;37.00;2026-06-09;;;;;;;;;;;;;;;;;;;;;;;;;;;;;;
2059;Philipp;Strompf;1998-04-23;28;194;L;IV;Innenverteidiger;IV;;;;;;VfL Bochum;20;VfL Bochum;1000000.00;6000.00;;none;;;0;;0;;;92083951;264442;337031;;69;69;73;81;90;;38;58;29;33;74;70;64;35;;37;28;36;13;14;14;6;12;60;63;70;55;80;45;40;55;30;30;70;70;65;45;60;15;35;30;;;;;;139.00;139.00;0.00;100.00;38.00;38.00;2026-06-09;;;;;;;;;;;;;;;;;;;;;;;;;;;;;;
1878;Maximilian;Wittek;1995-08-21;30;173;L;LV;Linker Verteidiger;LV;;;Deutschland;Deutschland;;VfL Bochum;20;VfL Bochum;900000.00;5400.00;;none;;;0;;0;;;91124147;224423;196793;;72;72;77;79;69;;70;67;76;61;57;69;66;58;;75;75;52;7;12;15;13;12;62;64;70;65;55;65;55;55;70;40;50;60;60;60;75;70;75;55;;;;;;144.00;144.00;0.00;100.00;36.00;36.00;2026-06-09;;;;;;;;;;;;;;;;;;;;;;;;;;;;;;
2022;Daniel;Batz;1991-01-12;35;191;B;TW;Torwart;TW;;;;;;1. FSV Mainz 05;18;1. FSV Mainz 05;350000.00;2100.00;;none;;;0;;0;;;91004704;199803;90317;;72;72;33;29;61;;19;36;16;11;20;17;30;39;;10;10;23;75;68;74;70;64;64;65;;;;;;;;;;;;;;;;;80;65;70;60;60;144.00;144.00;0.00;100.00;30.00;30.00;2026-06-09;;;;;;;;;;;;;;;;;;;;;;;;;;;;;;
2029;Stefan;Bell;1991-08-24;34;192;R;IV;Innenverteidiger;IV;;;;;;1. FSV Mainz 05;18;1. FSV Mainz 05;600000.00;3600.00;;none;;;0;;0;;;91004660;198352;82350;;73;73;50;49;84;;46;57;43;31;80;76;77;47;;33;40;31;14;16;7;13;8;65;67;50;55;75;50;40;50;30;30;70;60;80;50;80;10;15;30;;;;;;146.00;146.00;0.00;100.00;30.00;30.00;2026-06-09;;;;;;;;;;;;;;;;;;;;;;;;;;;;;;
2024;Stefan;Posch;1997-05-14;29;188;R;IV;Innenverteidiger;IV;;;;;;1. FSV Mainz 05;18;1. FSV Mainz 05;6000000.00;36000.00;;none;;;0;;0;;;16147386;223671;223974;;78;78;78;70;75;;65;74;73;52;79;80;79;55;;65;45;38;8;8;6;6;7;68;72;70;75;70;60;60;70;55;40;70;75;65;65;80;40;40;60;;;;;;156.00;156.00;0.00;100.00;52.00;52.00;2026-06-09;;;;;;;;;;;;;;;;;;;;;;;;;;;;;;
2009;Nico;Elvedi;1996-09-30;29;189;R;IV;Innenverteidiger;IV;;;;;;Borussia Mönchengladbach;13;Borussia Mönchengladbach;8000000.00;48000.00;;none;;;0;;0;;;98033057;221491;192635;;76;76;71;70;79;;59;67;65;30;75;78;78;60;;45;29;37;9;15;9;12;10;68;70;70;70;70;60;45;70;40;30;70;65;70;60;80;20;20;35;;;;;;152.00;152.00;0.00;100.00;55.00;55.00;2026-06-09;;;;;;;;;;;;;;;;;;;;;;;;;;;;;;
1556;Alejandro;Grimaldo;1995-09-20;30;171;L;LV;Linker Verteidiger;LV;;;Spanien;Spanien;;Bayer 04 Leverkusen;8;Bayer 04 Leverkusen;20000000.00;120000.00;;none;;;0;;0;;;67153376;210035;193082;;85;85;68;91;53;;84;86;91;73;62;75;76;85;;89;92;64;13;13;7;7;10;81;81;65;80;50;85;75;80;85;65;40;55;55;80;75;85;99;70;;;;;;168.00;168.00;0.00;100.00;65.00;65.00;2026-06-09;;;;;;;;;;;;;;;;;;;;;;;;;;;;;;
2109;Joel Chima;Fujita;2002-02-16;24;175;R;ZM;Zentrales Mittelfeld;ZM;;;;;;FC St. Pauli;22;FC St. Pauli;10000000.00;60000.00;;none;;;0;;0;;;45117151;260464;697277;;72;77;59;79;69;;75;78;44;55;50;62;62;77;;62;53;51;14;8;12;7;15;64;71;60;70;60;60;70;65;45;35;35;75;65;65;80;40;30;40;;;;;;145.00;145.00;0.00;100.00;59.00;59.00;2026-06-09;;;;;;;;;;;;;;;;;;;;;;;;;;;;;;
1917;Manolis;Saliakas;1996-09-12;29;177;R;RV;Rechter Verteidiger;RV;;;Griechenland;Griechenland;;FC St. Pauli;22;FC St. Pauli;2000000.00;12000.00;;none;;;0;;0;;;36081836;222542;242661;;72;72;62;83;61;;70;73;76;58;44;66;64;57;;69;68;50;13;8;15;14;12;62;63;60;75;60;60;55;60;75;40;40;60;60;60;60;65;65;50;;;;;;143.00;143.00;0.00;100.00;41.00;41.00;2026-06-09;;;;;;;;;;;;;;;;;;;;;;;;;;;;;;
1591;Ridle;Baku;1998-04-08;28;176;R;RV;Rechter Verteidiger;RV;;;Deutschland, DR Kongo;;;RB Leipzig;9;RB Leipzig;12000000.00;72000.00;;none;;;0;;0;;;92079338;240709;327251;;79;79;78;83;74;;82;77;78;71;50;79;77;76;;79;48;60;9;8;12;10;7;73;74;75;80;55;60;65;60;60;50;40;60;55;60;75;55;55;55;;;;;;158.00;158.00;0.00;100.00;61.00;61.00;2026-06-09;;;;;;;;;;;;;;;;;;;;;;;;;;;;;;
1602;Christoph;Baumgartner;1999-08-01;26;180;R;OM;Offensives Mittelfeld;OM;;;Österreich;Österreich;;RB Leipzig;9;RB Leipzig;40000000.00;240000.00;;none;;;0;;0;;;16184707;242187;324278;;81;83;68;76;55;;81;81;67;84;75;58;38;80;;70;52;62;11;11;10;14;9;74;75;65;75;60;70;70;65;60;70;75;60;55;70;80;60;60;70;;;;;;161.00;161.00;0.00;100.00;76.00;76.00;2026-06-09;;;;;;;;;;;;;;;;;;;;;;;;;;;;;;
1792;Olivier;Deman;2000-04-06;26;181;L;LV;Linker Verteidiger;LV;;;Belgien;Belgien;;SV Werder Bremen;16;SV Werder Bremen;3500000.00;21000.00;;none;;;0;;0;;;18096737;247771;621802;;71;74;57;84;66;;71;70;72;61;68;64;65;71;;63;58;45;13;15;10;10;5;63;68;75;80;55;55;55;50;60;35;55;65;55;50;75;55;55;50;;;;;;141.00;141.00;0.00;100.00;48.00;48.00;2026-06-09;;;;;;;;;;;;;;;;;;;;;;;;;;;;;;
2018;Salim;Musah;2006-02-22;20;198;R;ST;Mittelstürmer;ST;;;;;;SV Werder Bremen;16;SV Werder Bremen;2000000.00;12000.00;;none;;;0;;0;;;2000257675;79455;1042472;;61;77;68;60;69;;61;51;40;62;63;23;18;51;;57;45;64;7;9;6;14;13;48;55;60;55;60;60;65;55;40;60;55;20;20;45;60;15;30;70;;;;;;40.00;40.00;0.00;100.00;40.00;40.00;2026-06-09;;;;;;;;;;;;;;;;;;;;;;;;;;;;;;
2012;Maximilian;Wöber;1998-02-04;28;188;L;IV;Innenverteidiger;IV;;;;;;SV Werder Bremen;16;SV Werder Bremen;3000000.00;18000.00;;none;;;0;;0;;;16147700;231838;263361;;74;75;65;62;77;;63;71;63;41;75;75;73;60;;65;69;58;8;13;13;14;14;65;71;65;65;70;60;55;65;55;30;65;70;70;60;80;30;65;60;;;;;;148.00;148.00;0.00;100.00;47.00;47.00;2026-06-09;;;;;;;;;;;;;;;;;;;;;;;;;;;;;;
1638;Jean-Mattéo;Bahoya;2005-05-07;21;180;R;LF;Linksaußen;LF;;;Frankreich, Kamerun;;;Eintracht Frankfurt;10;Eintracht Frankfurt;25000000.00;150000.00;;none;;;0;;0;;;2000113245;269728;939964;;75;85;97;66;60;;78;65;72;73;45;52;44;73;;68;51;62;5;11;15;12;13;65;77;90;65;45;65;75;55;60;50;40;40;35;50;60;60;50;60;;;;;;151.00;151.00;0.00;100.00;70.00;70.00;2026-06-09;;;;;;;;;;;;;;;;;;;;;;;;;;;;;;
2006;Younes;Ebnoutalib;2003-09-13;22;191;R;ST;Mittelstürmer;ST;;;;;;Eintracht Frankfurt;10;Eintracht Frankfurt;8000000.00;48000.00;;none;;;0;;0;;;2000233765;76282;692368;;70;78;77;69;75;;69;58;38;72;67;24;19;59;;54;50;62;8;10;15;11;8;63;73;75;70;75;70;65;55;40;70;65;25;20;50;55;30;40;65;;;;;;140.00;140.00;0.00;100.00;57.00;57.00;2026-06-09;;;;;;;;;;;;;;;;;;;;;;;;;;;;;;
3673;Jan-Niklas;Beste;1999-01-04;27;175;L;RM;Rechtsaußen;RF;;;Germany;Deutschland;19;SC Freiburg;12;SC Freiburg;8000000.00;0.00;2029-06-01;none;;;0;;0;;;91151058;240451;342967;;76;76;77;76;55;;77;75;82;65;41;61;62;74;;86;84;58;8;8;13;14;7;68;70;70;65;45;60;60;60;80;50;30;60;45;65;65;95;90;70;;;;;;106.00;106.00;0.00;100.00;106.00;106.00;2026-06-09;;;;;;;;;;;;;;;;;;;;;;;;;;;;;;
4131;Haris;Tabaković;1994-06-20;31;194;R;ST;Mittelstürmer;ST;;;Bosnia and Herzegovina;;15;TSG 1899 Hoffenheim;14;Borussia Mönchengladbach;4800000.00;0.00;2026-06-30;none;;;0;;0;;;98029083;212002;203123;;75;75;69;78;87;;67;64;38;81;83;18;32;60;;39;42;67;9;16;11;9;6;68;70;65;70;80;55;50;55;40;75;80;35;35;55;65;15;40;75;;;;;;105.00;105.00;0.00;100.00;105.00;105.00;2026-06-09;;;;;;;;;;;;;;;;;;;;;;;;;;;;;;
4328;Igor;Matanović;2003-03-31;23;194;R;ST;Mittelstürmer;ST;;;Croatia;;31;SC Freiburg;12;SC Freiburg;6000000.00;0.00;2029-06-01;none;;;0;;0;;;2000072022;259750;605268;;74;78;68;61;84;;69;67;38;78;79;24;34;59;;45;39;60;14;8;13;10;8;64;73;65;65;75;65;65;55;40;70;65;30;30;50;60;30;60;65;;;;;;103.00;103.00;0.00;100.00;103.00;103.00;2026-06-09;;;;;;;;;;;;;;;;;;;;;;;;;;;;;;
6700;Jovan;Milošević;2005-07-31;20;190;R;ST;Mittelstürmer;ST;;;Serbia;;19;VfB Stuttgart;11;SV Werder Bremen;3500000.00;0.00;2026-06-30;none;;;0;;0;;;2000178782;276304;943795;;70;80;54;58;76;;69;60;44;75;72;29;30;60;;58;58;68;11;11;6;8;10;58;65;65;60;65;60;60;55;40;65;60;35;35;55;55;30;65;80;;;;;;97.00;97.00;0.00;100.00;97.00;97.00;2026-06-09;;;;;;;;;;;;;;;;;;;;;;;;;;;;;;
